cce_id,crop,data_collection_year,country,q_wet_harvest_photo,q_harvest_bags_photo,q_box1_threshed_photo,q_box2_threshed_photo,q_field_photo,latitude,longitude,box1_wet_weight_confirmation,q_box1_wet_weight_photo,box2_wet_weight_confirmation,q_box2_wet_weight_photo,box1_dry_weight_confirmation,q_box1_dry_weight_photo,box2_dry_weight_confirmation,q_box2_dry_weight_photo,box1_into_mt_ha,box2_into_mt_ha,Box used,Avg_yield_mt_ha,Comments,zone,fold,lat_norm,lon_norm,pred_fold0,pred_fold1,pred_fold2,pred_fold3,pred_fold4
0010089a-0fdb-44c9-b57f-d11058ae609a,Rice,2022.0,Nigeria,https://mavuno-files.s3-eu-west-1.amazonaws.com/survey-images/d1a20e33-b5e8-49b4-8675-558f82c40aef/q_wet_harvest_photo/JPEG_20221021_143741_6742691543073926891.jpg,https://mavuno-files.s3-eu-west-1.amazonaws.com/survey-images/d1a20e33-b5e8-49b4-8675-558f82c40aef/q_harvest_bags_photo/JPEG_20221021_143801_3941073788538118297.jpg,,,https://mavuno-files.s3-eu-west-1.amazonaws.com/survey-images/4e77ddc1-f430-4155-80e3-05461c53b1c2/q_field_photo/JPEG_20221021_111844_4287313948334934066.jpg,10.9054392,10.09765964,15.54,https://mavuno-files.s3-eu-west-1.amazonaws.com/survey-images/d1a20e33-b5e8-49b4-8675-558f82c40aef/q_box1_wet_weight_photo/JPEG_20221021_143416_2050645049222322906.jpg,14.7,https://mavuno-files.s3-eu-west-1.amazonaws.com/survey-images/d1a20e33-b5e8-49b4-8675-558f82c40aef/q_box2_wet_weight_photo/JPEG_20221021_143617_7773575698380672300.jpg,12.29,https://mavuno-files.s3-eu-west-1.amazonaws.com/survey-images/a61e2551-a3de-4b81-a781-c4eb0f5fed1b/q_box1_dry_weight_photo/JPEG_20221106_090408_5455260834980019166.jpg,11.38,https://mavuno-files.s3-eu-west-1.amazonaws.com/survey-images/a61e2551-a3de-4b81-a781-c4eb0f5fed1b/q_box2_dry_weight_photo/JPEG_20221106_090556_6738836221480504276.jpg,3.0725,2.845,used box 1 and 9,2.95875,have average yields,2022.0_179_Client_K,3,0.2289829040433735,0.5523649456225278,,,,3.2953569889068604,
00225679-aba2-454f-a6b5-8781af95688e,Rice,2022.0,Nigeria,https://mavuno-files.s3-eu-west-1.amazonaws.com/survey-images/0987bd00-28f4-40cc-8d25-2541e9e2bd2d/q_wet_harvest_photo/JPEG_20221031_140807_1904409463201973617.jpg,https://mavuno-files.s3-eu-west-1.amazonaws.com/survey-images/0987bd00-28f4-40cc-8d25-2541e9e2bd2d/q_harvest_bags_photo/JPEG_20221031_140852_4431903096688406363.jpg,,,https://mavuno-files.s3-eu-west-1.amazonaws.com/survey-images/4d1a821e-2ca5-4b26-9a0f-07100f18376e/q_field_photo/JPEG_20221031_134404_5098766275353883716.jpg,9.22632,12.5064632,0.0,,0.0,,0.0,,0.0,,0.0,0.0,used box 1 and 16,0.0,have average yields,2022.0_28_Client_S,1,-0.7061343602864343,2.059175476864936,,0.5564261078834534,,,
005b83ed-05a6-4981-97b6-b76ca5d314ae,Rice,2022.0,Nigeria,https://mavuno-files.s3-eu-west-1.amazonaws.com/survey-images/709d32cd-d2e3-45a9-9d38-5d02a91d1c21/q_wet_harvest_photo/JPEG_20221019_084350_2065381573.jpg,https://mavuno-files.s3-eu-west-1.amazonaws.com/survey-images/709d32cd-d2e3-45a9-9d38-5d02a91d1c21/q_harvest_bags_photo/JPEG_20221019_084424_2107987943.jpg,,,https://mavuno-files.s3-eu-west-1.amazonaws.com/survey-images/714ce567-fc18-471c-b321-8a34c9f068de/q_field_photo/JPEG_20221019_071020_2814037451084338445.jpg,11.88825859,9.978652373,15.19,https://mavuno-files.s3-eu-west-1.amazonaws.com/survey-images/709d32cd-d2e3-45a9-9d38-5d02a91d1c21/q_box1_wet_weight_photo/JPEG_20221019_084153_895881118.jpg,14.26,https://mavuno-files.s3-eu-west-1.amazonaws.com/survey-images/709d32cd-d2e3-45a9-9d38-5d02a91d1c21/q_box2_wet_weight_photo/JPEG_20221019_084300_19653413.jpg,12.31,https://mavuno-files.s3-eu-west-1.amazonaws.com/survey-images/0d678637-35c9-4818-83bb-76bff4b5309a/q_box1_dry_weight_photo/JPEG_20221204_133209_1271467288.jpg,11.57,https://mavuno-files.s3-eu-west-1.amazonaws.com/survey-images/0d678637-35c9-4818-83bb-76bff4b5309a/q_box2_dry_weight_photo/JPEG_20221204_133320_189865544.jpg,3.0775,2.8925,used box 1 and 46,2.985,have average yields,2022.0_113_Client_K,2,0.7763242597417002,0.4779207666999518,,,2.903825283050537,,
01195c65-ac34-4072-be61-cb519a4841c3,Rice,2022.0,Nigeria,https://mavuno-files.s3-eu-west-1.amazonaws.com/survey-images/57747589-5f79-4f3a-b760-628d083e4678/q_wet_harvest_photo/JPEG_20221022_133624_5837631553502370120.jpg,https://mavuno-files.s3-eu-west-1.amazonaws.com/survey-images/57747589-5f79-4f3a-b760-628d083e4678/q_harvest_bags_photo/JPEG_20221022_133640_3234587404055590353.jpg,,,https://mavuno-files.s3-eu-west-1.amazonaws.com/survey-images/fd1ea713-51de-421a-bc70-4195784c62f4/q_field_photo/JPEG_20221022_122030_2632633497776823871.jpg,10.91352805,10.18489212,16.23,https://mavuno-files.s3-eu-west-1.amazonaws.com/survey-images/57747589-5f79-4f3a-b760-628d083e4678/q_box1_wet_weight_photo/JPEG_20221022_133336_302171647512636950.jpg,15.49,https://mavuno-files.s3-eu-west-1.amazonaws.com/survey-images/57747589-5f79-4f3a-b760-628d083e4678/q_box2_wet_weight_photo/JPEG_20221022_133455_2907158917533937570.jpg,13.39,https://mavuno-files.s3-eu-west-1.amazonaws.com/survey-images/70a419f6-fe32-4464-9e21-67e1e5fc5893/q_box1_dry_weight_photo/JPEG_20221107_144945_147901482160598593.jpg,12.58,https://mavuno-files.s3-eu-west-1.amazonaws.com/survey-images/70a419f6-fe32-4464-9e21-67e1e5fc5893/q_box2_dry_weight_photo/JPEG_20221107_145043_1301027606420871523.jpg,3.3475,3.145,used box 1 and 156,3.24625,have average yields,2022.0_179_Client_K,2,0.2334876606345519,0.6069326246616579,,,2.289225578308105,,
01398d81-2725-45f2-a368-6c3bd1fb05c2,Rice,2022.0,Nigeria,,,,,https://mavuno-files.s3-eu-west-1.amazonaws.com/survey-images/63e33333-d15a-4170-984b-ef99374bd591/q_field_photo/JPEG_20220829_155045_217952990390501364.jpg,6.4511022,8.5076473,0.0,,0.0,,0.0,,0.0,,0.0,0.0,used box 1 and 175,0.0,have average yields,2022.0_98_Client_AY,2,-2.25167923706194,-0.4422563587055771,,,0.071137823164463,,
017b7230-7a4c-46e6-9a8e-ff2bb2b3c26f,Rice,2022.0,Nigeria,https://mavuno-files.s3-eu-west-1.amazonaws.com/survey-images/26f9c44c-92b5-43eb-9a20-0a7b9fa3b0f0/q_wet_harvest_photo/JPEG_20221021_173303_5095396900519968527.jpg,https://mavuno-files.s3-eu-west-1.amazonaws.com/survey-images/26f9c44c-92b5-43eb-9a20-0a7b9fa3b0f0/q_harvest_bags_photo/JPEG_20221021_173322_5648124404689648830.jpg,,,https://mavuno-files.s3-eu-west-1.amazonaws.com/survey-images/dc71ff7e-8b00-45e4-b2cd-211cefc87582/q_field_photo/JPEG_20221021_161422_1106157935760402377.jpg,10.88932469,10.04228577,15.28,https://mavuno-files.s3-eu-west-1.amazonaws.com/survey-images/26f9c44c-92b5-43eb-9a20-0a7b9fa3b0f0/q_box1_wet_weight_photo/JPEG_20221021_173036_128467447267636849.jpg,14.88,https://mavuno-files.s3-eu-west-1.amazonaws.com/survey-images/26f9c44c-92b5-43eb-9a20-0a7b9fa3b0f0/q_box2_wet_weight_photo/JPEG_20221021_173152_4713555677432055675.jpg,12.5,https://mavuno-files.s3-eu-west-1.amazonaws.com/survey-images/bb2ce90c-6a6c-4831-a76f-c814331d459f/q_box1_dry_weight_photo/JPEG_20221107_092520_6774931377087339698.jpg,11.54,https://mavuno-files.s3-eu-west-1.amazonaws.com/survey-images/bb2ce90c-6a6c-4831-a76f-c814331d459f/q_box2_dry_weight_photo/JPEG_20221107_092624_2083477827677074790.jpg,3.125,2.885,used box 1 and 221,3.005,have average yields,2022.0_179_Client_K,1,0.2200085819659326,0.5177262013690742,,2.96508264541626,,,
01f3366d-111b-4ffc-b2a2-cb42da88dd81,Rice,2022.0,Nigeria,,,,,https://mavuno-files.s3-eu-west-1.amazonaws.com/survey-images/97d62486-a6ab-4031-91d7-7e54b1aa862f/q_field_photo/JPEG_20221012_122844_2053597391021510879.jpg,7.8168767,8.7559117,0.0,,0.0,,0.0,https://mavuno-files.s3-eu-west-1.amazonaws.com/survey-images/4d4d0cf1-6b20-44a5-a18e-b93fbc61174f/q_box1_dry_weight_photo/JPEG_20221201_102210_9137260311983388980.jpg,0.0,https://mavuno-files.s3-eu-west-1.amazonaws.com/survey-images/4d4d0cf1-6b20-44a5-a18e-b93fbc61174f/q_box2_dry_weight_photo/JPEG_20221201_102247_6051964964510751308.jpg,0.0,0.0,used box 1 and 284,0.0,have average yields,2022.0_102_Client_AU,1,-1.491066581253222,-0.2869562675463887,,0.0377543196082115,,,
02c0f139-013e-4e1e-9833-6d3ea9b94c57,Rice,2022.0,Nigeria,https://mavuno-files.s3-eu-west-1.amazonaws.com/survey-images/dda88992-6ef2-4945-af01-dcbd698fb99d/q_wet_harvest_photo/JPEG_20221130_124006_5537327531936771260.jpg,https://mavuno-files.s3-eu-west-1.amazonaws.com/survey-images/dda88992-6ef2-4945-af01-dcbd698fb99d/q_harvest_bags_photo/JPEG_20221130_124016_4519476215865283624.jpg,,,https://mavuno-files.s3-eu-west-1.amazonaws.com/survey-images/3fc9b692-8b97-4658-b3a3-a54e920f39b8/q_field_photo/JPEG_20221130_111034_8422837566642050772.jpg,10.524655,5.4741078,6.86,https://mavuno-files.s3-eu-west-1.amazonaws.com/survey-images/dda88992-6ef2-4945-af01-dcbd698fb99d/q_box1_wet_weight_photo/JPEG_20221130_123714_5427420579477203474.jpg,8.605,https://mavuno-files.s3-eu-west-1.amazonaws.com/survey-images/dda88992-6ef2-4945-af01-dcbd698fb99d/q_box2_wet_weight_photo/JPEG_20221130_123843_3496110491008871992.jpg,5.39,https://mavuno-files.s3-eu-west-1.amazonaws.com/survey-images/0de1c134-8dc3-4b97-a513-39b06ffa1c3a/q_box1_dry_weight_photo/JPEG_20221207_182253_6314358531436961516.jpg,6.06,https://mavuno-files.s3-eu-west-1.amazonaws.com/survey-images/0de1c134-8dc3-4b97-a513-39b06ffa1c3a/q_box2_dry_weight_photo/JPEG_20221207_182339_1847631410291771387.jpg,1.3475,1.515,used box 1 and 388,1.43125,have average yields,2022.0_85_Client_P,1,0.016920604116117,-2.339866168589712,,1.519595980644226,,,
031ffe90-9f29-4e03-8f3e-a6cee6c7cacb,Rice,2022.0,Nigeria,https://mavuno-files.s3-eu-west-1.amazonaws.com/survey-images/09ed2c9d-1e12-47b2-8206-bb31ac15a9eb/q_wet_harvest_photo/JPEG_20221117_112941_1113600824.jpg,https://mavuno-files.s3-eu-west-1.amazonaws.com/survey-images/09ed2c9d-1e12-47b2-8206-bb31ac15a9eb/q_harvest_bags_photo/JPEG_20221117_113007_1558691030.jpg,,,https://mavuno-files.s3-eu-west-1.amazonaws.com/survey-images/212273f7-fcb9-4ec7-aafa-622b528768ce/q_field_photo/JPEG_20221116_121444_851714500.jpg,12.6309537,10.3628481,2.145,https://mavuno-files.s3-eu-west-1.amazonaws.com/survey-images/09ed2c9d-1e12-47b2-8206-bb31ac15a9eb/q_box1_wet_weight_photo/JPEG_20221117_112416_1108151031.jpg,2.06,https://mavuno-files.s3-eu-west-1.amazonaws.com/survey-images/09ed2c9d-1e12-47b2-8206-bb31ac15a9eb/q_box2_wet_weight_photo/JPEG_20221117_112715_412004596.jpg,2.12,https://mavuno-files.s3-eu-west-1.amazonaws.com/survey-images/d3d5f5c8-f860-4a0f-8324-d1b4c7aacff0/q_box1_dry_weight_photo/JPEG_20221216_175302_195019298.jpg,1.99,https://mavuno-files.s3-eu-west-1.amazonaws.com/survey-images/d3d5f5c8-f860-4a0f-8324-d1b4c7aacff0/q_box2_dry_weight_photo/JPEG_20221216_175741_1247265349.jpg,0.53,0.4975,used box 1 and 450,0.51375,have average yields,2022.0_105_Client_BN,2,1.1899381470073125,0.7182517663361094,,,1.647729754447937,,
0419571d-42ab-45ad-a897-909443627e96,Rice,2022.0,Nigeria,https://mavuno-files.s3-eu-west-1.amazonaws.com/survey-images/9636f48a-040f-483e-a5a4-e7bf62afed44/q_wet_harvest_photo/JPEG_20221126_172703_6008101786717248856.jpg,https://mavuno-files.s3-eu-west-1.amazonaws.com/survey-images/9636f48a-040f-483e-a5a4-e7bf62afed44/q_harvest_bags_photo/JPEG_20221126_172712_4311775957698685172.jpg,,,https://mavuno-files.s3-eu-west-1.amazonaws.com/survey-images/1cf14cbb-dd15-4880-8fcc-e707f4bc675b/q_field_photo/JPEG_20221028_093144_220754141904947705.jpg,7.7275504,9.3180603,0.0,,0.0,,0.0,,0.0,,0.0,0.0,used box 1 and 598,0.0,have average yields,2022.0_5_Client_AU,3,-1.5408132372909251,0.0646919302016984,,,,0.558181643486023,
042c5929-8ced-49a7-890b-838d4e099500,Rice,2022.0,Nigeria,,,,,https://mavuno-files.s3-eu-west-1.amazonaws.com/survey-images/c123a862-2d3c-4a43-a321-c721811cbce9/q_field_photo/JPEG_20220829_143902_4653968311604816043.jpg,6.4510292,8.5075482,0.0,,0.0,,0.0,,0.0,,0.0,0.0,used box 1 and 607,0.0,have average yields,2022.0_98_Client_AY,3,-2.251719891448059,-0.4423183500302852,,,,1.2709858417510986,
04775993-31ac-492c-a0c9-bf0f23dc5982,Rice,2022.0,Nigeria,,,,,https://mavuno-files.s3-eu-west-1.amazonaws.com/survey-images/e4aba3e5-bd0c-4202-87f0-893547c257be/q_field_photo/JPEG_20221020_124424_1952001451191796812.jpg,11.11236132,9.296666868,17.34,,18.09,,12.19,https://mavuno-files.s3-eu-west-1.amazonaws.com/survey-images/78be7684-b07a-4709-91e0-9e0be751d40e/q_box1_dry_weight_photo/JPEG_20221205_161505_7551645326956064703.jpg,13.28,https://mavuno-files.s3-eu-west-1.amazonaws.com/survey-images/78be7684-b07a-4709-91e0-9e0be751d40e/q_box2_dry_weight_photo/JPEG_20221205_161622_272523911268630499.jpg,3.0475,3.32,used box 1 and 654,3.18375,have average yields,2022.0_197_Client_K,1,0.3442197775087737,0.051309415673607,,3.3507025241851807,,,
05210367-2a23-4af8-b758-c68f8d09f1a4,Rice,2022.0,Nigeria,,,,,https://mavuno-files.s3-eu-west-1.amazonaws.com/survey-images/305404e8-e890-4382-afac-02193c8e4dd0/q_field_photo/JPEG_20221019_112938_1266277507.jpg,12.6413985,10.3110143,9.485,,11.98,,9.395,,11.74,,2.34875,2.935,used box 1 and 750,2.641875,have average yields,2022.0_105_Client_BS,4,1.1957549542967962,0.6858274885696345,,,,,2.2264935970306396
05799bb7-91b2-4e07-b904-7b86a83392f1,Rice,2022.0,Nigeria,https://mavuno-files.s3-eu-west-1.amazonaws.com/survey-images/5787fb84-74a3-4a35-824e-5e15a88a9e72/q_wet_harvest_photo/JPEG_20221207_164747_9016694615308533588.jpg,https://mavuno-files.s3-eu-west-1.amazonaws.com/survey-images/5787fb84-74a3-4a35-824e-5e15a88a9e72/q_harvest_bags_photo/JPEG_20221207_164831_8172144031054026063.jpg,,,https://mavuno-files.s3-eu-west-1.amazonaws.com/survey-images/dab7bd0d-1be9-4600-b4c9-d2057302b3c8/q_field_photo/JPEG_20221124_113323_3303003721714912777.jpg,8.5858683,8.822535,8.915,https://mavuno-files.s3-eu-west-1.amazonaws.com/survey-images/5787fb84-74a3-4a35-824e-5e15a88a9e72/q_box1_wet_weight_photo/JPEG_20221207_164457_1373314727444714195.jpg,6.935,https://mavuno-files.s3-eu-west-1.amazonaws.com/survey-images/5787fb84-74a3-4a35-824e-5e15a88a9e72/q_box2_wet_weight_photo/JPEG_20221207_164707_3925044631142201059.jpg,6.11,https://mavuno-files.s3-eu-west-1.amazonaws.com/survey-images/9f9686d7-d4dc-4ccc-8792-42c439fbe39e/q_box1_dry_weight_photo/JPEG_20221207_165130_626291325237027668.jpg,4.88,https://mavuno-files.s3-eu-west-1.amazonaws.com/survey-images/9f9686d7-d4dc-4ccc-8792-42c439fbe39e/q_box2_dry_weight_photo/JPEG_20221207_165226_8400681832193724729.jpg,1.5275,1.22,used box 1 and 798,1.37375,have average yields,2022.0_169_Client_AU,0,-1.0628079315489,-0.2452805195804059,1.6844366788864136,,,,
05b56ada-0144-4ab8-828f-10773abfcd9d,Rice,2022.0,Nigeria,https://mavuno-files.s3-eu-west-1.amazonaws.com/survey-images/5bbe1761-5758-4a50-be6c-637a3b0538c1/q_wet_harvest_photo/JPEG_20221031_141708_7168595610373632101.jpg,https://mavuno-files.s3-eu-west-1.amazonaws.com/survey-images/5bbe1761-5758-4a50-be6c-637a3b0538c1/q_harvest_bags_photo/JPEG_20221031_141824_6871971815919808226.jpg,,,https://mavuno-files.s3-eu-west-1.amazonaws.com/survey-images/df7f016a-9db0-401e-bed8-fad52ddc93b5/q_field_photo/JPEG_20221027_103110_2223156215092883737.jpg,8.5616686,8.5957945,6.74,https://mavuno-files.s3-eu-west-1.amazonaws.com/survey-images/5bbe1761-5758-4a50-be6c-637a3b0538c1/q_box1_wet_weight_photo/JPEG_20221031_140735_5584659178592968366.jpg,7.24,https://mavuno-files.s3-eu-west-1.amazonaws.com/survey-images/5bbe1761-5758-4a50-be6c-637a3b0538c1/q_box2_wet_weight_photo/JPEG_20221031_141020_2688174340145242449.jpg,3.28,https://mavuno-files.s3-eu-west-1.amazonaws.com/survey-images/d58d90f7-0195-419c-8f3d-413636ecbb63/q_box1_dry_weight_photo/JPEG_20221103_103613_6503993597861012594.jpg,1.82,https://mavuno-files.s3-eu-west-1.amazonaws.com/survey-images/d58d90f7-0195-419c-8f3d-413636ecbb63/q_box2_dry_weight_photo/JPEG_20221103_103922_4962903630408407315.jpg,0.82,0.455,used box 1 and 835,0.6375,have average yields,2022.0_169_Client_AU,0,-1.076284971929119,-0.3871164828497267,0.6231108903884888,,,,
05b8360d-762c-451b-88e0-de6d090a54f6,Rice,2022.0,Nigeria,https://mavuno-files.s3-eu-west-1.amazonaws.com/survey-images/f39e3212-5527-4db9-a7ac-ac8bbf1b89bf/q_wet_harvest_photo/JPEG_20221120_105056_8547798960294659804.jpg,https://mavuno-files.s3-eu-west-1.amazonaws.com/survey-images/f39e3212-5527-4db9-a7ac-ac8bbf1b89bf/q_harvest_bags_photo/JPEG_20221120_105206_7312221037897475126.jpg,,,https://mavuno-files.s3-eu-west-1.amazonaws.com/survey-images/3388802c-a38e-4d7c-bfa1-bcc2dbe5466f/q_field_photo/JPEG_20221113_094604_1054800282298306429.jpg,9.8359783,6.7079133,8.21,https://mavuno-files.s3-eu-west-1.amazonaws.com/survey-images/f39e3212-5527-4db9-a7ac-ac8bbf1b89bf/q_box1_wet_weight_photo/JPEG_20221120_104822_748558880644669389.jpg,7.98,https://mavuno-files.s3-eu-west-1.amazonaws.com/survey-images/f39e3212-5527-4db9-a7ac-ac8bbf1b89bf/q_box2_wet_weight_photo/JPEG_20221120_104945_250450081467608105.jpg,6.47,https://mavuno-files.s3-eu-west-1.amazonaws.com/survey-images/d2ca847d-2418-42fc-9904-5b294b03b6f9/q_box1_dry_weight_photo/JPEG_20221120_105927_7537003991263232463.jpg,6.025,https://mavuno-files.s3-eu-west-1.amazonaws.com/survey-images/d2ca847d-2418-42fc-9904-5b294b03b6f9/q_box2_dry_weight_photo/JPEG_20221120_110051_2627205299076841621.jpg,1.6175,1.50625,used box 1 and 837,1.561875,have average yields,2022.0_17_Client_P,4,-0.3666099229076214,-1.568067607770247,,,,,2.148826837539673
05e5e6a1-26c6-436d-8955-e23ac87d5edb,Rice,2022.0,Nigeria,https://mavuno-files.s3-eu-west-1.amazonaws.com/survey-images/96bf8243-f7fe-4428-8ce7-7677e39c7dfa/q_wet_harvest_photo/JPEG_20221111_165549_7484272351829170388.jpg,https://mavuno-files.s3-eu-west-1.amazonaws.com/survey-images/96bf8243-f7fe-4428-8ce7-7677e39c7dfa/q_harvest_bags_photo/JPEG_20221111_165643_1673703302211530003.jpg,,,https://mavuno-files.s3-eu-west-1.amazonaws.com/survey-images/899a042c-9f24-4685-9c20-d7ed23061558/q_field_photo/JPEG_20221023_105405_3538491562552283995.jpg,10.6758208,11.4751893,7.45,https://mavuno-files.s3-eu-west-1.amazonaws.com/survey-images/96bf8243-f7fe-4428-8ce7-7677e39c7dfa/q_box1_wet_weight_photo/JPEG_20221111_164623_4993431015013269692.jpg,9.35,https://mavuno-files.s3-eu-west-1.amazonaws.com/survey-images/96bf8243-f7fe-4428-8ce7-7677e39c7dfa/q_box2_wet_weight_photo/JPEG_20221111_165218_2687216583345170883.jpg,6.03,https://mavuno-files.s3-eu-west-1.amazonaws.com/survey-images/b00e2e3e-36b9-4b00-b68a-9df03d8d77c6/q_box1_dry_weight_photo/JPEG_20221111_165941_6504630955706148099.jpg,8.515,https://mavuno-files.s3-eu-west-1.amazonaws.com/survey-images/b00e2e3e-36b9-4b00-b68a-9df03d8d77c6/q_box2_dry_weight_photo/JPEG_20221111_170301_8099747569738398970.jpg,1.5075,2.12875,used box 1 and 855,1.818125,have average yields,2022.0_200_Client_S,3,0.1011062589262268,1.4140691681066448,,,,1.854946970939636,
06bc9641-dae2-4fcd-9d20-52129cf34df8,Rice,2022.0,Nigeria,https://mavuno-files.s3-eu-west-1.amazonaws.com/survey-images/a5b4118e-889a-48b0-9045-94d0466ad542/q_wet_harvest_photo/JPEG_20221130_163503_6996637266216837793.jpg,https://mavuno-files.s3-eu-west-1.amazonaws.com/survey-images/a5b4118e-889a-48b0-9045-94d0466ad542/q_harvest_bags_photo/JPEG_20221130_163511_4777918668422461560.jpg,,,https://mavuno-files.s3-eu-west-1.amazonaws.com/survey-images/286775bf-6221-43dc-acfe-53ed2018143d/q_field_photo/JPEG_20221130_161235_8637795058342833960.jpg,10.5276243,5.4713537,7.47,https://mavuno-files.s3-eu-west-1.amazonaws.com/survey-images/a5b4118e-889a-48b0-9045-94d0466ad542/q_box1_wet_weight_photo/JPEG_20221130_163222_3101105627901653858.jpg,7.61,https://mavuno-files.s3-eu-west-1.amazonaws.com/survey-images/a5b4118e-889a-48b0-9045-94d0466ad542/q_box2_wet_weight_photo/JPEG_20221130_163359_195081503344770504.jpg,5.94,https://mavuno-files.s3-eu-west-1.amazonaws.com/survey-images/9f118763-da17-402d-ad0e-42e0acbde481/q_box1_dry_weight_photo/JPEG_20221207_185207_5905485715885775989.jpg,6.77,https://mavuno-files.s3-eu-west-1.amazonaws.com/survey-images/9f118763-da17-402d-ad0e-42e0acbde481/q_box2_dry_weight_photo/JPEG_20221207_185251_3544443078199940404.jpg,1.485,1.6925,used box 1 and 957,1.58875,have average yields,2022.0_85_Client_P,3,0.018574235194229,-2.34158897693864,,,,1.453439235687256,
072abd46-f15b-4f3e-8643-1846edaddaac,Rice,2022.0,Nigeria,https://mavuno-files.s3-eu-west-1.amazonaws.com/survey-images/e668701a-78ba-4971-a9ae-a40f6e86f2bf/q_wet_harvest_photo/JPEG_20221027_160506_4661927414503244522.jpg,https://mavuno-files.s3-eu-west-1.amazonaws.com/survey-images/e668701a-78ba-4971-a9ae-a40f6e86f2bf/q_harvest_bags_photo/JPEG_20221027_160514_2905623025080635901.jpg,,,https://mavuno-files.s3-eu-west-1.amazonaws.com/survey-images/72b723de-a2d4-43b7-9916-dbac5797e6dd/q_field_photo/JPEG_20221027_151136_6239665269153479064.jpg,11.89481628,7.933453247,14.49,https://mavuno-files.s3-eu-west-1.amazonaws.com/survey-images/e668701a-78ba-4971-a9ae-a40f6e86f2bf/q_box1_wet_weight_photo/JPEG_20221027_160305_5454728196452368678.jpg,14.86,https://mavuno-files.s3-eu-west-1.amazonaws.com/survey-images/e668701a-78ba-4971-a9ae-a40f6e86f2bf/q_box2_wet_weight_photo/JPEG_20221027_160410_5086596235055679418.jpg,11.19,https://mavuno-files.s3-eu-west-1.amazonaws.com/survey-images/99d9d6bd-649c-4285-bf67-5ff070db59d5/q_box1_dry_weight_photo/JPEG_20221122_143605_3678633182163241531.jpg,11.31,https://mavuno-files.s3-eu-west-1.amazonaws.com/survey-images/99d9d6bd-649c-4285-bf67-5ff070db59d5/q_box2_dry_weight_photo/JPEG_20221122_143729_6567211627717854339.jpg,2.7975,2.8275,used box 1 and 1012,2.8125,have average yields,2022.0_74_Client_K,2,0.7799762989376811,-0.8014395068893839,,,2.580896377563477,,
07369e03-d8e4-44d2-84e8-43bb57abbf11,Rice,2022.0,Nigeria,https://mavuno-files.s3-eu-west-1.amazonaws.com/survey-images/5289d151-39ae-4c5a-bc6c-d1e565527298/q_wet_harvest_photo/JPEG_20221117_130224_1767673391.jpg,https://mavuno-files.s3-eu-west-1.amazonaws.com/survey-images/5289d151-39ae-4c5a-bc6c-d1e565527298/q_harvest_bags_photo/JPEG_20221117_130252_277509973.jpg,,,https://mavuno-files.s3-eu-west-1.amazonaws.com/survey-images/b17a7513-1f2a-4c34-b88b-d3060fd1ffb7/q_field_photo/JPEG_20221116_160252_577435634.jpg,12.6321422,10.3623173,5.18,https://mavuno-files.s3-eu-west-1.amazonaws.com/survey-images/5289d151-39ae-4c5a-bc6c-d1e565527298/q_box1_wet_weight_photo/JPEG_20221117_125810_708862770.jpg,4.955,https://mavuno-files.s3-eu-west-1.amazonaws.com/survey-images/5289d151-39ae-4c5a-bc6c-d1e565527298/q_box2_wet_weight_photo/JPEG_20221117_130040_676397787.jpg,5.165,https://mavuno-files.s3-eu-west-1.amazonaws.com/survey-images/f8272466-4baa-4b1f-a0d2-b0c1807ba613/q_box1_dry_weight_photo/JPEG_20221217_071338_1475940362.jpg,4.91,https://mavuno-files.s3-eu-west-1.amazonaws.com/survey-images/f8272466-4baa-4b1f-a0d2-b0c1807ba613/q_box2_dry_weight_photo/JPEG_20221217_071656_615287640.jpg,1.29125,1.2275,used box 1 and 1016,1.259375,have average yields,2022.0_105_Client_BN,1,1.1906000338278893,0.7179197280398927,,0.3990235924720764,,,
074bdce5-93d0-41ad-bbe9-a4db7a08f6f2,Rice,2022.0,Nigeria,https://mavuno-files.s3-eu-west-1.amazonaws.com/survey-images/e262e8fc-82ad-4bd2-8921-63013bc5f254/q_wet_harvest_photo/JPEG_20221021_085626_6926894970614266063.jpg,https://mavuno-files.s3-eu-west-1.amazonaws.com/survey-images/e262e8fc-82ad-4bd2-8921-63013bc5f254/q_harvest_bags_photo/JPEG_20221021_085708_6648659772694911784.jpg,,,https://mavuno-files.s3-eu-west-1.amazonaws.com/survey-images/00291a08-6999-489a-ad8c-bba735347767/q_field_photo/JPEG_20221021_072616_1318888793142840618.jpg,11.7932825,9.617826194,13.34,https://mavuno-files.s3-eu-west-1.amazonaws.com/survey-images/e262e8fc-82ad-4bd2-8921-63013bc5f254/q_box1_wet_weight_photo/JPEG_20221021_085333_1102442708746295553.jpg,12.33,https://mavuno-files.s3-eu-west-1.amazonaws.com/survey-images/e262e8fc-82ad-4bd2-8921-63013bc5f254/q_box2_wet_weight_photo/JPEG_20221021_085515_884051463084580006.jpg,9.64,https://mavuno-files.s3-eu-west-1.amazonaws.com/survey-images/a7abd6df-d5e3-4cdb-83fd-78a1e43a1745/q_box1_dry_weight_photo/JPEG_20221103_075017_286463175811457273.jpg,8.54,https://mavuno-files.s3-eu-west-1.amazonaws.com/survey-images/a7abd6df-d5e3-4cdb-83fd-78a1e43a1745/q_box2_dry_weight_photo/JPEG_20221103_075445_4496032509814572700.jpg,2.41,2.135,used box 1 and 1028,2.2725,have average yields,2022.0_56_Client_K,2,0.7234311825512655,0.2522084273902415,,,2.441174030303955,,
077dccdb-5f2e-4228-9d37-ade612fa41c1,Rice,2022.0,Nigeria,https://mavuno-files.s3-eu-west-1.amazonaws.com/survey-images/6e76e4b0-8545-461b-a591-321e615cbd84/q_wet_harvest_photo/JPEG_20221117_133854_4300946675704433523.jpg,https://mavuno-files.s3-eu-west-1.amazonaws.com/survey-images/6e76e4b0-8545-461b-a591-321e615cbd84/q_harvest_bags_photo/JPEG_20221117_133953_6237574555623474050.jpg,,,https://mavuno-files.s3-eu-west-1.amazonaws.com/survey-images/0a629e7e-40de-46f4-bcd0-18746944c817/q_field_photo/JPEG_20221117_125501_1072509462640439110.jpg,11.9765986,8.8714066,8.52,https://mavuno-files.s3-eu-west-1.amazonaws.com/survey-images/6e76e4b0-8545-461b-a591-321e615cbd84/q_box1_wet_weight_photo/JPEG_20221117_133229_7860188778338388581.jpg,8.735,https://mavuno-files.s3-eu-west-1.amazonaws.com/survey-images/6e76e4b0-8545-461b-a591-321e615cbd84/q_box2_wet_weight_photo/JPEG_20221117_133527_503067795939430685.jpg,7.53,https://mavuno-files.s3-eu-west-1.amazonaws.com/survey-images/090f566d-3727-4d91-afcb-e8072a120051/q_box1_dry_weight_photo/JPEG_20221119_092655_1091046925417219761.jpg,7.68,https://mavuno-files.s3-eu-west-1.amazonaws.com/survey-images/090f566d-3727-4d91-afcb-e8072a120051/q_box2_dry_weight_photo/JPEG_20221119_092920_7908636540388601578.jpg,1.8825,1.92,used box 1 and 1048,1.90125,have average yields,2022.0_56_Client_P,1,0.8255216416083772,-0.2147092256893148,,2.140000104904175,,,
079038a8-5e4c-441f-9e30-e26fffb088a1,Rice,2022.0,Nigeria,https://mavuno-files.s3-eu-west-1.amazonaws.com/survey-images/778243ca-717e-4f99-af4d-06b1dbbe33dc/q_wet_harvest_photo/JPEG_20221111_073820_3201032035844339769.jpg,https://mavuno-files.s3-eu-west-1.amazonaws.com/survey-images/778243ca-717e-4f99-af4d-06b1dbbe33dc/q_harvest_bags_photo/JPEG_20221111_073921_4973519748649643161.jpg,,,https://mavuno-files.s3-eu-west-1.amazonaws.com/survey-images/dd36df15-3fa0-4379-ac6a-a0b7e0d190a7/q_field_photo/JPEG_20221110_131113_5667012205558423614.jpg,10.0122022,11.2113982,0.425,https://mavuno-files.s3-eu-west-1.amazonaws.com/survey-images/778243ca-717e-4f99-af4d-06b1dbbe33dc/q_box1_wet_weight_photo/JPEG_20221111_070358_8303579286992731252.jpg,0.65,https://mavuno-files.s3-eu-west-1.amazonaws.com/survey-images/778243ca-717e-4f99-af4d-06b1dbbe33dc/q_box2_wet_weight_photo/JPEG_20221111_072502_4286110688729698160.jpg,0.3,https://mavuno-files.s3-eu-west-1.amazonaws.com/survey-images/cd8d843f-b94f-4137-a8d6-4648f946e8dd/q_box1_dry_weight_photo/JPEG_20221115_131033_2160709885655990778.jpg,0.435,https://mavuno-files.s3-eu-west-1.amazonaws.com/survey-images/cd8d843f-b94f-4137-a8d6-4648f946e8dd/q_box2_dry_weight_photo/JPEG_20221115_131356_7913968074420191168.jpg,0.075,0.10875,used box 1 and 1053,0.091875,have average yields,2022.0_52_Client_S,3,-0.2684691766892889,1.2490564563486053,,,,1.158960223197937,
07efaeac-509a-4cba-9086-be6662bf0dd0,Rice,2022.0,Nigeria,https://mavuno-files.s3-eu-west-1.amazonaws.com/survey-images/c5873fc9-c5f3-4d19-abb8-4743efb245a9/q_wet_harvest_photo/JPEG_20221017_210138_1117532270098685809.jpg,https://mavuno-files.s3-eu-west-1.amazonaws.com/survey-images/c5873fc9-c5f3-4d19-abb8-4743efb245a9/q_harvest_bags_photo/JPEG_20221017_210253_6914163506487688566.jpg,,,https://mavuno-files.s3-eu-west-1.amazonaws.com/survey-images/32206416-10a7-4da2-93cb-8864a2cc4b68/q_field_photo/JPEG_20221017_072112_8282116105522769093.jpg,12.53113,10.574762,17.18,https://mavuno-files.s3-eu-west-1.amazonaws.com/survey-images/c5873fc9-c5f3-4d19-abb8-4743efb245a9/q_box1_wet_weight_photo/JPEG_20221017_205710_1908493234849370494.jpg,17.24,https://mavuno-files.s3-eu-west-1.amazonaws.com/survey-images/c5873fc9-c5f3-4d19-abb8-4743efb245a9/q_box2_wet_weight_photo/JPEG_20221017_205938_4681989317831774426.jpg,13.18,https://mavuno-files.s3-eu-west-1.amazonaws.com/survey-images/199ac5c5-5a24-484b-9041-f6b9dc6e66b9/q_box1_dry_weight_photo/JPEG_20221021_072742_2797458815722019340.jpg,13.27,https://mavuno-files.s3-eu-west-1.amazonaws.com/survey-images/199ac5c5-5a24-484b-9041-f6b9dc6e66b9/q_box2_dry_weight_photo/JPEG_20221021_073112_2184336766270377284.jpg,3.295,3.3175,used box 1 and 1102,3.30625,have average yields,2022.0_105_Client_K,0,1.134345390245744,0.8508130517556016,0.4065060019493103,,,,
07f2cada-15aa-4b70-aeea-f3b336e47ccc,Rice,2022.0,Nigeria,https://mavuno-files.s3-eu-west-1.amazonaws.com/survey-images/89c2c910-e720-45b2-aa6e-f58d4584afa9/q_wet_harvest_photo/JPEG_20221018_152610_1373961030036182209.jpg,https://mavuno-files.s3-eu-west-1.amazonaws.com/survey-images/89c2c910-e720-45b2-aa6e-f58d4584afa9/q_harvest_bags_photo/JPEG_20221018_152616_3543962118113263056.jpg,,,https://mavuno-files.s3-eu-west-1.amazonaws.com/survey-images/53ebd790-ecb9-4a4a-a12e-f09ee1a6da85/q_field_photo/JPEG_20221018_132519_3474253042285719034.jpg,12.04691498,9.642886408,15.97,https://mavuno-files.s3-eu-west-1.amazonaws.com/survey-images/89c2c910-e720-45b2-aa6e-f58d4584afa9/q_box1_wet_weight_photo/JPEG_20221018_152407_3859907736964985912.jpg,16.24,https://mavuno-files.s3-eu-west-1.amazonaws.com/survey-images/89c2c910-e720-45b2-aa6e-f58d4584afa9/q_box2_wet_weight_photo/JPEG_20221018_152510_7787635786374423807.jpg,12.21,https://mavuno-files.s3-eu-west-1.amazonaws.com/survey-images/845379b9-33e3-40af-91fb-1b063c2687aa/q_box1_dry_weight_photo/JPEG_20221206_075804_2078732500359535790.jpg,13.48,https://mavuno-files.s3-eu-west-1.amazonaws.com/survey-images/845379b9-33e3-40af-91fb-1b063c2687aa/q_box2_dry_weight_photo/JPEG_20221206_075919_2793196822762269302.jpg,3.0525,3.37,used box 1 and 1105,3.21125,have average yields,2022.0_56_Client_K,3,0.8646814945260108,0.2678846722270728,,,,3.1893348693847656,
08825391-94eb-43c3-a601-a7be83afcd22,Rice,2022.0,Nigeria,https://mavuno-files.s3-eu-west-1.amazonaws.com/survey-images/b30a0e15-1ebe-49af-9124-3755b6a22d90/q_wet_harvest_photo/JPEG_20221017_180131_801521428.jpg,https://mavuno-files.s3-eu-west-1.amazonaws.com/survey-images/b30a0e15-1ebe-49af-9124-3755b6a22d90/q_harvest_bags_photo/JPEG_20221017_180149_395267906.jpg,,,https://mavuno-files.s3-eu-west-1.amazonaws.com/survey-images/219ca68d-7ef9-4e4c-9d7e-b870d766c64d/q_field_photo/JPEG_20221017_160644_4607942234731048397.jpg,11.87306554,9.954687171,13.79,https://mavuno-files.s3-eu-west-1.amazonaws.com/survey-images/b30a0e15-1ebe-49af-9124-3755b6a22d90/q_box1_wet_weight_photo/JPEG_20221017_175850_746134632.jpg,14.58,https://mavuno-files.s3-eu-west-1.amazonaws.com/survey-images/b30a0e15-1ebe-49af-9124-3755b6a22d90/q_box2_wet_weight_photo/JPEG_20221017_180016_2027636256.jpg,11.12,https://mavuno-files.s3-eu-west-1.amazonaws.com/survey-images/54577ee9-3b45-4bb8-8ebb-b51ca9ccabcd/q_box1_dry_weight_photo/JPEG_20221203_123801_925399452.jpg,12.21,https://mavuno-files.s3-eu-west-1.amazonaws.com/survey-images/54577ee9-3b45-4bb8-8ebb-b51ca9ccabcd/q_box2_dry_weight_photo/JPEG_20221203_123854_1160206238.jpg,2.78,3.0525,used box 1 and 1179,2.91625,have average yields,2022.0_113_Client_K,2,0.7678631073989571,0.4629294991027922,,,2.6003258228302,,
08ec746e-42cd-4601-b81f-239444b4aba5,Rice,2022.0,Nigeria,https://mavuno-files.s3-eu-west-1.amazonaws.com/survey-images/44bf8fe7-e3db-41b4-97b6-b90b174dddc9/q_wet_harvest_photo/JPEG_20220719_164850_6131706740804166659.jpg,https://mavuno-files.s3-eu-west-1.amazonaws.com/survey-images/44bf8fe7-e3db-41b4-97b6-b90b174dddc9/q_harvest_bags_photo/JPEG_20220719_164926_8284686340633445925.jpg,,,https://mavuno-files.s3-eu-west-1.amazonaws.com/survey-images/50c51af7-58d9-4f01-8c47-ecd1eaff2466/q_field_photo/JPEG_20220716_132228_5476713584451108601.jpg,12.5943787,10.5390329,1.685,https://mavuno-files.s3-eu-west-1.amazonaws.com/survey-images/44bf8fe7-e3db-41b4-97b6-b90b174dddc9/q_box1_wet_weight_photo/JPEG_20220719_164713_6590401435654189339.jpg,1.715,https://mavuno-files.s3-eu-west-1.amazonaws.com/survey-images/44bf8fe7-e3db-41b4-97b6-b90b174dddc9/q_box2_wet_weight_photo/JPEG_20220719_164808_7919655056666777498.jpg,1.65,https://mavuno-files.s3-eu-west-1.amazonaws.com/survey-images/d08fe167-1a6d-4b54-9c88-fc27c2b4855c/q_box1_dry_weight_photo/JPEG_20220814_102006_6001576961103761674.jpg,1.695,https://mavuno-files.s3-eu-west-1.amazonaws.com/survey-images/d08fe167-1a6d-4b54-9c88-fc27c2b4855c/q_box2_dry_weight_photo/JPEG_20220814_102349_588083101818526277.jpg,0.4125,0.42375,used box 1 and 1231,0.418125,have average yields,2022.0_105_Client_BW,2,1.1695691857430606,0.8284629585201815,,,0.6814945340156555,,
08ef13e7-7a98-49f8-821e-e5d2c53318c3,Rice,2022.0,Nigeria,,,,,https://mavuno-files.s3-eu-west-1.amazonaws.com/survey-images/99c444ce-2489-42ea-9119-bac1520f3e43/q_field_photo/JPEG_20220829_155932_6645694907889319335.jpg,6.4511089,8.5076762,0.0,,0.0,,0.0,,0.0,,0.0,0.0,used box 1 and 1233,0.0,have average yields,2022.0_98_Client_AY,2,-2.251675505768968,-0.4422382805089668,,,-0.0507337264716625,,
09111a25-027c-46a5-b95f-7a35d25f555b,Rice,2022.0,Nigeria,https://mavuno-files.s3-eu-west-1.amazonaws.com/survey-images/d1cc2263-a77b-4868-86ee-4f2c9673be3a/q_wet_harvest_photo/JPEG_20221025_170450_1008479973264735877.jpg,https://mavuno-files.s3-eu-west-1.amazonaws.com/survey-images/d1cc2263-a77b-4868-86ee-4f2c9673be3a/q_harvest_bags_photo/JPEG_20221025_170549_1269351950687564004.jpg,,,https://mavuno-files.s3-eu-west-1.amazonaws.com/survey-images/f836904a-0967-474e-b01d-207fc3cbb2d4/q_field_photo/JPEG_20221020_093309_63210800138662319.jpg,12.25852361,10.33672191,16.72,https://mavuno-files.s3-eu-west-1.amazonaws.com/survey-images/d1cc2263-a77b-4868-86ee-4f2c9673be3a/q_box1_wet_weight_photo/JPEG_20221025_165812_1254449626179260435.jpg,17.33,https://mavuno-files.s3-eu-west-1.amazonaws.com/survey-images/d1cc2263-a77b-4868-86ee-4f2c9673be3a/q_box2_wet_weight_photo/JPEG_20221025_170130_1552084007134430930.jpg,14.11,https://mavuno-files.s3-eu-west-1.amazonaws.com/survey-images/00ccad2a-8a96-44d9-8027-139dd6731a59/q_box1_dry_weight_photo/JPEG_20221129_001018_731074492255373334.jpg,15.19,https://mavuno-files.s3-eu-west-1.amazonaws.com/survey-images/00ccad2a-8a96-44d9-8027-139dd6731a59/q_box2_dry_weight_photo/JPEG_20221129_001332_8315375302654889398.jpg,3.5275,3.7975,used box 1 and 1254,3.6625,have average yields,2022.0_13_Client_K,0,0.9825283294583832,0.7019087075300847,3.4793460369110107,,,,
0948dcf2-fcb1-447b-9c7d-52c0d49b521a,Rice,2022.0,Nigeria,https://mavuno-files.s3-eu-west-1.amazonaws.com/survey-images/447c4b31-d3c2-4118-ad8c-665ab157dd88/q_wet_harvest_photo/JPEG_20221119_101442_1101629579859806037.jpg,https://mavuno-files.s3-eu-west-1.amazonaws.com/survey-images/447c4b31-d3c2-4118-ad8c-665ab157dd88/q_harvest_bags_photo/JPEG_20221119_101524_7782360702308299577.jpg,,,https://mavuno-files.s3-eu-west-1.amazonaws.com/survey-images/bdd4d9e5-b9ed-41ae-bafd-0169dfdbfafa/q_field_photo/JPEG_20221114_114041_2050143637008304089.jpg,10.0180651,11.1839805,2.105,https://mavuno-files.s3-eu-west-1.amazonaws.com/survey-images/447c4b31-d3c2-4118-ad8c-665ab157dd88/q_box1_wet_weight_photo/JPEG_20221119_100655_2938278704875994298.jpg,2.285,https://mavuno-files.s3-eu-west-1.amazonaws.com/survey-images/447c4b31-d3c2-4118-ad8c-665ab157dd88/q_box2_wet_weight_photo/JPEG_20221119_101104_2342423615238136918.jpg,1.05,https://mavuno-files.s3-eu-west-1.amazonaws.com/survey-images/e1d1a751-58f2-45a7-ba6f-eb3d3f0e7617/q_box1_dry_weight_photo/JPEG_20221129_113721_6006087073290775331.jpg,1.31,https://mavuno-files.s3-eu-west-1.amazonaws.com/survey-images/e1d1a751-58f2-45a7-ba6f-eb3d3f0e7617/q_box2_dry_weight_photo/JPEG_20221129_113933_8466848031043781747.jpg,0.2625,0.3275,used box 1 and 1283,0.295,have average yields,2022.0_52_Client_S,2,-0.2652040725745614,1.2319055023279113,,,0.1280987411737442,,
0996c5fe-1a82-4242-bcd8-d05744de15a7,Rice,2022.0,Nigeria,,,,,https://mavuno-files.s3-eu-west-1.amazonaws.com/survey-images/1ab1eba4-6df0-43e3-b213-7d3f6be2d5fd/q_field_photo/JPEG_20221116_093000_1504799782.jpg,12.6261093,10.3614061,0.0,,0.0,,0.0,,0.0,,0.0,0.0,used box 1 and 1322,0.0,have average yields,2022.0_105_Client_BN,1,1.1872402551153498,0.7173497331350074,,-0.0970690473914146,,,
0a4db3b8-a044-46d4-bd57-0f0cc9dbb068,Rice,2022.0,Nigeria,https://mavuno-files.s3-eu-west-1.amazonaws.com/survey-images/12889abc-09bc-487a-be21-6a2c8964da0d/q_wet_harvest_photo/JPEG_20221020_125015_2696165800982298495.jpg,https://mavuno-files.s3-eu-west-1.amazonaws.com/survey-images/12889abc-09bc-487a-be21-6a2c8964da0d/q_harvest_bags_photo/JPEG_20221020_125049_2619777676445929745.jpg,,,https://mavuno-files.s3-eu-west-1.amazonaws.com/survey-images/4ff2ee75-e9d4-4d3f-89f8-706616919f01/q_field_photo/JPEG_20221020_112842_3749135382550624247.jpg,11.68374402,8.128777072,14.24,https://mavuno-files.s3-eu-west-1.amazonaws.com/survey-images/12889abc-09bc-487a-be21-6a2c8964da0d/q_box1_wet_weight_photo/JPEG_20221020_124309_5669930639831393435.jpg,13.55,https://mavuno-files.s3-eu-west-1.amazonaws.com/survey-images/12889abc-09bc-487a-be21-6a2c8964da0d/q_box2_wet_weight_photo/JPEG_20221020_124513_7332219928926544206.jpg,12.52,https://mavuno-files.s3-eu-west-1.amazonaws.com/survey-images/edf5187c-c55a-4b43-a5d4-f95813238692/q_box1_dry_weight_photo/JPEG_20221125_162114_5870554752618978821.jpg,11.39,https://mavuno-files.s3-eu-west-1.amazonaws.com/survey-images/edf5187c-c55a-4b43-a5d4-f95813238692/q_box2_dry_weight_photo/JPEG_20221125_162158_7825124740385577953.jpg,3.13,2.8475,used box 1 and 1421,2.98875,have average yields,2022.0_74_Client_K,2,0.6624281734995884,-0.679256029000241,,,3.212973117828369,,
0a4fddd5-0109-43d7-ad3d-fa99460baa64,Rice,2022.0,Nigeria,https://mavuno-files.s3-eu-west-1.amazonaws.com/survey-images/0f838a48-bae5-4fa5-a168-b47243551b1a/q_wet_harvest_photo/JPEG_20221025_101623_4445697207348321617.jpg,https://mavuno-files.s3-eu-west-1.amazonaws.com/survey-images/0f838a48-bae5-4fa5-a168-b47243551b1a/q_harvest_bags_photo/JPEG_20221025_104407_3992941956171364423.jpg,,,https://mavuno-files.s3-eu-west-1.amazonaws.com/survey-images/8ea1f6e3-775d-4699-8324-99313fae94d2/q_field_photo/JPEG_20221019_183712_5190377800180784494.jpg,12.2656056,10.34921128,20.89,https://mavuno-files.s3-eu-west-1.amazonaws.com/survey-images/0f838a48-bae5-4fa5-a168-b47243551b1a/q_box1_wet_weight_photo/JPEG_20221025_100627_2676722299491626924.jpg,18.6,https://mavuno-files.s3-eu-west-1.amazonaws.com/survey-images/0f838a48-bae5-4fa5-a168-b47243551b1a/q_box2_wet_weight_photo/JPEG_20221025_101315_2425676455890104785.jpg,15.3,,16.44,https://mavuno-files.s3-eu-west-1.amazonaws.com/survey-images/0ff75605-e719-478b-8e12-4bb2667ae15b/q_box2_dry_weight_photo/JPEG_20221129_160652_2374644400112039163.jpg,3.825,4.11,used box 1 and 1422,3.9675,have average yields,2022.0_13_Client_K,4,0.9864723562522002,0.7097213471977977,,,,,3.146793842315674
0a8bb3fc-1bb7-41d4-b6f4-728cb07820ef,Rice,2022.0,Nigeria,https://mavuno-files.s3-eu-west-1.amazonaws.com/survey-images/b1a71126-93e0-42a6-b54c-c2371526bce0/q_wet_harvest_photo/JPEG_20221208_153739_5467254612967013277.jpg,https://mavuno-files.s3-eu-west-1.amazonaws.com/survey-images/b1a71126-93e0-42a6-b54c-c2371526bce0/q_harvest_bags_photo/JPEG_20221208_153927_4192480704601859746.jpg,,,https://mavuno-files.s3-eu-west-1.amazonaws.com/survey-images/63d959b7-b2af-492f-b364-11912ff3120f/q_field_photo/JPEG_20221104_153059_3235638236807169733.jpg,9.7819121,6.8198038,8.215,https://mavuno-files.s3-eu-west-1.amazonaws.com/survey-images/b1a71126-93e0-42a6-b54c-c2371526bce0/q_box1_wet_weight_photo/JPEG_20221208_153523_8849330675072939525.jpg,8.28,https://mavuno-files.s3-eu-west-1.amazonaws.com/survey-images/b1a71126-93e0-42a6-b54c-c2371526bce0/q_box2_wet_weight_photo/JPEG_20221208_153647_3592198720210122173.jpg,7.65,https://mavuno-files.s3-eu-west-1.amazonaws.com/survey-images/87491068-46e7-4475-a182-609c26d1a97d/q_box1_dry_weight_photo/JPEG_20221208_154751_3485457307354947530.jpg,7.735,https://mavuno-files.s3-eu-west-1.amazonaws.com/survey-images/87491068-46e7-4475-a182-609c26d1a97d/q_box2_dry_weight_photo/JPEG_20221208_154913_8384650439880387570.jpg,1.9125,1.93375,used box 1 and 1450,1.923125,have average yields,2022.0_17_Client_P,3,-0.396719897849668,-1.4980752735900458,,,,0.9689090251922609,
0ad55052-0245-4429-aea7-136065197043,Rice,2022.0,Nigeria,,,,,https://mavuno-files.s3-eu-west-1.amazonaws.com/survey-images/e424fb34-35c9-4a0c-8dce-4a18aedc5ad7/q_field_photo/JPEG_20221017_161706_4184426048923737099.jpg,7.8304354,8.8122816,0.0,,0.0,,0.0,https://mavuno-files.s3-eu-west-1.amazonaws.com/survey-images/ceb849a3-1a59-4b90-897d-95a10f503e4a/q_box1_dry_weight_photo/JPEG_20221210_115221_8604174965419138390.jpg,0.0,https://mavuno-files.s3-eu-west-1.amazonaws.com/survey-images/ceb849a3-1a59-4b90-897d-95a10f503e4a/q_box2_dry_weight_photo/JPEG_20221210_115300_4319442274222273447.jpg,0.0,0.0,used box 1 and 1500,0.0,have average yields,2022.0_102_Client_AU,3,-1.4835156137865475,-0.2516944635638832,,,,0.0237344801425933,
0b30057d-13e4-4bce-8cad-c5ab6d1447c1,Rice,2022.0,Nigeria,https://mavuno-files.s3-eu-west-1.amazonaws.com/survey-images/00aaeab2-ad34-4e42-84ba-07fb1b456ce1/q_wet_harvest_photo/JPEG_20221117_130116_7165252966645086632.jpg,https://mavuno-files.s3-eu-west-1.amazonaws.com/survey-images/00aaeab2-ad34-4e42-84ba-07fb1b456ce1/q_harvest_bags_photo/JPEG_20221117_130146_5723555290350453459.jpg,,,https://mavuno-files.s3-eu-west-1.amazonaws.com/survey-images/c2eda684-6817-4507-bbfb-e6fe9566d38c/q_field_photo/JPEG_20221024_132729_4277607573881923132.jpg,12.3069583,9.6535117,15.47,https://mavuno-files.s3-eu-west-1.amazonaws.com/survey-images/00aaeab2-ad34-4e42-84ba-07fb1b456ce1/q_box1_wet_weight_photo/JPEG_20221117_125203_829962651560832547.jpg,17.2,https://mavuno-files.s3-eu-west-1.amazonaws.com/survey-images/00aaeab2-ad34-4e42-84ba-07fb1b456ce1/q_box2_wet_weight_photo/JPEG_20221117_125857_7840863926004463036.jpg,14.82,https://mavuno-files.s3-eu-west-1.amazonaws.com/survey-images/53bc65a2-a93f-4750-9ab0-47a9f958cac5/q_box1_dry_weight_photo/JPEG_20221126_135619_6372349812791019244.jpg,16.66,https://mavuno-files.s3-eu-west-1.amazonaws.com/survey-images/53bc65a2-a93f-4750-9ab0-47a9f958cac5/q_box2_dry_weight_photo/JPEG_20221126_140136_3135165864461312306.jpg,3.705,4.165,used box 1 and 1547,3.935,have average yields,2022.0_53_Client_BY,4,1.0095020635515095,0.274531250698222,,,,,2.6106221675872803
0c42829e-2768-40d8-847a-66ebd46c9317,Rice,2022.0,Nigeria,https://mavuno-files.s3-eu-west-1.amazonaws.com/survey-images/5a30b318-31be-4aa1-9a7b-58736495b421/q_wet_harvest_photo/JPEG_20221109_111452_9086681333175435495.jpg,https://mavuno-files.s3-eu-west-1.amazonaws.com/survey-images/5a30b318-31be-4aa1-9a7b-58736495b421/q_harvest_bags_photo/JPEG_20221109_111550_2278483610312628864.jpg,,,https://mavuno-files.s3-eu-west-1.amazonaws.com/survey-images/f6e1b0b0-fa2a-4537-b9da-5c873e8c4f39/q_field_photo/JPEG_20221101_073355_2410190438220374383.jpg,10.346325,8.24915,3.635,https://mavuno-files.s3-eu-west-1.amazonaws.com/survey-images/5a30b318-31be-4aa1-9a7b-58736495b421/q_box1_wet_weight_photo/JPEG_20221109_110840_212918513328514350.jpg,3.795,https://mavuno-files.s3-eu-west-1.amazonaws.com/survey-images/5a30b318-31be-4aa1-9a7b-58736495b421/q_box2_wet_weight_photo/JPEG_20221109_111251_6151034175841826244.jpg,3.635,https://mavuno-files.s3-eu-west-1.amazonaws.com/survey-images/6f104ddf-1165-4d7e-bac4-7c5e3ff5c95c/q_box1_dry_weight_photo/JPEG_20221109_111829_1087192492557209716.jpg,3.795,https://mavuno-files.s3-eu-west-1.amazonaws.com/survey-images/6f104ddf-1165-4d7e-bac4-7c5e3ff5c95c/q_box2_dry_weight_photo/JPEG_20221109_111958_7233467933186615232.jpg,0.90875,0.94875,used box 1 and 1716,0.92875,have average yields,2022.0_104_Client_AD,2,-0.0823930489872086,-0.6039575702139693,,,0.7441990971565247,,
0c540714-e536-4ca8-8889-a6326ec8d217,Rice,2022.0,Nigeria,https://mavuno-files.s3-eu-west-1.amazonaws.com/survey-images/960f6daf-8555-4509-92e8-ac1699777aa5/q_wet_harvest_photo/JPEG_20221126_111431_7489926438118970834.jpg,https://mavuno-files.s3-eu-west-1.amazonaws.com/survey-images/960f6daf-8555-4509-92e8-ac1699777aa5/q_harvest_bags_photo/JPEG_20221126_111457_6072131904318021287.jpg,,,https://mavuno-files.s3-eu-west-1.amazonaws.com/survey-images/ec2ff75e-8724-44c6-a714-ab534521a918/q_field_photo/JPEG_20221021_110633_2959308662563496950.jpg,7.6887658,9.3417496,2.83,https://mavuno-files.s3-eu-west-1.amazonaws.com/survey-images/960f6daf-8555-4509-92e8-ac1699777aa5/q_box1_wet_weight_photo/JPEG_20221126_111041_4954475530825069402.jpg,3.22,https://mavuno-files.s3-eu-west-1.amazonaws.com/survey-images/960f6daf-8555-4509-92e8-ac1699777aa5/q_box2_wet_weight_photo/JPEG_20221126_111336_321263956900398746.jpg,2.78,https://mavuno-files.s3-eu-west-1.amazonaws.com/survey-images/73b2d9ae-f19e-4522-9019-9f67d6bca789/q_box1_dry_weight_photo/JPEG_20221126_114013_1184286363681202644.jpg,3.19,https://mavuno-files.s3-eu-west-1.amazonaws.com/survey-images/73b2d9ae-f19e-4522-9019-9f67d6bca789/q_box2_dry_weight_photo/JPEG_20221126_114130_4379576396854691995.jpg,0.695,0.7975,used box 1 and 1722,0.74625,have average yields,2022.0_5_Client_AU,2,-1.5624127455629564,0.0795106091967425,,,0.3459250330924988,,
0c6f7585-45ca-41f3-9550-73f00f53cf1e,Rice,2022.0,Nigeria,https://mavuno-files.s3-eu-west-1.amazonaws.com/survey-images/0395b6c8-412e-43b5-b36a-012f2948f72f/q_wet_harvest_photo/JPEG_20221115_114716_6523701944304154155.jpg,https://mavuno-files.s3-eu-west-1.amazonaws.com/survey-images/0395b6c8-412e-43b5-b36a-012f2948f72f/q_harvest_bags_photo/JPEG_20221115_114838_5929217686435179190.jpg,,,https://mavuno-files.s3-eu-west-1.amazonaws.com/survey-images/b5d69530-c08e-4f89-b4eb-0607a399d134/q_field_photo/JPEG_20221014_125357_4666806276510660441.jpg,8.376956,9.2757715,3.28,https://mavuno-files.s3-eu-west-1.amazonaws.com/survey-images/0395b6c8-412e-43b5-b36a-012f2948f72f/q_box1_wet_weight_photo/JPEG_20221115_114157_3867717284810282133.jpg,3.365,https://mavuno-files.s3-eu-west-1.amazonaws.com/survey-images/0395b6c8-412e-43b5-b36a-012f2948f72f/q_box2_wet_weight_photo/JPEG_20221115_114444_1525067201313980341.jpg,2.905,https://mavuno-files.s3-eu-west-1.amazonaws.com/survey-images/6aa47e90-5a62-43c5-b764-8efa8c6a3408/q_box1_dry_weight_photo/JPEG_20221115_133557_3384908816540751859.jpg,3.02,https://mavuno-files.s3-eu-west-1.amazonaws.com/survey-images/6aa47e90-5a62-43c5-b764-8efa8c6a3408/q_box2_dry_weight_photo/JPEG_20221115_133801_5066829340300118342.jpg,0.72625,0.755,used box 1 and 1734,0.740625,have average yields,2022.0_173_Client_AU,3,-1.1791531549617749,0.0382384616616543,,,,0.1322857588529586,
0ca7e985-df3a-45a7-96b8-f3662cae8d0f,Rice,2022.0,Nigeria,https://mavuno-files.s3-eu-west-1.amazonaws.com/survey-images/adb58151-4707-4235-9c77-effab9a036f7/q_wet_harvest_photo/JPEG_20221021_082640_6717921589693064080.jpg,https://mavuno-files.s3-eu-west-1.amazonaws.com/survey-images/adb58151-4707-4235-9c77-effab9a036f7/q_harvest_bags_photo/JPEG_20221021_082656_8441486658234395106.jpg,,,https://mavuno-files.s3-eu-west-1.amazonaws.com/survey-images/676f7877-1b6d-42b3-b833-87a46535b1b2/q_field_photo/JPEG_20221021_071207_7994270957036144530.jpg,11.50262138,9.504823051,16.15,https://mavuno-files.s3-eu-west-1.amazonaws.com/survey-images/adb58151-4707-4235-9c77-effab9a036f7/q_box1_wet_weight_photo/JPEG_20221021_082420_391561468566863703.jpg,15.17,https://mavuno-files.s3-eu-west-1.amazonaws.com/survey-images/adb58151-4707-4235-9c77-effab9a036f7/q_box2_wet_weight_photo/JPEG_20221021_082523_7479420516050929318.jpg,13.55,https://mavuno-files.s3-eu-west-1.amazonaws.com/survey-images/d1c0b4ea-d8ad-481e-a5eb-9433f0198691/q_box1_dry_weight_photo/JPEG_20221204_134131_4688653122599867948.jpg,12.53,https://mavuno-files.s3-eu-west-1.amazonaws.com/survey-images/d1c0b4ea-d8ad-481e-a5eb-9433f0198691/q_box2_dry_weight_photo/JPEG_20221207_103253_6092287974097442539.jpg,3.3875,3.1325,used box 1 and 1757,3.26,have average yields,2022.0_7_Client_K,3,0.5615592729325575,0.1815200870193524,,,,2.294917345046997,
0d804178-8418-441b-a141-f41bc7788d0d,Rice,2022.0,Nigeria,https://mavuno-files.s3-eu-west-1.amazonaws.com/survey-images/d9206922-89e6-4331-a7e3-e67758b791a8/q_wet_harvest_photo/JPEG_20221020_174653_4014600777086076239.jpg,https://mavuno-files.s3-eu-west-1.amazonaws.com/survey-images/d9206922-89e6-4331-a7e3-e67758b791a8/q_harvest_bags_photo/JPEG_20221020_174708_8173053691462571409.jpg,,,https://mavuno-files.s3-eu-west-1.amazonaws.com/survey-images/a52e60ff-278a-414b-bf27-f75cb8a1bd74/q_field_photo/JPEG_20221020_165839_7732124319122450715.jpg,11.53848901,8.945042342,16.06,https://mavuno-files.s3-eu-west-1.amazonaws.com/survey-images/d9206922-89e6-4331-a7e3-e67758b791a8/q_box1_wet_weight_photo/JPEG_20221020_174500_5928716068217042356.jpg,15.74,https://mavuno-files.s3-eu-west-1.amazonaws.com/survey-images/d9206922-89e6-4331-a7e3-e67758b791a8/q_box2_wet_weight_photo/JPEG_20221020_174554_2339939410823937526.jpg,13.59,https://mavuno-files.s3-eu-west-1.amazonaws.com/survey-images/7ecfb885-103f-49fa-8966-300ec88d3ec1/q_box1_dry_weight_photo/JPEG_20221113_112852_2194000237757672654.jpg,12.56,https://mavuno-files.s3-eu-west-1.amazonaws.com/survey-images/7ecfb885-103f-49fa-8966-300ec88d3ec1/q_box2_dry_weight_photo/JPEG_20221113_112936_933069427182144804.jpg,3.3975,3.14,used box 1 and 1863,3.26875,have average yields,2022.0_201_Client_K,3,0.5815342931953192,-0.1686468927685475,,,,2.932823181152344,
0d914fe8-c6b8-4e8e-b83d-71e1999060a9,Rice,2022.0,Nigeria,https://mavuno-files.s3-eu-west-1.amazonaws.com/survey-images/7df3517e-1787-418d-adb8-3a4a17f44e8b/q_wet_harvest_photo/JPEG_20221124_094835_6226824099940051871.jpg,https://mavuno-files.s3-eu-west-1.amazonaws.com/survey-images/7df3517e-1787-418d-adb8-3a4a17f44e8b/q_harvest_bags_photo/JPEG_20221124_094959_8144806102186373072.jpg,,,https://mavuno-files.s3-eu-west-1.amazonaws.com/survey-images/eb277828-cd4f-4177-aa67-c986ec3ffaeb/q_field_photo/JPEG_20221122_131043_1414224693494028496.jpg,10.5976488,8.1387959,7.545,https://mavuno-files.s3-eu-west-1.amazonaws.com/survey-images/7df3517e-1787-418d-adb8-3a4a17f44e8b/q_box1_wet_weight_photo/JPEG_20221124_094548_1784625274632581956.jpg,6.74,https://mavuno-files.s3-eu-west-1.amazonaws.com/survey-images/7df3517e-1787-418d-adb8-3a4a17f44e8b/q_box2_wet_weight_photo/JPEG_20221124_094814_4756866479915104895.jpg,7.545,https://mavuno-files.s3-eu-west-1.amazonaws.com/survey-images/6b71da8a-3d0a-43b2-8a47-e74598bbc688/q_box1_dry_weight_photo/JPEG_20221124_101803_6630995731067695740.jpg,6.73,https://mavuno-files.s3-eu-west-1.amazonaws.com/survey-images/6b71da8a-3d0a-43b2-8a47-e74598bbc688/q_box2_dry_weight_photo/JPEG_20221124_101830_206202361422963493.jpg,1.88625,1.6825,used box 1 and 1875,1.784375,have average yields,2022.0_104_Client_AD,0,0.0575715373965165,-0.672988819921097,1.6695269346237185,,,,
0d9ab428-a53f-4c7d-a40f-44b387321c1b,Rice,2022.0,Nigeria,https://mavuno-files.s3-eu-west-1.amazonaws.com/survey-images/c20a8fec-0ef8-42ed-88e9-ad39a13eb27c/q_wet_harvest_photo/JPEG_20221025_135509_5973930463719097278.jpg,https://mavuno-files.s3-eu-west-1.amazonaws.com/survey-images/c20a8fec-0ef8-42ed-88e9-ad39a13eb27c/q_harvest_bags_photo/JPEG_20221025_135516_2382347857229010241.jpg,,,https://mavuno-files.s3-eu-west-1.amazonaws.com/survey-images/33e2d6ca-8833-4136-af67-affbab31dcea/q_field_photo/JPEG_20221025_124508_787306227295071559.jpg,11.91222971,7.919342145,14.6,https://mavuno-files.s3-eu-west-1.amazonaws.com/survey-images/c20a8fec-0ef8-42ed-88e9-ad39a13eb27c/q_box1_wet_weight_photo/JPEG_20221025_135245_7151316672018193326.jpg,13.49,https://mavuno-files.s3-eu-west-1.amazonaws.com/survey-images/c20a8fec-0ef8-42ed-88e9-ad39a13eb27c/q_box2_wet_weight_photo/JPEG_20221025_135333_5309983353576404753.jpg,11.82,https://mavuno-files.s3-eu-west-1.amazonaws.com/survey-images/ae7f3efe-6003-428b-9435-2df958eafa61/q_box1_dry_weight_photo/JPEG_20221107_094520_3584073626551865744.jpg,10.65,https://mavuno-files.s3-eu-west-1.amazonaws.com/survey-images/ae7f3efe-6003-428b-9435-2df958eafa61/q_box2_dry_weight_photo/JPEG_20221107_094701_5721909473914864051.jpg,2.955,2.6625,used box 1 and 1879,2.80875,have average yields,2022.0_74_Client_K,0,0.7896740017715228,-0.8102666098769916,2.799344062805176,,,,
0db779c0-945d-4a78-8e9d-fb1b8132eff0,Rice,2022.0,Nigeria,https://mavuno-files.s3-eu-west-1.amazonaws.com/survey-images/b35eff2b-43cb-434a-b8e0-74b22e1568a7/q_wet_harvest_photo/JPEG_20221119_135048_2801131915702700052.jpg,https://mavuno-files.s3-eu-west-1.amazonaws.com/survey-images/b35eff2b-43cb-434a-b8e0-74b22e1568a7/q_harvest_bags_photo/JPEG_20221119_135058_3122225130730817693.jpg,,,https://mavuno-files.s3-eu-west-1.amazonaws.com/survey-images/3e8f3677-59ca-4f55-a46f-bbdfd970835e/q_field_photo/JPEG_20221105_150823_448356923646215237.jpg,11.6346071,9.0277705,14.53,https://mavuno-files.s3-eu-west-1.amazonaws.com/survey-images/b35eff2b-43cb-434a-b8e0-74b22e1568a7/q_box1_wet_weight_photo/JPEG_20221119_134722_6405003507826032005.jpg,15.88,https://mavuno-files.s3-eu-west-1.amazonaws.com/survey-images/b35eff2b-43cb-434a-b8e0-74b22e1568a7/q_box2_wet_weight_photo/JPEG_20221119_134928_1586908085587726387.jpg,13.22,https://mavuno-files.s3-eu-west-1.amazonaws.com/survey-images/2c090d0d-66fa-4e4f-84dc-10700a9c17ec/q_box1_dry_weight_photo/JPEG_20221125_131449_5424277547315078118.jpg,14.47,https://mavuno-files.s3-eu-west-1.amazonaws.com/survey-images/2c090d0d-66fa-4e4f-84dc-10700a9c17ec/q_box2_dry_weight_photo/JPEG_20221125_131753_7787750787638945830.jpg,3.305,3.6175,used box 1 and 1895,3.46125,have average yields,2022.0_56_Client_P,4,0.6350633609192825,-0.1168968614356953,,,,,2.5608842372894287
0df6538a-980b-43ba-85d3-323de2156469,Rice,2022.0,Nigeria,https://mavuno-files.s3-eu-west-1.amazonaws.com/survey-images/51b86af4-f246-452d-b091-47da5522c5a2/q_wet_harvest_photo/JPEG_20221117_125248_2073706654.jpg,https://mavuno-files.s3-eu-west-1.amazonaws.com/survey-images/51b86af4-f246-452d-b091-47da5522c5a2/q_harvest_bags_photo/JPEG_20221117_125355_391168684.jpg,,,https://mavuno-files.s3-eu-west-1.amazonaws.com/survey-images/39ec2f8c-c8ca-4a20-a409-c40b15fe1867/q_field_photo/JPEG_20221116_154651_498992576.jpg,12.6320732,10.3628638,5.0,https://mavuno-files.s3-eu-west-1.amazonaws.com/survey-images/51b86af4-f246-452d-b091-47da5522c5a2/q_box1_wet_weight_photo/JPEG_20221117_124905_1676920948.jpg,5.085,https://mavuno-files.s3-eu-west-1.amazonaws.com/survey-images/51b86af4-f246-452d-b091-47da5522c5a2/q_box2_wet_weight_photo/JPEG_20221117_125111_81365503.jpg,4.99,https://mavuno-files.s3-eu-west-1.amazonaws.com/survey-images/036db775-c4bf-4349-b808-05d5146e6b1b/q_box1_dry_weight_photo/JPEG_20221217_070505_1016175790.jpg,5.01,https://mavuno-files.s3-eu-west-1.amazonaws.com/survey-images/036db775-c4bf-4349-b808-05d5146e6b1b/q_box2_dry_weight_photo/JPEG_20221217_070703_666176940.jpg,1.2475,1.2525,used box 1 and 1926,1.25,have average yields,2022.0_105_Client_BN,3,1.190561607079366,0.7182615873633329,,,,0.329706072807312,
0dfccd29-8e5f-4d46-8809-d61562c01972,Rice,2022.0,Nigeria,,,,,https://mavuno-files.s3-eu-west-1.amazonaws.com/survey-images/316c4e84-482d-4abb-a078-5fdd579c9dea/q_field_photo/JPEG_20221029_095523_2423985443408206179.jpg,9.2970214,12.418772,0.0,,0.0,,0.0,,0.0,,0.0,0.0,used box 1 and 1929,0.0,have average yields,2022.0_28_Client_S,2,-0.6667600861120409,2.004320848678782,,,0.3794634342193603,,
0e7ab3c2-4aa9-4873-b152-ff30aae2d36a,Rice,2022.0,Nigeria,https://mavuno-files.s3-eu-west-1.amazonaws.com/survey-images/c90d474a-0749-471a-8d48-558c549a38a0/q_wet_harvest_photo/JPEG_20221019_083304_3783468349672017879.jpg,https://mavuno-files.s3-eu-west-1.amazonaws.com/survey-images/c90d474a-0749-471a-8d48-558c549a38a0/q_harvest_bags_photo/JPEG_20221019_083310_4608960213693185709.jpg,,,https://mavuno-files.s3-eu-west-1.amazonaws.com/survey-images/6f587784-45e4-4d2f-974e-8891cb0decfa/q_field_photo/JPEG_20221019_071702_5136335457952329816.jpg,11.7020458,8.125436381,14.18,https://mavuno-files.s3-eu-west-1.amazonaws.com/survey-images/c90d474a-0749-471a-8d48-558c549a38a0/q_box1_wet_weight_photo/JPEG_20221019_083032_7050500340269732977.jpg,13.67,https://mavuno-files.s3-eu-west-1.amazonaws.com/survey-images/c90d474a-0749-471a-8d48-558c549a38a0/q_box2_wet_weight_photo/JPEG_20221019_083152_1119442687002653892.jpg,12.1,https://mavuno-files.s3-eu-west-1.amazonaws.com/survey-images/32bfa16c-e360-4477-b4c7-52cbd00fcfbc/q_box1_dry_weight_photo/JPEG_20221124_114430_1263172050724458791.jpg,11.41,https://mavuno-files.s3-eu-west-1.amazonaws.com/survey-images/32bfa16c-e360-4477-b4c7-52cbd00fcfbc/q_box2_dry_weight_photo/JPEG_20221124_114603_6478760457629632078.jpg,3.025,2.8525,used box 1 and 1990,2.93875,have average yields,2022.0_74_Client_K,3,0.6726206067979307,-0.6813457753224469,,,,3.230193614959717,
0e98cafd-d060-4a50-9823-661c0e3b2154,Rice,2022.0,Nigeria,,,,,https://mavuno-files.s3-eu-west-1.amazonaws.com/survey-images/7b1460ae-88fa-420a-8160-7924ba8b610e/q_field_photo/JPEG_20221013_170232_934818382454260038.jpg,7.8938772,7.9130286,0.0,,0.0,,0.0,,0.0,,0.0,0.0,used box 1 and 2007,0.0,have average yields,2022.0_135_Client_AU,1,-1.4481842790843065,-0.8142160046111447,,0.0226676911115646,,,
0ef99cb8-0515-4162-9751-38dc05642a53,Rice,2022.0,Nigeria,https://mavuno-files.s3-eu-west-1.amazonaws.com/survey-images/aa88093e-d3ef-4a53-8726-2a2679497178/q_wet_harvest_photo/JPEG_20221018_110948_4424628744510729125.jpg,https://mavuno-files.s3-eu-west-1.amazonaws.com/survey-images/aa88093e-d3ef-4a53-8726-2a2679497178/q_harvest_bags_photo/JPEG_20221018_110958_3397885125678085766.jpg,,,https://mavuno-files.s3-eu-west-1.amazonaws.com/survey-images/7cf4390e-f2bc-4882-9501-64ed7f6cf9ba/q_field_photo/JPEG_20221018_094922_2243625366389845186.jpg,12.05300715,9.630093612,15.53,https://mavuno-files.s3-eu-west-1.amazonaws.com/survey-images/aa88093e-d3ef-4a53-8726-2a2679497178/q_box1_wet_weight_photo/JPEG_20221018_110757_2457076758385268285.jpg,15.14,https://mavuno-files.s3-eu-west-1.amazonaws.com/survey-images/aa88093e-d3ef-4a53-8726-2a2679497178/q_box2_wet_weight_photo/JPEG_20221018_110850_4330293819413186233.jpg,12.24,https://mavuno-files.s3-eu-west-1.amazonaws.com/survey-images/bfadcb14-1eec-4e1d-82ce-2d795536b146/q_box1_dry_weight_photo/JPEG_20221203_121118_5099709866331246802.jpg,12.13,https://mavuno-files.s3-eu-west-1.amazonaws.com/survey-images/bfadcb14-1eec-4e1d-82ce-2d795536b146/q_box2_dry_weight_photo/JPEG_20221203_121209_6800440631690233287.jpg,3.06,3.0325,used box 1 and 2055,3.04625,have average yields,2022.0_56_Client_K,1,0.868074281258621,0.2598822265079883,,3.0360636711120605,,,
0f529c64-ef23-4016-8487-75dd4c4eebdf,Rice,2022.0,Nigeria,https://mavuno-files.s3-eu-west-1.amazonaws.com/survey-images/0e75a00b-c86e-4a1f-ac01-4c934eb8a145/q_wet_harvest_photo/JPEG_20221017_132559_4924664165959843363.jpg,https://mavuno-files.s3-eu-west-1.amazonaws.com/survey-images/0e75a00b-c86e-4a1f-ac01-4c934eb8a145/q_harvest_bags_photo/JPEG_20221017_132650_1897141651371060130.jpg,,,https://mavuno-files.s3-eu-west-1.amazonaws.com/survey-images/9d76bb07-c04c-4ed5-996a-6d7b179427de/q_field_photo/JPEG_20221017_113428_1395541557708935614.jpg,10.64986773,10.22272836,16.75,https://mavuno-files.s3-eu-west-1.amazonaws.com/survey-images/0e75a00b-c86e-4a1f-ac01-4c934eb8a145/q_box1_wet_weight_photo/JPEG_20221017_130758_3969648218805170128.jpg,15.15,https://mavuno-files.s3-eu-west-1.amazonaws.com/survey-images/0e75a00b-c86e-4a1f-ac01-4c934eb8a145/q_box2_wet_weight_photo/JPEG_20221017_132305_8248553547231251685.jpg,9.865,https://mavuno-files.s3-eu-west-1.amazonaws.com/survey-images/817bb840-fb59-4da3-ac3f-cd3982263682/q_box1_dry_weight_photo/JPEG_20221104_102811_8572913570332739689.jpg,8.14,https://mavuno-files.s3-eu-west-1.amazonaws.com/survey-images/817bb840-fb59-4da3-ac3f-cd3982263682/q_box2_dry_weight_photo/JPEG_20221104_102916_5764603982530780947.jpg,2.46625,2.035,used box 1 and 2093,2.250625,have average yields,2022.0_197_Client_K,4,0.0866527503132827,0.6306008248591923,,,,,3.240039110183716
0f538d51-492a-43ee-b160-a1aceac90d88,Rice,2022.0,Nigeria,https://mavuno-files.s3-eu-west-1.amazonaws.com/survey-images/67030c5c-b04a-49b0-916c-a3ca3ff553df/q_wet_harvest_photo/JPEG_20221020_065718_1657719079776468923.jpg,https://mavuno-files.s3-eu-west-1.amazonaws.com/survey-images/67030c5c-b04a-49b0-916c-a3ca3ff553df/q_harvest_bags_photo/JPEG_20221020_065810_7035163993614738659.jpg,,,https://mavuno-files.s3-eu-west-1.amazonaws.com/survey-images/2a0eb0aa-a69e-473a-bddc-e5f6a327a09e/q_field_photo/JPEG_20221020_192554_3849060456718026763.jpg,12.55382719,10.56264237,17.11,https://mavuno-files.s3-eu-west-1.amazonaws.com/survey-images/67030c5c-b04a-49b0-916c-a3ca3ff553df/q_box1_wet_weight_photo/JPEG_20221019_065252_6583691971098857092.jpg,17.26,https://mavuno-files.s3-eu-west-1.amazonaws.com/survey-images/67030c5c-b04a-49b0-916c-a3ca3ff553df/q_box2_wet_weight_photo/JPEG_20221020_065549_3015141341663186535.jpg,13.02,https://mavuno-files.s3-eu-west-1.amazonaws.com/survey-images/6bfab8e4-7087-4d5f-8a9b-bdfbc56c638c/q_box1_dry_weight_photo/JPEG_20221023_004733_3515538039210477970.jpg,12.72,https://mavuno-files.s3-eu-west-1.amazonaws.com/survey-images/6bfab8e4-7087-4d5f-8a9b-bdfbc56c638c/q_box2_dry_weight_photo/JPEG_20221023_004842_4710392713158807498.jpg,3.255,3.18,used box 1 and 2095,3.2175,have average yields,2022.0_105_Client_K,2,1.146985668685044,0.8432317004067353,,,2.665760040283203,,
0f72358f-e76d-412d-9106-6d7b0ca8df88,Rice,2022.0,Nigeria,https://mavuno-files.s3-eu-west-1.amazonaws.com/survey-images/90199c1e-b0ae-4bdd-89ae-a14076c7003d/q_wet_harvest_photo/JPEG_20221114_143000_940050992627642056.jpg,https://mavuno-files.s3-eu-west-1.amazonaws.com/survey-images/90199c1e-b0ae-4bdd-89ae-a14076c7003d/q_harvest_bags_photo/JPEG_20221114_143112_4908697485631101830.jpg,,,https://mavuno-files.s3-eu-west-1.amazonaws.com/survey-images/a3a4846d-6010-4ab1-a90b-2bbe787c9c36/q_field_photo/JPEG_20221031_120306_8183274392030744059.jpg,8.1153186,9.1367787,5.56,https://mavuno-files.s3-eu-west-1.amazonaws.com/survey-images/90199c1e-b0ae-4bdd-89ae-a14076c7003d/q_box1_wet_weight_photo/JPEG_20221114_142438_7889747662175685707.jpg,6.615,https://mavuno-files.s3-eu-west-1.amazonaws.com/survey-images/90199c1e-b0ae-4bdd-89ae-a14076c7003d/q_box2_wet_weight_photo/JPEG_20221114_142636_6838711457668808409.jpg,4.675,https://mavuno-files.s3-eu-west-1.amazonaws.com/survey-images/d4801728-49de-4906-b5d0-a5860f8be610/q_box1_dry_weight_photo/JPEG_20221114_145752_2691763301267860727.jpg,5.035,https://mavuno-files.s3-eu-west-1.amazonaws.com/survey-images/d4801728-49de-4906-b5d0-a5860f8be610/q_box2_dry_weight_photo/JPEG_20221114_145919_5642071328564967964.jpg,1.16875,1.25875,used box 1 and 2107,1.21375,have average yields,2022.0_173_Client_AU,4,-1.3248614821218498,-0.0487075302343671,,,,,1.178949236869812
0fd622af-e073-42a0-b13f-49a9e7c4fe6a,Rice,2022.0,Nigeria,https://mavuno-files.s3-eu-west-1.amazonaws.com/survey-images/77cb7b56-1b20-4f41-b5db-69eec4069b6c/q_wet_harvest_photo/JPEG_20221024_113452_1324810473580756128.jpg,https://mavuno-files.s3-eu-west-1.amazonaws.com/survey-images/77cb7b56-1b20-4f41-b5db-69eec4069b6c/q_harvest_bags_photo/JPEG_20221024_113511_2202603685995017978.jpg,,,https://mavuno-files.s3-eu-west-1.amazonaws.com/survey-images/7593f676-f3aa-4c6c-a549-b985761f760e/q_field_photo/JPEG_20221024_100621_5603565903354812806.jpg,11.26631252,8.412816972,14.66,https://mavuno-files.s3-eu-west-1.amazonaws.com/survey-images/77cb7b56-1b20-4f41-b5db-69eec4069b6c/q_box1_wet_weight_photo/JPEG_20221024_113231_3032311951856699060.jpg,14.02,https://mavuno-files.s3-eu-west-1.amazonaws.com/survey-images/77cb7b56-1b20-4f41-b5db-69eec4069b6c/q_box2_wet_weight_photo/JPEG_20221024_113345_3487864896745210813.jpg,11.69,https://mavuno-files.s3-eu-west-1.amazonaws.com/survey-images/634c9bab-b4e4-46b1-b756-fc3d05e8dd4f/q_box1_dry_weight_photo/JPEG_20221127_174959_8053220765378725210.jpg,11.23,https://mavuno-files.s3-eu-west-1.amazonaws.com/survey-images/634c9bab-b4e4-46b1-b756-fc3d05e8dd4f/q_box2_dry_weight_photo/JPEG_20221127_175105_320164288629055112.jpg,2.9225,2.8075,used box 1 and 2179,2.865,have average yields,2022.0_201_Client_K,1,0.4299566477585397,-0.5015768194041541,,2.7122950553894043,,,
10057f28-feb2-4666-a535-1095ce2b38c3,Rice,2022.0,Nigeria,https://mavuno-files.s3-eu-west-1.amazonaws.com/survey-images/84c24926-8eb7-47d1-98a3-1ecb5295de6b/q_wet_harvest_photo/JPEG_20221103_151242_2415183744353456483.jpg,https://mavuno-files.s3-eu-west-1.amazonaws.com/survey-images/84c24926-8eb7-47d1-98a3-1ecb5295de6b/q_harvest_bags_photo/JPEG_20221103_151320_3594181481291471285.jpg,,,https://mavuno-files.s3-eu-west-1.amazonaws.com/survey-images/80706a03-d9fc-4b1d-a1f4-c18646816921/q_field_photo/JPEG_20221103_143539_1100801533986559684.jpg,7.8170077,8.7573741,0.0,,0.0,,0.0,,0.0,,0.0,0.0,used box 1 and 2204,0.0,have average yields,2022.0_102_Client_AU,3,-1.490993626121968,-0.2860414732653274,,,,0.096507616341114,
106080c2-e37b-4f97-8e59-9ad32db6ee53,Rice,2022.0,Nigeria,https://mavuno-files.s3-eu-west-1.amazonaws.com/survey-images/3ef4ceeb-64a1-4755-99d3-1ef6bb1c89b4/q_wet_harvest_photo/JPEG_20221124_104256_8841846266761375487.jpg,https://mavuno-files.s3-eu-west-1.amazonaws.com/survey-images/3ef4ceeb-64a1-4755-99d3-1ef6bb1c89b4/q_harvest_bags_photo/JPEG_20221124_104309_1514137372582213886.jpg,,,https://mavuno-files.s3-eu-west-1.amazonaws.com/survey-images/ffad06ae-e388-42da-a55e-09561a2f7e2f/q_field_photo/JPEG_20221122_150302_6288292219541447769.jpg,10.5977637,8.1423254,4.98,https://mavuno-files.s3-eu-west-1.amazonaws.com/survey-images/3ef4ceeb-64a1-4755-99d3-1ef6bb1c89b4/q_box1_wet_weight_photo/JPEG_20221124_103926_6898005405748523212.jpg,4.105,https://mavuno-files.s3-eu-west-1.amazonaws.com/survey-images/3ef4ceeb-64a1-4755-99d3-1ef6bb1c89b4/q_box2_wet_weight_photo/JPEG_20221124_104228_8453090621922040706.jpg,4.965,https://mavuno-files.s3-eu-west-1.amazonaws.com/survey-images/39696853-6421-4473-9567-d76e10632ce1/q_box1_dry_weight_photo/JPEG_20221124_110413_3846334749719747526.jpg,4.075,https://mavuno-files.s3-eu-west-1.amazonaws.com/survey-images/39696853-6421-4473-9567-d76e10632ce1/q_box2_dry_weight_photo/JPEG_20221124_110836_2412502663902339040.jpg,1.24125,1.01875,used box 1 and 2254,1.13,have average yields,2022.0_104_Client_AD,0,0.0576355262864484,-0.6707809654250578,2.5220184326171875,,,,
10bd134d-f71c-4cb4-9f6e-9e25d94e7ba4,Rice,2022.0,Nigeria,https://mavuno-files.s3-eu-west-1.amazonaws.com/survey-images/76aa1283-c9da-409a-802f-1b17e946487d/q_wet_harvest_photo/JPEG_20221119_121244_2588640042235371354.jpg,https://mavuno-files.s3-eu-west-1.amazonaws.com/survey-images/76aa1283-c9da-409a-802f-1b17e946487d/q_harvest_bags_photo/JPEG_20221119_121326_7831975903508532435.jpg,,,https://mavuno-files.s3-eu-west-1.amazonaws.com/survey-images/9f43605f-515b-43bf-97b8-4b728710f51a/q_field_photo/JPEG_20221105_111919_461078687283515207.jpg,11.6347399,9.0290498,13.25,https://mavuno-files.s3-eu-west-1.amazonaws.com/survey-images/76aa1283-c9da-409a-802f-1b17e946487d/q_box1_wet_weight_photo/JPEG_20221119_121036_4815009690846509974.jpg,12.2,https://mavuno-files.s3-eu-west-1.amazonaws.com/survey-images/76aa1283-c9da-409a-802f-1b17e946487d/q_box2_wet_weight_photo/JPEG_20221119_121212_3260194331099101021.jpg,11.58,https://mavuno-files.s3-eu-west-1.amazonaws.com/survey-images/eaea9097-4b2c-47b5-b265-d38b6f8eda31/q_box1_dry_weight_photo/JPEG_20221125_114619_8096000598230541839.jpg,10.9,https://mavuno-files.s3-eu-west-1.amazonaws.com/survey-images/eaea9097-4b2c-47b5-b265-d38b6f8eda31/q_box2_dry_weight_photo/JPEG_20221125_114750_1085680741415574888.jpg,2.895,2.725,used box 1 and 2310,2.81,have average yields,2022.0_56_Client_P,3,0.6351373184874542,-0.1160966041027079,,,,2.821784019470215,
10f11b7c-a26b-4575-b45e-6088b932747d,Rice,2022.0,Nigeria,https://mavuno-files.s3-eu-west-1.amazonaws.com/survey-images/d298eeaa-e202-4e1b-a2d0-52e6f2da0592/q_wet_harvest_photo/JPEG_20221121_144823_7667313481174810071.jpg,https://mavuno-files.s3-eu-west-1.amazonaws.com/survey-images/d298eeaa-e202-4e1b-a2d0-52e6f2da0592/q_harvest_bags_photo/JPEG_20221121_144908_1728479007556302297.jpg,,,https://mavuno-files.s3-eu-west-1.amazonaws.com/survey-images/89483f79-dc1b-4d61-b460-7d61b4a5d27f/q_field_photo/JPEG_20221116_174435_3750820262463665656.jpg,10.0108134,11.1833629,1.23,https://mavuno-files.s3-eu-west-1.amazonaws.com/survey-images/d298eeaa-e202-4e1b-a2d0-52e6f2da0592/q_box1_wet_weight_photo/JPEG_20221121_144148_1157016783140869528.jpg,1.18,https://mavuno-files.s3-eu-west-1.amazonaws.com/survey-images/d298eeaa-e202-4e1b-a2d0-52e6f2da0592/q_box2_wet_weight_photo/JPEG_20221121_144329_8222143748819178117.jpg,1.02,https://mavuno-files.s3-eu-west-1.amazonaws.com/survey-images/0e7fc35b-084c-4ab5-9fb0-f53bff09e30c/q_box1_dry_weight_photo/JPEG_20221202_140334_2326355866287707661.jpg,0.915,https://mavuno-files.s3-eu-west-1.amazonaws.com/survey-images/0e7fc35b-084c-4ab5-9fb0-f53bff09e30c/q_box2_dry_weight_photo/JPEG_20221202_140624_8238773594535492239.jpg,0.255,0.22875,used box 1 and 2343,0.241875,have average yields,2022.0_52_Client_S,2,-0.2692426124624621,1.2315191668875505,,,-0.057078655809164,,
11087d37-a598-4fe2-b01e-1d19a857e823,Rice,2022.0,Nigeria,https://mavuno-files.s3-eu-west-1.amazonaws.com/survey-images/423e6282-f049-4aea-9b62-4995d98fd4ae/q_wet_harvest_photo/JPEG_20221022_131651_107708830143655002.jpg,https://mavuno-files.s3-eu-west-1.amazonaws.com/survey-images/423e6282-f049-4aea-9b62-4995d98fd4ae/q_harvest_bags_photo/JPEG_20221022_131719_3491895370832078246.jpg,,,https://mavuno-files.s3-eu-west-1.amazonaws.com/survey-images/13eb07f7-31ed-40d7-b0b0-8fe28c414fbb/q_field_photo/JPEG_20221022_121140_6358828162093931586.jpg,11.53313408,8.973020799,16.64,https://mavuno-files.s3-eu-west-1.amazonaws.com/survey-images/423e6282-f049-4aea-9b62-4995d98fd4ae/q_box1_wet_weight_photo/JPEG_20221022_131312_3438211430979178259.jpg,15.61,https://mavuno-files.s3-eu-west-1.amazonaws.com/survey-images/423e6282-f049-4aea-9b62-4995d98fd4ae/q_box2_wet_weight_photo/JPEG_20221022_131449_4995445319163239700.jpg,13.48,https://mavuno-files.s3-eu-west-1.amazonaws.com/survey-images/8bf50362-dd23-48c9-a600-f1e18b5622f1/q_box1_dry_weight_photo/JPEG_20221125_103059_8974164362419885468.jpg,12.35,https://mavuno-files.s3-eu-west-1.amazonaws.com/survey-images/8bf50362-dd23-48c9-a600-f1e18b5622f1/q_box2_dry_weight_photo/JPEG_20221125_103209_2490977676242886749.jpg,3.37,3.0875,used box 1 and 2360,3.22875,have average yields,2022.0_201_Client_K,3,0.5785520823479434,-0.1511451610559323,,,,3.3867435455322266,
113591d1-e2a6-4e71-8c74-63989fa39a62,Rice,2022.0,Nigeria,https://mavuno-files.s3-eu-west-1.amazonaws.com/survey-images/de883b49-4bd4-4527-b6d7-0ef436983fff/q_wet_harvest_photo/JPEG_20221114_181551_6429850549700292918.jpg,https://mavuno-files.s3-eu-west-1.amazonaws.com/survey-images/de883b49-4bd4-4527-b6d7-0ef436983fff/q_harvest_bags_photo/JPEG_20221114_181633_6424652106253743201.jpg,,,https://mavuno-files.s3-eu-west-1.amazonaws.com/survey-images/9a22026d-645c-4f6b-a1a4-271519afa002/q_field_photo/JPEG_20221031_133141_6309586027257364487.jpg,8.0889467,9.1615697,2.235,https://mavuno-files.s3-eu-west-1.amazonaws.com/survey-images/de883b49-4bd4-4527-b6d7-0ef436983fff/q_box1_wet_weight_photo/JPEG_20221114_181147_7127279001875412870.jpg,3.125,https://mavuno-files.s3-eu-west-1.amazonaws.com/survey-images/de883b49-4bd4-4527-b6d7-0ef436983fff/q_box2_wet_weight_photo/JPEG_20221114_181341_1883548005630451097.jpg,2.075,https://mavuno-files.s3-eu-west-1.amazonaws.com/survey-images/dff0fb8e-4b49-42c3-a78a-50c0228d55e7/q_box1_dry_weight_photo/JPEG_20221116_112336_7087468872474423633.jpg,3.005,https://mavuno-files.s3-eu-west-1.amazonaws.com/survey-images/dff0fb8e-4b49-42c3-a78a-50c0228d55e7/q_box2_dry_weight_photo/JPEG_20221116_112641_729123389951746395.jpg,0.51875,0.75125,used box 1 and 2375,0.635,have average yields,2022.0_173_Client_AU,1,-1.33954824109833,-0.0331996903671641,,0.5838443636894226,,,
115d8c03-2f66-407d-b14e-7d6417e2b869,Rice,2022.0,Nigeria,https://mavuno-files.s3-eu-west-1.amazonaws.com/survey-images/1eb38711-c6c0-46ff-afa7-6b0e0036f5cc/q_wet_harvest_photo/JPEG_20221212_130118_5639692292237881528.jpg,https://mavuno-files.s3-eu-west-1.amazonaws.com/survey-images/1eb38711-c6c0-46ff-afa7-6b0e0036f5cc/q_harvest_bags_photo/JPEG_20221212_130203_2182221529258270913.jpg,,,https://mavuno-files.s3-eu-west-1.amazonaws.com/survey-images/917304de-c509-4060-8baa-11e43ccdb53f/q_field_photo/JPEG_20221124_113219_1151337770213019064.jpg,9.5751967,6.792055,9.175,https://mavuno-files.s3-eu-west-1.amazonaws.com/survey-images/1eb38711-c6c0-46ff-afa7-6b0e0036f5cc/q_box1_wet_weight_photo/JPEG_20221212_125853_9023939047914126344.jpg,9.425,https://mavuno-files.s3-eu-west-1.amazonaws.com/survey-images/1eb38711-c6c0-46ff-afa7-6b0e0036f5cc/q_box2_wet_weight_photo/JPEG_20221212_130028_4386444093007044402.jpg,8.91,https://mavuno-files.s3-eu-west-1.amazonaws.com/survey-images/1a5ebcac-a96a-4a0f-930d-36c401da4061/q_box1_dry_weight_photo/JPEG_20221212_133248_6111950416748666515.jpg,8.63,https://mavuno-files.s3-eu-west-1.amazonaws.com/survey-images/1a5ebcac-a96a-4a0f-930d-36c401da4061/q_box2_dry_weight_photo/JPEG_20221212_133358_8321570878523151735.jpg,2.2275,2.1575,used box 1 and 2391,2.1925,have average yields,2022.0_17_Client_P,1,-0.5118416470041308,-1.5154333449428374,,1.8073811531066888,,,
11a1a212-f31c-4245-ad4b-c914b97fbc85,Rice,2022.0,Nigeria,,,,,https://mavuno-files.s3-eu-west-1.amazonaws.com/survey-images/3c874ae0-6105-48cf-8847-1d2f92517308/q_field_photo/JPEG_20220719_103212_1153460826688894423.jpg,12.592768,10.5407555,0.0,,0.0,,0.0,,0.0,,0.0,0.0,used box 1 and 2424,0.0,have average yields,2022.0_105_Client_BW,0,1.1686721717742743,0.8295405191250473,-0.0928601920604705,,,,
11b34ea2-8f3d-4b43-92ca-1175e1fa1214,Rice,2022.0,Nigeria,https://mavuno-files.s3-eu-west-1.amazonaws.com/survey-images/dbc35112-fc45-4ec2-8f4e-fd1bf290e4eb/q_wet_harvest_photo/JPEG_20221119_125504_1925649257303283897.jpg,https://mavuno-files.s3-eu-west-1.amazonaws.com/survey-images/dbc35112-fc45-4ec2-8f4e-fd1bf290e4eb/q_harvest_bags_photo/JPEG_20221119_125514_7279001102129753054.jpg,,,https://mavuno-files.s3-eu-west-1.amazonaws.com/survey-images/1b20b060-3f27-4040-95ec-8648b58a21ac/q_field_photo/JPEG_20221105_125917_8744239862462432846.jpg,11.6350704,9.0284808,15.44,https://mavuno-files.s3-eu-west-1.amazonaws.com/survey-images/dbc35112-fc45-4ec2-8f4e-fd1bf290e4eb/q_box1_wet_weight_photo/JPEG_20221119_125133_7042739557349683063.jpg,14.02,https://mavuno-files.s3-eu-west-1.amazonaws.com/survey-images/dbc35112-fc45-4ec2-8f4e-fd1bf290e4eb/q_box2_wet_weight_photo/JPEG_20221119_125342_1754025471686705915.jpg,13.98,https://mavuno-files.s3-eu-west-1.amazonaws.com/survey-images/2146c7f1-f58f-4aa2-9084-992f456d76cf/q_box1_dry_weight_photo/JPEG_20221125_123910_2762576936748118917.jpg,12.58,https://mavuno-files.s3-eu-west-1.amazonaws.com/survey-images/2146c7f1-f58f-4aa2-9084-992f456d76cf/q_box2_dry_weight_photo/JPEG_20221125_124144_4533535968469253953.jpg,3.495,3.145,used box 1 and 2434,3.32,have average yields,2022.0_56_Client_P,3,0.6353213770437863,-0.1164525381466924,,,,3.173539400100708,
11bb642e-e6c0-46aa-b798-6eb7ef49bd3d,Rice,2022.0,Nigeria,https://mavuno-files.s3-eu-west-1.amazonaws.com/survey-images/bfd4f485-2129-49fe-ad35-fc266a1bca06/q_wet_harvest_photo/JPEG_20221019_110525_4370481261458008826.jpg,https://mavuno-files.s3-eu-west-1.amazonaws.com/survey-images/bfd4f485-2129-49fe-ad35-fc266a1bca06/q_harvest_bags_photo/JPEG_20221019_110612_8538100382532236087.jpg,,,https://mavuno-files.s3-eu-west-1.amazonaws.com/survey-images/6a157f1a-9fb0-4d25-bd7c-06ef1ba84a7d/q_field_photo/JPEG_20221019_105104_7087470487748506626.jpg,12.3344913,9.9280928,0.0,,0.0,,0.0,,0.0,,0.0,0.0,used box 1 and 2438,0.0,have average yields,2022.0_53_Client_BY,2,1.0248354500310357,0.4462935728861407,,,0.0189258344471454,,
12542c9b-8bb2-4dce-8688-537842354fff,Rice,2022.0,Nigeria,https://mavuno-files.s3-eu-west-1.amazonaws.com/survey-images/0a8ca267-e186-4413-83e5-df1f545c05b6/q_wet_harvest_photo/JPEG_20221214_125840_3990873567544299262.jpg,https://mavuno-files.s3-eu-west-1.amazonaws.com/survey-images/0a8ca267-e186-4413-83e5-df1f545c05b6/q_harvest_bags_photo/JPEG_20221214_125906_7760237745946571183.jpg,,,https://mavuno-files.s3-eu-west-1.amazonaws.com/survey-images/d94074c1-3885-47e1-a5a5-aa5d5d3b5e01/q_field_photo/JPEG_20221104_133027_7590385614491718816.jpg,7.7010712,8.4896843,4.925,https://mavuno-files.s3-eu-west-1.amazonaws.com/survey-images/0a8ca267-e186-4413-83e5-df1f545c05b6/q_box1_wet_weight_photo/JPEG_20221214_125536_7444690086488344322.jpg,4.98,https://mavuno-files.s3-eu-west-1.amazonaws.com/survey-images/0a8ca267-e186-4413-83e5-df1f545c05b6/q_box2_wet_weight_photo/JPEG_20221214_125747_4991157593323629557.jpg,4.555,https://mavuno-files.s3-eu-west-1.amazonaws.com/survey-images/80920333-de79-4d7a-b860-8ee3de3cddec/q_box1_dry_weight_photo/JPEG_20221214_130126_3062754527307257887.jpg,4.535,https://mavuno-files.s3-eu-west-1.amazonaws.com/survey-images/80920333-de79-4d7a-b860-8ee3de3cddec/q_box2_dry_weight_photo/JPEG_20221214_130234_740909954270397298.jpg,1.13875,1.13375,used box 1 and 2502,1.13625,have average yields,2022.0_106_Client_AU,0,-1.5555597526459053,-0.4534929900449576,1.0501950979232788,,,,
126c7f64-2dc2-449a-9e1a-84e421f947d9,Rice,2022.0,Nigeria,https://mavuno-files.s3-eu-west-1.amazonaws.com/survey-images/80e7174f-9dda-4cdc-a47c-acc4e40a4250/q_wet_harvest_photo/JPEG_20221020_160852_4614007174734490966.jpg,https://mavuno-files.s3-eu-west-1.amazonaws.com/survey-images/80e7174f-9dda-4cdc-a47c-acc4e40a4250/q_harvest_bags_photo/JPEG_20221020_160857_7989462813498896348.jpg,,,https://mavuno-files.s3-eu-west-1.amazonaws.com/survey-images/ee78e3fb-ca68-4694-8ff7-2ac373de43a8/q_field_photo/JPEG_20221020_153155_3126332061236677902.jpg,11.5032121,9.491014369,17.09,https://mavuno-files.s3-eu-west-1.amazonaws.com/survey-images/80e7174f-9dda-4cdc-a47c-acc4e40a4250/q_box1_wet_weight_photo/JPEG_20221020_160659_2416458749616836860.jpg,17.27,https://mavuno-files.s3-eu-west-1.amazonaws.com/survey-images/80e7174f-9dda-4cdc-a47c-acc4e40a4250/q_box2_wet_weight_photo/JPEG_20221020_160810_8156616125495614843.jpg,14.82,https://mavuno-files.s3-eu-west-1.amazonaws.com/survey-images/42674d57-0135-463a-9bb2-216489357eee/q_box1_dry_weight_photo/JPEG_20221204_093632_8132360894462488202.jpg,14.89,https://mavuno-files.s3-eu-west-1.amazonaws.com/survey-images/42674d57-0135-463a-9bb2-216489357eee/q_box2_dry_weight_photo/JPEG_20221204_093726_9119439899018607285.jpg,3.705,3.7225,used box 1 and 2517,3.71375,have average yields,2022.0_7_Client_K,1,0.5618882504526673,0.1728821607867217,,3.034905195236206,,,
12aba241-8649-4948-98ea-30f6b23be8ab,Rice,2022.0,Nigeria,https://mavuno-files.s3-eu-west-1.amazonaws.com/survey-images/328285c0-dc69-4793-b3e8-fa156902ca71/q_wet_harvest_photo/JPEG_20221022_152041_3247335802772577003.jpg,https://mavuno-files.s3-eu-west-1.amazonaws.com/survey-images/328285c0-dc69-4793-b3e8-fa156902ca71/q_harvest_bags_photo/JPEG_20221022_152144_8998767659750740738.jpg,,,https://mavuno-files.s3-eu-west-1.amazonaws.com/survey-images/53abd86b-3f01-46ca-9869-e6952041da43/q_field_photo/JPEG_20221018_131608_4456654805140988240.jpg,12.28329042,10.32413464,16.2,https://mavuno-files.s3-eu-west-1.amazonaws.com/survey-images/328285c0-dc69-4793-b3e8-fa156902ca71/q_box1_wet_weight_photo/JPEG_20221022_151610_4868780149565406292.jpg,14.75,https://mavuno-files.s3-eu-west-1.amazonaws.com/survey-images/328285c0-dc69-4793-b3e8-fa156902ca71/q_box2_wet_weight_photo/JPEG_20221022_151842_6197168813225766418.jpg,15.01,https://mavuno-files.s3-eu-west-1.amazonaws.com/survey-images/d8fdef19-f67a-48a0-aeab-f2f4835ba39b/q_box1_dry_weight_photo/JPEG_20221127_174429_8158862040325870823.jpg,13.41,https://mavuno-files.s3-eu-west-1.amazonaws.com/survey-images/d8fdef19-f67a-48a0-aeab-f2f4835ba39b/q_box2_dry_weight_photo/JPEG_20221127_174530_956429364617872347.jpg,3.7525,3.3525,used box 1 and 2544,3.5525,have average yields,2022.0_13_Client_K,4,0.9963211987278056,0.694034827189427,,,,,2.779848098754883
12d92551-de8e-4950-aa4e-0262a2887184,Rice,2022.0,Nigeria,https://mavuno-files.s3-eu-west-1.amazonaws.com/survey-images/283a0ded-9b25-440b-a263-9676ee959e62/q_wet_harvest_photo/JPEG_20221117_153300_1404568373218031833.jpg,https://mavuno-files.s3-eu-west-1.amazonaws.com/survey-images/283a0ded-9b25-440b-a263-9676ee959e62/q_harvest_bags_photo/JPEG_20221117_153346_3019997835587782271.jpg,,,https://mavuno-files.s3-eu-west-1.amazonaws.com/survey-images/244bf779-4f4f-4920-9447-a681981ca56f/q_field_photo/JPEG_20221116_114444_6597124414092915576.jpg,11.975315,8.8729258,9.07,https://mavuno-files.s3-eu-west-1.amazonaws.com/survey-images/283a0ded-9b25-440b-a263-9676ee959e62/q_box1_wet_weight_photo/JPEG_20221117_152503_8420988968662482501.jpg,10.88,https://mavuno-files.s3-eu-west-1.amazonaws.com/survey-images/283a0ded-9b25-440b-a263-9676ee959e62/q_box2_wet_weight_photo/JPEG_20221117_152949_8745196779995968414.jpg,8.205,https://mavuno-files.s3-eu-west-1.amazonaws.com/survey-images/2d5183d3-3f69-49a1-ab00-71bfd58611bc/q_box1_dry_weight_photo/JPEG_20221119_104657_1503914605937856747.jpg,9.19,https://mavuno-files.s3-eu-west-1.amazonaws.com/survey-images/2d5183d3-3f69-49a1-ab00-71bfd58611bc/q_box2_dry_weight_photo/JPEG_20221119_104950_5523082219961234383.jpg,2.05125,2.2975,used box 1 and 2574,2.174375,have average yields,2022.0_56_Client_P,1,0.8248067927039667,-0.2137589005581678,,2.157018184661865,,,
13decb74-6f33-4b6c-9643-26427e6f30a2,Rice,2022.0,Nigeria,https://mavuno-files.s3-eu-west-1.amazonaws.com/survey-images/644ef0a8-537c-426b-8627-68295d452b43/q_wet_harvest_photo/JPEG_20221023_144025_8795306149486586962.jpg,https://mavuno-files.s3-eu-west-1.amazonaws.com/survey-images/644ef0a8-537c-426b-8627-68295d452b43/q_harvest_bags_photo/JPEG_20221023_144045_2680385719442577184.jpg,,,https://mavuno-files.s3-eu-west-1.amazonaws.com/survey-images/4d05a238-eec2-429f-96cc-682e4c9fd651/q_field_photo/JPEG_20221023_130758_4457596253351423521.jpg,10.9004554,10.18846449,14.26,https://mavuno-files.s3-eu-west-1.amazonaws.com/survey-images/644ef0a8-537c-426b-8627-68295d452b43/q_box1_wet_weight_photo/JPEG_20221023_143444_3140846534909063031.jpg,13.77,https://mavuno-files.s3-eu-west-1.amazonaws.com/survey-images/644ef0a8-537c-426b-8627-68295d452b43/q_box2_wet_weight_photo/JPEG_20221023_143858_1743076780317239779.jpg,11.01,https://mavuno-files.s3-eu-west-1.amazonaws.com/survey-images/64c64e12-5b4a-42c4-9cec-d26471e654cd/q_box1_dry_weight_photo/JPEG_20221108_133656_7169561503407913134.jpg,10.76,https://mavuno-files.s3-eu-west-1.amazonaws.com/survey-images/64c64e12-5b4a-42c4-9cec-d26471e654cd/q_box2_dry_weight_photo/JPEG_20221108_133818_58125596904983389.jpg,2.7525,2.69,used box 1 and 2711,2.72125,have average yields,2022.0_179_Client_K,1,0.226207378981206,0.6091672961919061,,2.313762903213501,,,
14318760-dcc9-4c03-929b-9de729d45fd3,Rice,2022.0,Nigeria,https://mavuno-files.s3-eu-west-1.amazonaws.com/survey-images/22268db2-b59f-4743-bf5e-2647194c426c/q_wet_harvest_photo/JPEG_20221208_163114_3950469526028050323.jpg,https://mavuno-files.s3-eu-west-1.amazonaws.com/survey-images/22268db2-b59f-4743-bf5e-2647194c426c/q_harvest_bags_photo/JPEG_20221208_163122_3135607615664944976.jpg,,,https://mavuno-files.s3-eu-west-1.amazonaws.com/survey-images/ff596a54-385d-4790-9e32-e34212369d02/q_field_photo/JPEG_20221026_142401_8796317116872259797.jpg,9.7596516,6.8018518,8.19,https://mavuno-files.s3-eu-west-1.amazonaws.com/survey-images/22268db2-b59f-4743-bf5e-2647194c426c/q_box1_wet_weight_photo/JPEG_20221208_162312_4499603561212133978.jpg,8.445,https://mavuno-files.s3-eu-west-1.amazonaws.com/survey-images/22268db2-b59f-4743-bf5e-2647194c426c/q_box2_wet_weight_photo/JPEG_20221208_162935_8798023725026497213.jpg,7.545,https://mavuno-files.s3-eu-west-1.amazonaws.com/survey-images/30a9dd84-0db6-47fc-ad05-7d1ca0b3f7c5/q_box1_dry_weight_photo/JPEG_20221209_160306_866102838758771927.jpg,7.235,https://mavuno-files.s3-eu-west-1.amazonaws.com/survey-images/30a9dd84-0db6-47fc-ad05-7d1ca0b3f7c5/q_box2_dry_weight_photo/JPEG_20221209_160425_1733988063236409904.jpg,1.88625,1.80875,used box 1 and 2751,1.8475,have average yields,2022.0_17_Client_P,1,-0.409116979523568,-1.5093050239549382,,1.653972864151001,,,
153f6318-acf0-4fa9-b9a7-738a1c0e90a3,Rice,2022.0,Nigeria,https://mavuno-files.s3-eu-west-1.amazonaws.com/survey-images/eacf3b4d-89f5-4a83-80f0-b6cfb73751b8/q_wet_harvest_photo/JPEG_20221017_150110_2727448005615251343.jpg,https://mavuno-files.s3-eu-west-1.amazonaws.com/survey-images/eacf3b4d-89f5-4a83-80f0-b6cfb73751b8/q_harvest_bags_photo/JPEG_20221017_150129_3747322241614365360.jpg,,,https://mavuno-files.s3-eu-west-1.amazonaws.com/survey-images/692e43e5-e062-4cd5-8c31-043dbbd451a6/q_field_photo/JPEG_20221021_073948_2396289547345031484.jpg,10.90602323,10.08952014,13.97,https://mavuno-files.s3-eu-west-1.amazonaws.com/survey-images/eacf3b4d-89f5-4a83-80f0-b6cfb73751b8/q_box1_wet_weight_photo/JPEG_20221017_145820_8797273404298888645.jpg,14.42,https://mavuno-files.s3-eu-west-1.amazonaws.com/survey-images/eacf3b4d-89f5-4a83-80f0-b6cfb73751b8/q_box2_wet_weight_photo/JPEG_20221017_145935_420294944283310531.jpg,11.16,https://mavuno-files.s3-eu-west-1.amazonaws.com/survey-images/446d4fd6-464d-496b-8ec1-f4c5bc493ed3/q_box1_dry_weight_photo/JPEG_20221103_132926_3395929609828250085.jpg,12.23,https://mavuno-files.s3-eu-west-1.amazonaws.com/survey-images/446d4fd6-464d-496b-8ec1-f4c5bc493ed3/q_box2_dry_weight_photo/JPEG_20221103_133054_1975691900713023835.jpg,2.79,3.0575,used box 1 and 2894,2.92375,have average yields,2022.0_179_Client_K,0,0.2293081558396052,0.5472733372727592,2.9697070121765137,,,,
1655f124-4b48-4722-bf33-b7e2e49a4180,Rice,2022.0,Nigeria,https://mavuno-files.s3-eu-west-1.amazonaws.com/survey-images/d05743dd-4cc5-41ad-bfed-86e8d5219ada/q_wet_harvest_photo/JPEG_20221025_173652_5558649273680400513.jpg,https://mavuno-files.s3-eu-west-1.amazonaws.com/survey-images/d05743dd-4cc5-41ad-bfed-86e8d5219ada/q_harvest_bags_photo/JPEG_20221025_173700_8413878188135388837.jpg,,,https://mavuno-files.s3-eu-west-1.amazonaws.com/survey-images/63a09b23-9666-418b-9f60-d3f710393f25/q_field_photo/JPEG_20221025_161221_205092235370551483.jpg,11.91540101,7.923168987,15.13,https://mavuno-files.s3-eu-west-1.amazonaws.com/survey-images/d05743dd-4cc5-41ad-bfed-86e8d5219ada/q_box1_wet_weight_photo/JPEG_20221025_173251_6311174419732250749.jpg,14.72,https://mavuno-files.s3-eu-west-1.amazonaws.com/survey-images/d05743dd-4cc5-41ad-bfed-86e8d5219ada/q_box2_wet_weight_photo/JPEG_20221025_173348_9110606618431284932.jpg,12.13,https://mavuno-files.s3-eu-west-1.amazonaws.com/survey-images/02010155-185a-4a17-9130-e944f315d7bf/q_box1_dry_weight_photo/JPEG_20221121_123802_6638263936662667029.jpg,11.48,https://mavuno-files.s3-eu-west-1.amazonaws.com/survey-images/02010155-185a-4a17-9130-e944f315d7bf/q_box2_dry_weight_photo/JPEG_20221121_123906_621184216589811441.jpg,3.0325,2.87,used box 1 and 3062,2.95125,have average yields,2022.0_74_Client_K,2,0.7914401285482097,-0.8078727551340165,,,3.106700897216797,,
16f5246d-eea5-4133-8768-43d751d90cce,Rice,2022.0,Nigeria,https://mavuno-files.s3-eu-west-1.amazonaws.com/survey-images/cd332a16-a2fe-4f35-8f44-06c42c9797a2/q_wet_harvest_photo/JPEG_20221020_180043_4742744638728676145.jpg,https://mavuno-files.s3-eu-west-1.amazonaws.com/survey-images/cd332a16-a2fe-4f35-8f44-06c42c9797a2/q_harvest_bags_photo/JPEG_20221020_180103_3072164779917906266.jpg,,,https://mavuno-files.s3-eu-west-1.amazonaws.com/survey-images/d1751fdf-c592-4c01-ae35-5b7c6c5c4349/q_field_photo/JPEG_20221020_162935_2032174510128714211.jpg,10.89160335,10.08615531,17.1,https://mavuno-files.s3-eu-west-1.amazonaws.com/survey-images/cd332a16-a2fe-4f35-8f44-06c42c9797a2/q_box1_wet_weight_photo/JPEG_20221020_175717_822510601277004579.jpg,16.64,https://mavuno-files.s3-eu-west-1.amazonaws.com/survey-images/cd332a16-a2fe-4f35-8f44-06c42c9797a2/q_box2_wet_weight_photo/JPEG_20221020_175858_7290974198734571226.jpg,14.28,https://mavuno-files.s3-eu-west-1.amazonaws.com/survey-images/d0e6b160-bd84-47f8-9edd-e8b0c485fafb/q_box1_dry_weight_photo/JPEG_20221106_180713_8457157374589568533.jpg,13.05,https://mavuno-files.s3-eu-west-1.amazonaws.com/survey-images/d0e6b160-bd84-47f8-9edd-e8b0c485fafb/q_box2_dry_weight_photo/JPEG_20221106_180817_3986192198330597190.jpg,3.57,3.2625,used box 1 and 3145,3.41625,have average yields,2022.0_179_Client_K,4,0.221277589136798,0.5451684909648109,,,,,1.83633291721344
16f90177-3c6f-41e4-ad39-94f586d21c8a,Rice,2022.0,Nigeria,https://mavuno-files.s3-eu-west-1.amazonaws.com/survey-images/585f9be8-b9a7-45a1-80ff-adfaa0dde1aa/q_wet_harvest_photo/JPEG_20221024_121325_2841349029153376893.jpg,https://mavuno-files.s3-eu-west-1.amazonaws.com/survey-images/585f9be8-b9a7-45a1-80ff-adfaa0dde1aa/q_harvest_bags_photo/JPEG_20221024_121429_6095044712998736119.jpg,,,https://mavuno-files.s3-eu-west-1.amazonaws.com/survey-images/a1e19529-98e7-4242-8726-ca28087b84d4/q_field_photo/JPEG_20221019_133805_5039709034580173272.jpg,12.29325978,10.36025058,16.8,https://mavuno-files.s3-eu-west-1.amazonaws.com/survey-images/585f9be8-b9a7-45a1-80ff-adfaa0dde1aa/q_box1_wet_weight_photo/JPEG_20221024_115137_4281171759021844892.jpg,17.44,https://mavuno-files.s3-eu-west-1.amazonaws.com/survey-images/585f9be8-b9a7-45a1-80ff-adfaa0dde1aa/q_box2_wet_weight_photo/JPEG_20221024_120229_4942216988612025805.jpg,15.13,https://mavuno-files.s3-eu-west-1.amazonaws.com/survey-images/a0b43f12-a710-4d32-96b6-9e5ac60bf1dc/q_box1_dry_weight_photo/JPEG_20221130_091557_7585291024216834786.jpg,16.65,https://mavuno-files.s3-eu-west-1.amazonaws.com/survey-images/a0b43f12-a710-4d32-96b6-9e5ac60bf1dc/q_box2_dry_weight_photo/JPEG_20221130_091619_3700172540533100172.jpg,3.7825,4.1625,used box 1 and 3148,3.9725,have average yields,2022.0_13_Client_K,0,1.0018732290126826,0.7166269055313068,2.513230800628662,,,,
16ff3197-fa1f-4c6c-80b8-019862ce86d0,Rice,2022.0,Nigeria,https://mavuno-files.s3-eu-west-1.amazonaws.com/survey-images/37de39eb-5a72-4c4e-b8ee-023deb0d7074/q_wet_harvest_photo/JPEG_20221129_121420_8564896339589324316.jpg,https://mavuno-files.s3-eu-west-1.amazonaws.com/survey-images/37de39eb-5a72-4c4e-b8ee-023deb0d7074/q_harvest_bags_photo/JPEG_20221129_121431_7191866592626023515.jpg,,,https://mavuno-files.s3-eu-west-1.amazonaws.com/survey-images/4ad1e5ed-427a-4083-abe3-83b722f4dd9c/q_field_photo/JPEG_20221116_135258_5432321634381187436.jpg,11.1046071,4.559522278,7.435,https://mavuno-files.s3-eu-west-1.amazonaws.com/survey-images/37de39eb-5a72-4c4e-b8ee-023deb0d7074/q_box1_wet_weight_photo/JPEG_20221129_120509_733590742977111385.jpg,7.355,https://mavuno-files.s3-eu-west-1.amazonaws.com/survey-images/37de39eb-5a72-4c4e-b8ee-023deb0d7074/q_box2_wet_weight_photo/JPEG_20221129_121246_7806631443860670509.jpg,7.385,https://mavuno-files.s3-eu-west-1.amazonaws.com/survey-images/6a7ca7f8-d5d9-41fd-8622-3fd8bc758148/q_box1_dry_weight_photo/JPEG_20221129_140120_4136199025494117733.jpg,7.14,https://mavuno-files.s3-eu-west-1.amazonaws.com/survey-images/6a7ca7f8-d5d9-41fd-8622-3fd8bc758148/q_box2_dry_weight_photo/JPEG_20221129_140315_6877985666307241364.jpg,1.84625,1.785,used box 1 and 3153,1.815625,have average yields,2022.0_129_Client_P,0,0.3399013795097451,-2.911978863520898,1.9592424631118768,,,,
17103c22-2b66-4df4-8939-d1498575ae99,Rice,2022.0,Nigeria,https://mavuno-files.s3-eu-west-1.amazonaws.com/survey-images/cfadfdd3-12fc-4307-857b-c4c2ed1fc731/q_wet_harvest_photo/JPEG_20221114_150855_2433635901882019074.jpg,https://mavuno-files.s3-eu-west-1.amazonaws.com/survey-images/cfadfdd3-12fc-4307-857b-c4c2ed1fc731/q_harvest_bags_photo/JPEG_20221114_151000_5324311320606307018.jpg,,,https://mavuno-files.s3-eu-west-1.amazonaws.com/survey-images/bc60b671-4eb6-4dd3-b712-c9e8621fd25d/q_field_photo/JPEG_20221025_094711_8113973736606299697.jpg,8.56317,8.4194117,5.435,https://mavuno-files.s3-eu-west-1.amazonaws.com/survey-images/cfadfdd3-12fc-4307-857b-c4c2ed1fc731/q_box1_wet_weight_photo/JPEG_20221114_150022_6335428170240095072.jpg,4.645,https://mavuno-files.s3-eu-west-1.amazonaws.com/survey-images/cfadfdd3-12fc-4307-857b-c4c2ed1fc731/q_box2_wet_weight_photo/JPEG_20221114_150502_156776263637846031.jpg,3.185,https://mavuno-files.s3-eu-west-1.amazonaws.com/survey-images/538cec16-b4f9-4abd-a51c-046f43832631/q_box1_dry_weight_photo/JPEG_20221114_152510_5092221743194718691.jpg,2.07,https://mavuno-files.s3-eu-west-1.amazonaws.com/survey-images/538cec16-b4f9-4abd-a51c-046f43832631/q_box2_dry_weight_photo/JPEG_20221114_153036_7248900327474648213.jpg,0.79625,0.5175,used box 1 and 3167,0.656875,have average yields,2022.0_169_Client_AU,4,-1.0754488281576324,-0.4974515325745886,,,,,1.0207363367080688
1719a35c-3196-4e43-807e-999cac944848,Rice,2022.0,Nigeria,https://mavuno-files.s3-eu-west-1.amazonaws.com/survey-images/a4052324-baf9-4565-886e-ace7e7e02923/q_wet_harvest_photo/JPEG_20221130_120843_8788025432294263920.jpg,https://mavuno-files.s3-eu-west-1.amazonaws.com/survey-images/a4052324-baf9-4565-886e-ace7e7e02923/q_harvest_bags_photo/JPEG_20221130_120859_3748815935336033259.jpg,,,https://mavuno-files.s3-eu-west-1.amazonaws.com/survey-images/f654c1f2-2635-476e-9c12-d6f379df90dc/q_field_photo/JPEG_20221130_104714_7039786294252271103.jpg,10.5256412,5.4726653,7.52,https://mavuno-files.s3-eu-west-1.amazonaws.com/survey-images/a4052324-baf9-4565-886e-ace7e7e02923/q_box1_wet_weight_photo/JPEG_20221130_120440_7763290138518958537.jpg,8.21,https://mavuno-files.s3-eu-west-1.amazonaws.com/survey-images/a4052324-baf9-4565-886e-ace7e7e02923/q_box2_wet_weight_photo/JPEG_20221130_120647_4649968295200360938.jpg,6.545,https://mavuno-files.s3-eu-west-1.amazonaws.com/survey-images/016ecb17-e309-4b7a-a428-fb01cfe22996/q_box1_dry_weight_photo/JPEG_20221207_181436_8445102248463657281.jpg,7.05,https://mavuno-files.s3-eu-west-1.amazonaws.com/survey-images/016ecb17-e309-4b7a-a428-fb01cfe22996/q_box2_dry_weight_photo/JPEG_20221207_181519_9196820514030234046.jpg,1.63625,1.7625,used box 1 and 3172,1.699375,have average yields,2022.0_85_Client_P,4,0.0174698281652991,-2.3407685145623813,,,,,1.1884664297103882
176e7545-b22c-4f9b-aa25-9e128af6a7f5,Rice,2022.0,Nigeria,,,,,https://mavuno-files.s3-eu-west-1.amazonaws.com/survey-images/ed07976b-991f-45b1-8d55-eddd7866848e/q_field_photo/JPEG_20220829_115229_6966921610572758573.jpg,6.4487021,8.5150687,0.0,,0.0,,0.0,,0.0,,0.0,0.0,used box 1 and 3213,0.0,have average yields,2022.0_98_Client_AY,2,-2.2530158753102065,-0.4376139528812671,,,0.0112703377380967,,
17764f28-14fa-439b-952c-ef86b9379ea9,Rice,2022.0,Nigeria,https://mavuno-files.s3-eu-west-1.amazonaws.com/survey-images/01888160-a3dc-49ca-b737-f2b9edee18cf/q_wet_harvest_photo/JPEG_20221022_001521_8272985638453445369.jpg,https://mavuno-files.s3-eu-west-1.amazonaws.com/survey-images/01888160-a3dc-49ca-b737-f2b9edee18cf/q_harvest_bags_photo/JPEG_20221022_001609_954521162974654475.jpg,,,https://mavuno-files.s3-eu-west-1.amazonaws.com/survey-images/ff00d4ce-70cb-45bc-8189-869c05c73016/q_field_photo/JPEG_20221022_100310_3821058667743144288.jpg,12.54796327,10.54848365,14.66,https://mavuno-files.s3-eu-west-1.amazonaws.com/survey-images/01888160-a3dc-49ca-b737-f2b9edee18cf/q_box1_wet_weight_photo/JPEG_20221022_001108_6499619063651166805.jpg,15.59,https://mavuno-files.s3-eu-west-1.amazonaws.com/survey-images/01888160-a3dc-49ca-b737-f2b9edee18cf/q_box2_wet_weight_photo/JPEG_20221022_001336_6672965442376392906.jpg,12.74,https://mavuno-files.s3-eu-west-1.amazonaws.com/survey-images/48e31296-c258-4dc3-82be-9364ea91bf86/q_box1_dry_weight_photo/JPEG_20221026_104322_7198152366701714361.jpg,13.39,https://mavuno-files.s3-eu-west-1.amazonaws.com/survey-images/48e31296-c258-4dc3-82be-9364ea91bf86/q_box2_dry_weight_photo/JPEG_20221026_104432_6793163802976503023.jpg,3.185,3.3475,used box 1 and 3219,3.26625,have average yields,2022.0_105_Client_K,3,1.1437199965227292,0.8343748103061104,,,,2.7837133407592773,
17e528bf-743b-4ed8-b8f8-4ac4a374e6c5,Rice,2022.0,Nigeria,https://mavuno-files.s3-eu-west-1.amazonaws.com/survey-images/966f654e-e91f-461b-bff9-afb134df1edd/q_wet_harvest_photo/JPEG_20221019_022502_4173927741059896975.jpg,https://mavuno-files.s3-eu-west-1.amazonaws.com/survey-images/966f654e-e91f-461b-bff9-afb134df1edd/q_harvest_bags_photo/JPEG_20221019_022556_2485813956649575292.jpg,,,https://mavuno-files.s3-eu-west-1.amazonaws.com/survey-images/5a22a503-2811-46ad-8696-90efa60b63f2/q_field_photo/JPEG_20221020_131259_2320281204184070923.jpg,12.550885,10.555431,15.61,https://mavuno-files.s3-eu-west-1.amazonaws.com/survey-images/966f654e-e91f-461b-bff9-afb134df1edd/q_box1_wet_weight_photo/JPEG_20221019_022110_5161471958284406529.jpg,16.0,https://mavuno-files.s3-eu-west-1.amazonaws.com/survey-images/966f654e-e91f-461b-bff9-afb134df1edd/q_box2_wet_weight_photo/JPEG_20221019_022318_7427994557321936130.jpg,12.81,https://mavuno-files.s3-eu-west-1.amazonaws.com/survey-images/5f52185b-cfd2-4ff1-8bc7-8c2af37df110/q_box1_dry_weight_photo/JPEG_20221023_104724_4464884316262234569.jpg,12.77,https://mavuno-files.s3-eu-west-1.amazonaws.com/survey-images/5f52185b-cfd2-4ff1-8bc7-8c2af37df110/q_box2_dry_weight_photo/JPEG_20221023_104847_1464200181260607815.jpg,3.2025,3.1925,used box 1 and 3277,3.1975,have average yields,2022.0_105_Client_K,4,1.1453471354207354,0.8387206774071322,,,,,2.3706374168395996
18394267-5395-4079-a551-5fe78f0e3a61,Rice,2022.0,Nigeria,https://mavuno-files.s3-eu-west-1.amazonaws.com/survey-images/49b0aacc-7bc2-467b-8514-287c280ef68c/q_wet_harvest_photo/JPEG_20221021_153510_7659680748028208440.jpg,https://mavuno-files.s3-eu-west-1.amazonaws.com/survey-images/49b0aacc-7bc2-467b-8514-287c280ef68c/q_harvest_bags_photo/JPEG_20221021_153530_8818988580766573625.jpg,,,https://mavuno-files.s3-eu-west-1.amazonaws.com/survey-images/235cd30b-303f-44c0-841e-a1c59e34df89/q_field_photo/JPEG_20221021_141954_1234274804176893414.jpg,11.6792288,8.121958561,12.72,https://mavuno-files.s3-eu-west-1.amazonaws.com/survey-images/49b0aacc-7bc2-467b-8514-287c280ef68c/q_box1_wet_weight_photo/JPEG_20221021_153327_5955424434605887318.jpg,13.63,https://mavuno-files.s3-eu-west-1.amazonaws.com/survey-images/49b0aacc-7bc2-467b-8514-287c280ef68c/q_box2_wet_weight_photo/JPEG_20221021_153422_4996006592550334670.jpg,10.31,https://mavuno-files.s3-eu-west-1.amazonaws.com/survey-images/9aaf53fe-35ae-4baa-a6e0-b0b21fefefa4/q_box1_dry_weight_photo/JPEG_20221127_115204_6687159829907880504.jpg,11.38,https://mavuno-files.s3-eu-west-1.amazonaws.com/survey-images/9aaf53fe-35ae-4baa-a6e0-b0b21fefefa4/q_box2_dry_weight_photo/JPEG_20221127_115358_2147937163101552191.jpg,2.5775,2.845,used box 1 and 3322,2.71125,have average yields,2022.0_74_Client_K,4,0.6599136050435507,-0.6835213017492537,,,,,2.70329213142395
183cf468-590d-444b-89c1-dcd0e123ac77,Rice,2022.0,Nigeria,https://mavuno-files.s3-eu-west-1.amazonaws.com/survey-images/ea20fcd5-f849-43ac-9092-77065b4540c6/q_wet_harvest_photo/JPEG_20221123_165748_4177408874911677032.jpg,https://mavuno-files.s3-eu-west-1.amazonaws.com/survey-images/ea20fcd5-f849-43ac-9092-77065b4540c6/q_harvest_bags_photo/JPEG_20221123_165826_3896875784195190807.jpg,,,https://mavuno-files.s3-eu-west-1.amazonaws.com/survey-images/7761c294-4152-4127-ab64-a266b6600abd/q_field_photo/JPEG_20221012_115331_6263791585437020722.jpg,8.0632361,8.1252681,0.69,https://mavuno-files.s3-eu-west-1.amazonaws.com/survey-images/ea20fcd5-f849-43ac-9092-77065b4540c6/q_box1_wet_weight_photo/JPEG_20221123_165040_8227592481554270031.jpg,0.91,https://mavuno-files.s3-eu-west-1.amazonaws.com/survey-images/ea20fcd5-f849-43ac-9092-77065b4540c6/q_box2_wet_weight_photo/JPEG_20221123_165316_8080474762952590573.jpg,0.49,https://mavuno-files.s3-eu-west-1.amazonaws.com/survey-images/b0fba9f3-bf6d-4ee4-9431-2caab0248b42/q_box1_dry_weight_photo/JPEG_20221124_173646_4130263411004756227.jpg,0.575,https://mavuno-files.s3-eu-west-1.amazonaws.com/survey-images/b0fba9f3-bf6d-4ee4-9431-2caab0248b42/q_box2_dry_weight_photo/JPEG_20221124_173923_5461328496891189499.jpg,0.1225,0.14375,used box 1 and 3325,0.133125,have average yields,2022.0_101_Client_AU,0,-1.3538667158893265,-0.6814510423467985,1.0122112035751345,,,,
18c15e4f-c6ec-406f-92f4-2661de008ad1,Rice,2022.0,Nigeria,https://mavuno-files.s3-eu-west-1.amazonaws.com/survey-images/391592ba-9530-4156-a016-5863f268d6ea/q_wet_harvest_photo/JPEG_20221017_151503_8107034854434264994.jpg,https://mavuno-files.s3-eu-west-1.amazonaws.com/survey-images/391592ba-9530-4156-a016-5863f268d6ea/q_harvest_bags_photo/JPEG_20221017_151551_8096929055571351455.jpg,,,https://mavuno-files.s3-eu-west-1.amazonaws.com/survey-images/1c885698-82fd-411b-92a5-68887b55c1ff/q_field_photo/JPEG_20221017_135454_4228396884993729242.jpg,12.55954273,10.57047408,14.72,https://mavuno-files.s3-eu-west-1.amazonaws.com/survey-images/391592ba-9530-4156-a016-5863f268d6ea/q_box1_wet_weight_photo/JPEG_20221017_150933_5171459973961793993.jpg,15.36,https://mavuno-files.s3-eu-west-1.amazonaws.com/survey-images/391592ba-9530-4156-a016-5863f268d6ea/q_box2_wet_weight_photo/JPEG_20221017_151257_584787754420994509.jpg,12.96,https://mavuno-files.s3-eu-west-1.amazonaws.com/survey-images/8910923c-5c55-44ff-a39a-deabe3375800/q_box1_dry_weight_photo/JPEG_20221021_102216_998566817140308811.jpg,12.84,https://mavuno-files.s3-eu-west-1.amazonaws.com/survey-images/8910923c-5c55-44ff-a39a-deabe3375800/q_box2_dry_weight_photo/JPEG_20221021_102358_4637710657982959289.jpg,3.24,3.21,used box 1 and 3384,3.225,have average yields,2022.0_105_Client_K,0,1.1501687066307529,0.8481307728348896,3.115351676940918,,,,
190a6dd8-0a41-4d34-ac70-bdd2978bc647,Rice,2022.0,Nigeria,https://mavuno-files.s3-eu-west-1.amazonaws.com/survey-images/9659c445-9506-4405-9db3-1928132fcb87/q_wet_harvest_photo/JPEG_20221119_124134_8528821920702733000.jpg,https://mavuno-files.s3-eu-west-1.amazonaws.com/survey-images/9659c445-9506-4405-9db3-1928132fcb87/q_harvest_bags_photo/JPEG_20221119_124158_3503495944615768568.jpg,,,https://mavuno-files.s3-eu-west-1.amazonaws.com/survey-images/2a53f37e-2372-47f2-95a7-d80541637343/q_field_photo/JPEG_20221015_143606_8456448411090498695.jpg,7.720055,8.132065,5.845,https://mavuno-files.s3-eu-west-1.amazonaws.com/survey-images/9659c445-9506-4405-9db3-1928132fcb87/q_box1_wet_weight_photo/JPEG_20221119_123801_1492129760629172911.jpg,5.045,https://mavuno-files.s3-eu-west-1.amazonaws.com/survey-images/9659c445-9506-4405-9db3-1928132fcb87/q_box2_wet_weight_photo/JPEG_20221119_123941_1333011508361625680.jpg,4.4,https://mavuno-files.s3-eu-west-1.amazonaws.com/survey-images/92b9f918-ef04-41d7-8512-09941ee7b57a/q_box1_dry_weight_photo/JPEG_20221203_161235_4153233304837636896.jpg,2.795,https://mavuno-files.s3-eu-west-1.amazonaws.com/survey-images/92b9f918-ef04-41d7-8512-09941ee7b57a/q_box2_dry_weight_photo/JPEG_20221203_161415_3825730025732483495.jpg,1.1,0.69875,used box 1 and 3419,0.899375,have average yields,2022.0_135_Client_AU,0,-1.5449874959993346,-0.6771992882104823,0.8828833103179932,,,,
19457fe5-f3ca-4597-bc6d-9216f84e5bb5,Rice,2022.0,Nigeria,,,,,https://mavuno-files.s3-eu-west-1.amazonaws.com/survey-images/53e806eb-2d79-45df-99a3-8a24a7ef6c29/q_field_photo/JPEG_20221020_115207_2331593660659065747.jpg,11.11073577,9.295611084,18.12,,17.59,,13.37,https://mavuno-files.s3-eu-west-1.amazonaws.com/survey-images/1bc5919d-ca5e-40e4-8ee9-90b7c9392550/q_box1_dry_weight_photo/JPEG_20221205_113348_9047619490025268501.jpg,12.41,https://mavuno-files.s3-eu-west-1.amazonaws.com/survey-images/1bc5919d-ca5e-40e4-8ee9-90b7c9392550/q_box2_dry_weight_photo/JPEG_20221205_113602_8586579559947145901.jpg,3.3425,3.1025,used box 1 and 3440,3.2225,have average yields,2022.0_197_Client_K,0,0.3433144934354147,0.0506489772400481,2.8422529697418213,,,,
19567434-2240-4a90-9d97-4aa5861ef950,Rice,2022.0,Nigeria,https://mavuno-files.s3-eu-west-1.amazonaws.com/survey-images/cc339b80-25f3-45b8-a433-dc13e0b35b51/q_wet_harvest_photo/JPEG_20221117_124126_2824921479554845339.jpg,https://mavuno-files.s3-eu-west-1.amazonaws.com/survey-images/cc339b80-25f3-45b8-a433-dc13e0b35b51/q_harvest_bags_photo/JPEG_20221117_124204_8720243960245725570.jpg,,,https://mavuno-files.s3-eu-west-1.amazonaws.com/survey-images/e39a17ad-0371-4c96-8cda-aac2dfc51d4c/q_field_photo/JPEG_20221013_122835_4273221087572277722.jpg,8.3788808,9.2670299,5.56,https://mavuno-files.s3-eu-west-1.amazonaws.com/survey-images/cc339b80-25f3-45b8-a433-dc13e0b35b51/q_box1_wet_weight_photo/JPEG_20221117_123445_6174995633858406771.jpg,5.15,https://mavuno-files.s3-eu-west-1.amazonaws.com/survey-images/cc339b80-25f3-45b8-a433-dc13e0b35b51/q_box2_wet_weight_photo/JPEG_20221117_123820_4997568222011884432.jpg,5.0,https://mavuno-files.s3-eu-west-1.amazonaws.com/survey-images/d23518df-ed2d-4fa4-afc5-7b44d2f696b5/q_box1_dry_weight_photo/JPEG_20221117_133625_3397631834202917052.jpg,4.26,https://mavuno-files.s3-eu-west-1.amazonaws.com/survey-images/d23518df-ed2d-4fa4-afc5-7b44d2f696b5/q_box2_dry_weight_photo/JPEG_20221117_133801_8749034232267573492.jpg,1.25,1.065,used box 1 and 3450,1.1575,have average yields,2022.0_173_Client_AU,3,-1.1780812157507996,0.0327702137901232,,,,0.3053313493728637,
1b083376-4dad-45e0-8fba-635c780b1ae1,Rice,2022.0,Nigeria,,,,,https://mavuno-files.s3-eu-west-1.amazonaws.com/survey-images/776caf3d-9362-4dd3-b8a4-4585dd1bbb4a/q_field_photo/JPEG_20221024_134755_7329594494733068942.jpg,11.75585116,9.627566971,0.0,,0.0,,0.0,,0.0,,0.0,0.0,used box 1 and 3684,0.0,have average yields,2022.0_56_Client_K,2,0.7025853174923713,0.2583017035750731,,,0.0977519899606704,,
1b174e10-09ac-4271-a7cc-cd17a4740589,Rice,2022.0,Nigeria,https://mavuno-files.s3-eu-west-1.amazonaws.com/survey-images/8b27bec6-2607-4ec1-98f1-d1a03fcaa17f/q_wet_harvest_photo/JPEG_20221027_142051_4393260003648414539.jpg,https://mavuno-files.s3-eu-west-1.amazonaws.com/survey-images/8b27bec6-2607-4ec1-98f1-d1a03fcaa17f/q_harvest_bags_photo/JPEG_20221027_142102_5269853464994665302.jpg,,,https://mavuno-files.s3-eu-west-1.amazonaws.com/survey-images/24bb7fec-ec0d-48b2-ac06-0967dd2c5402/q_field_photo/JPEG_20221027_133416_5032914449374680965.jpg,11.51919027,9.43469435,13.94,https://mavuno-files.s3-eu-west-1.amazonaws.com/survey-images/8b27bec6-2607-4ec1-98f1-d1a03fcaa17f/q_box1_wet_weight_photo/JPEG_20221027_141623_7024809901202177909.jpg,14.04,https://mavuno-files.s3-eu-west-1.amazonaws.com/survey-images/8b27bec6-2607-4ec1-98f1-d1a03fcaa17f/q_box2_wet_weight_photo/JPEG_20221027_141916_3821673262597958726.jpg,11.53,https://mavuno-files.s3-eu-west-1.amazonaws.com/survey-images/bde11b4a-bdc7-4d47-ba1f-13bc66252b9f/q_box1_dry_weight_photo/JPEG_20221102_131144_7718061276227577885.jpg,12.5,https://mavuno-files.s3-eu-west-1.amazonaws.com/survey-images/bde11b4a-bdc7-4d47-ba1f-13bc66252b9f/q_box2_dry_weight_photo/JPEG_20221102_131240_3611209794974788640.jpg,2.8825,3.125,used box 1 and 3690,3.00375,have average yields,2022.0_7_Client_K,3,0.5707866435026636,0.1376515595213474,,,,2.813323974609375,
1b4bd57a-c8d3-4f29-907e-0cb0fe097c28,Rice,2022.0,Nigeria,,,,,https://mavuno-files.s3-eu-west-1.amazonaws.com/survey-images/952622e9-fefe-48c5-8c9a-c92770e37e15/q_field_photo/JPEG_20220829_161512_6664962971357256574.jpg,6.4510912,8.5076636,0.0,,0.0,,0.0,,0.0,,0.0,0.0,used box 1 and 3716,0.0,have average yields,2022.0_98_Client_AY,3,-2.251685363065328,-0.4422461623524715,,,,0.2065632939338684,
1be61a42-0ba5-4f40-be56-323f0cd92266,Rice,2022.0,Nigeria,https://mavuno-files.s3-eu-west-1.amazonaws.com/survey-images/aa500164-9243-4431-b94d-075f45b1307f/q_wet_harvest_photo/JPEG_20221210_143828_3041584309534069560.jpg,https://mavuno-files.s3-eu-west-1.amazonaws.com/survey-images/aa500164-9243-4431-b94d-075f45b1307f/q_harvest_bags_photo/JPEG_20221210_143901_3683517986561428027.jpg,,,https://mavuno-files.s3-eu-west-1.amazonaws.com/survey-images/0a183ffc-2c68-46fb-90c2-7763840d890f/q_field_photo/JPEG_20221209_163026_4274312803565584487.jpg,11.9794069,8.8761449,6.865,https://mavuno-files.s3-eu-west-1.amazonaws.com/survey-images/aa500164-9243-4431-b94d-075f45b1307f/q_box1_wet_weight_photo/JPEG_20221210_143215_1788052172090061203.jpg,6.125,https://mavuno-files.s3-eu-west-1.amazonaws.com/survey-images/aa500164-9243-4431-b94d-075f45b1307f/q_box2_wet_weight_photo/JPEG_20221210_143605_3696548534382334025.jpg,5.145,https://mavuno-files.s3-eu-west-1.amazonaws.com/survey-images/043eb2f4-e116-4f97-9f43-34c43341363b/q_box1_dry_weight_photo/JPEG_20221211_120750_4515639857697359129.jpg,5.875,https://mavuno-files.s3-eu-west-1.amazonaws.com/survey-images/043eb2f4-e116-4f97-9f43-34c43341363b/q_box2_dry_weight_photo/JPEG_20221211_120939_1303118844036768195.jpg,1.28625,1.46875,used box 1 and 3802,1.3775,have average yields,2022.0_56_Client_P,1,0.8270856102732684,-0.2117452146513266,,1.7776715755462646,,,
1c29785c-f04b-42c5-9f1f-6bff8dda6624,Rice,2022.0,Nigeria,,,,,https://mavuno-files.s3-eu-west-1.amazonaws.com/survey-images/777d18ae-5590-4399-841c-daaa54a4289f/q_field_photo/JPEG_20220719_105708_4283561997208864773.jpg,12.5938957,10.5421831,0.0,,0.0,,0.0,,0.0,,0.0,0.0,used box 1 and 3838,0.0,have average yields,2022.0_105_Client_BW,2,1.1693001985033982,0.8304335445050014,,,-0.0199807882308959,,
1d084f5a-c2ee-4e52-aab8-4d99120aa0b2,Rice,2022.0,Nigeria,https://mavuno-files.s3-eu-west-1.amazonaws.com/survey-images/af913fed-9247-41c5-b57a-44605af31b4a/q_wet_harvest_photo/JPEG_20221019_084406_5890164004666550979.jpg,https://mavuno-files.s3-eu-west-1.amazonaws.com/survey-images/af913fed-9247-41c5-b57a-44605af31b4a/q_harvest_bags_photo/JPEG_20221019_084419_5660586194547035956.jpg,,,https://mavuno-files.s3-eu-west-1.amazonaws.com/survey-images/49a65068-c527-4e72-bffa-611e7c585553/q_field_photo/JPEG_20221019_073511_3992984897449255150.jpg,11.53761356,8.960094228,14.96,https://mavuno-files.s3-eu-west-1.amazonaws.com/survey-images/af913fed-9247-41c5-b57a-44605af31b4a/q_box1_wet_weight_photo/JPEG_20221019_084227_4819605414934363720.jpg,13.95,https://mavuno-files.s3-eu-west-1.amazonaws.com/survey-images/af913fed-9247-41c5-b57a-44605af31b4a/q_box2_wet_weight_photo/JPEG_20221019_084324_1702334670297731568.jpg,12.03,https://mavuno-files.s3-eu-west-1.amazonaws.com/survey-images/f606ebde-19b1-407c-8d6f-6dd0c237b6d2/q_box1_dry_weight_photo/JPEG_20221104_141855_3513468105927979675.jpg,11.23,https://mavuno-files.s3-eu-west-1.amazonaws.com/survey-images/f606ebde-19b1-407c-8d6f-6dd0c237b6d2/q_box2_dry_weight_photo/JPEG_20221104_141943_1412528659543021396.jpg,3.0075,2.8075,used box 1 and 3961,2.9075,have average yields,2022.0_201_Client_K,2,0.5810467468620653,-0.1592312888079404,,,2.696719169616699,,
1e2617e2-da93-4e01-a4f2-e42dc7237777,Rice,2022.0,Nigeria,,,,,https://mavuno-files.s3-eu-west-1.amazonaws.com/survey-images/c5eb2d8b-2102-4662-a19f-cbbbb6219ef5/q_field_photo/JPEG_20221116_083953_431507648.jpg,12.6277766,10.3620425,0.0,,0.0,,0.0,,0.0,,0.0,0.0,used box 1 and 4115,0.0,have average yields,2022.0_105_Client_BN,2,1.1881687901561129,0.7177478287863115,,,1.106179118156433,,
1ec4a2db-8bee-408f-be63-2b2a79ad8a89,Rice,2022.0,Nigeria,,,,,https://mavuno-files.s3-eu-west-1.amazonaws.com/survey-images/6393a3f6-80b2-4d61-81de-f8c40f1531a3/q_field_photo/JPEG_20221024_165617_5997130238643395979.jpg,11.75266094,9.629218876,0.0,,0.0,,0.0,,0.0,,0.0,0.0,used box 1 and 4192,0.0,have average yields,2022.0_56_Client_K,1,0.7008086539898571,0.2593350414079891,,0.3935382068157196,,,
1ee83f4e-5fed-4c16-aacd-a51cf0729bb5,Rice,2022.0,Nigeria,https://mavuno-files.s3-eu-west-1.amazonaws.com/survey-images/3422f6b2-2978-418c-9af6-930a27f73677/q_wet_harvest_photo/JPEG_20221114_174737_6884963569376024370.jpg,https://mavuno-files.s3-eu-west-1.amazonaws.com/survey-images/3422f6b2-2978-418c-9af6-930a27f73677/q_harvest_bags_photo/JPEG_20221114_174828_2384197706787348146.jpg,,,https://mavuno-files.s3-eu-west-1.amazonaws.com/survey-images/374c6970-b093-4bba-b4a4-a334e916545b/q_field_photo/JPEG_20221031_141222_8108419304961188630.jpg,8.0885747,9.1628964,4.535,https://mavuno-files.s3-eu-west-1.amazonaws.com/survey-images/3422f6b2-2978-418c-9af6-930a27f73677/q_box1_wet_weight_photo/JPEG_20221114_172931_3737383305538832160.jpg,5.99,https://mavuno-files.s3-eu-west-1.amazonaws.com/survey-images/3422f6b2-2978-418c-9af6-930a27f73677/q_box2_wet_weight_photo/JPEG_20221114_174554_5360528028870216676.jpg,4.42,https://mavuno-files.s3-eu-west-1.amazonaws.com/survey-images/fe0a77ed-7a64-4486-823f-de3bdb8f67ae/q_box1_dry_weight_photo/JPEG_20221116_115654_1747629430581426710.jpg,5.775,https://mavuno-files.s3-eu-west-1.amazonaws.com/survey-images/fe0a77ed-7a64-4486-823f-de3bdb8f67ae/q_box2_dry_weight_photo/JPEG_20221116_115928_1537844795479773714.jpg,1.105,1.44375,used box 1 and 4212,1.274375,have average yields,2022.0_173_Client_AU,4,-1.3397554113947148,-0.0323697822895626,,,,,1.795731544494629
1f34cb47-eef6-4b4a-a5bb-3989fe092d36,Rice,2022.0,Nigeria,https://mavuno-files.s3-eu-west-1.amazonaws.com/survey-images/a2357ac8-46df-4aa0-8580-fb38f46a74d5/q_wet_harvest_photo/JPEG_20220719_163141_6397960197786442113.jpg,https://mavuno-files.s3-eu-west-1.amazonaws.com/survey-images/a2357ac8-46df-4aa0-8580-fb38f46a74d5/q_harvest_bags_photo/JPEG_20220719_163211_2247715417220710901.jpg,,,https://mavuno-files.s3-eu-west-1.amazonaws.com/survey-images/83fd1526-75c9-4ee0-aa3d-8fe2df4f2764/q_field_photo/JPEG_20220716_123049_167576917853434039.jpg,12.5949534,10.5374532,2.05,https://mavuno-files.s3-eu-west-1.amazonaws.com/survey-images/a2357ac8-46df-4aa0-8580-fb38f46a74d5/q_box1_wet_weight_photo/JPEG_20220719_162920_4596069979616759491.jpg,2.015,https://mavuno-files.s3-eu-west-1.amazonaws.com/survey-images/a2357ac8-46df-4aa0-8580-fb38f46a74d5/q_box2_wet_weight_photo/JPEG_20220719_163050_7434480932806892854.jpg,2.03,https://mavuno-files.s3-eu-west-1.amazonaws.com/survey-images/881b3982-d75c-4a97-875e-59dac89488c1/q_box1_dry_weight_photo/JPEG_20220814_095454_2645825419737785171.jpg,1.985,https://mavuno-files.s3-eu-west-1.amazonaws.com/survey-images/881b3982-d75c-4a97-875e-59dac89488c1/q_box2_dry_weight_photo/JPEG_20220814_095713_6250428299869315794.jpg,0.5075,0.49625,used box 1 and 4251,0.501875,have average yields,2022.0_105_Client_BW,2,1.1698892415746,0.8274747880293488,,,0.5196821689605713,,
2026c91a-ceea-481d-865b-e4ad7ca9473a,Rice,2022.0,Nigeria,https://mavuno-files.s3-eu-west-1.amazonaws.com/survey-images/15299634-2e38-4844-9145-4ba5a05418b3/q_wet_harvest_photo/JPEG_20221117_120254_1882628947210893256.jpg,https://mavuno-files.s3-eu-west-1.amazonaws.com/survey-images/15299634-2e38-4844-9145-4ba5a05418b3/q_harvest_bags_photo/JPEG_20221117_120402_3280464109696966727.jpg,,,https://mavuno-files.s3-eu-west-1.amazonaws.com/survey-images/05be8e83-21b8-4b72-94c6-61c80b0073ed/q_field_photo/JPEG_20221116_170307_1083499414000784936.jpg,11.9745397,8.8722535,9.095,https://mavuno-files.s3-eu-west-1.amazonaws.com/survey-images/15299634-2e38-4844-9145-4ba5a05418b3/q_box1_wet_weight_photo/JPEG_20221117_115541_8004503536500122903.jpg,9.165,https://mavuno-files.s3-eu-west-1.amazonaws.com/survey-images/15299634-2e38-4844-9145-4ba5a05418b3/q_box2_wet_weight_photo/JPEG_20221117_115842_7617638771144474667.jpg,8.465,https://mavuno-files.s3-eu-west-1.amazonaws.com/survey-images/53c6502a-33fe-488b-a7ca-ed9d4bae44c1/q_box1_dry_weight_photo/JPEG_20221119_080915_392885575210118603.jpg,8.69,https://mavuno-files.s3-eu-west-1.amazonaws.com/survey-images/53c6502a-33fe-488b-a7ca-ed9d4bae44c1/q_box2_dry_weight_photo/JPEG_20221119_081319_5576732792640422734.jpg,2.11625,2.1725,used box 1 and 4379,2.144375,have average yields,2022.0_56_Client_P,4,0.8243750208470101,-0.2141794532080304,,,,,1.590028166770935
207eb63c-a022-41dd-ab7b-b4fb2187a34b,Rice,2022.0,Nigeria,https://mavuno-files.s3-eu-west-1.amazonaws.com/survey-images/761b1ca9-04e0-44b5-9fef-ab7f03978fa5/q_wet_harvest_photo/JPEG_20221023_102654_4223238559676801864.jpg,https://mavuno-files.s3-eu-west-1.amazonaws.com/survey-images/761b1ca9-04e0-44b5-9fef-ab7f03978fa5/q_harvest_bags_photo/JPEG_20221023_102752_5315845334416110175.jpg,,,https://mavuno-files.s3-eu-west-1.amazonaws.com/survey-images/5eb76334-2ef6-4fbc-8fc5-d7c337316ac2/q_field_photo/JPEG_20221118_000624_2364461572813665333.jpg,11.10338403,9.294239804,19.2,https://mavuno-files.s3-eu-west-1.amazonaws.com/survey-images/761b1ca9-04e0-44b5-9fef-ab7f03978fa5/q_box1_wet_weight_photo/JPEG_20221023_102109_5669197135259100813.jpg,18.18,https://mavuno-files.s3-eu-west-1.amazonaws.com/survey-images/761b1ca9-04e0-44b5-9fef-ab7f03978fa5/q_box2_wet_weight_photo/JPEG_20221023_102427_3228388869928487717.jpg,13.61,https://mavuno-files.s3-eu-west-1.amazonaws.com/survey-images/d23d1d51-622c-4e9c-a14a-9de46462e933/q_box1_dry_weight_photo/JPEG_20221107_122928_665165350981769104.jpg,12.22,https://mavuno-files.s3-eu-west-1.amazonaws.com/survey-images/d23d1d51-622c-4e9c-a14a-9de46462e933/q_box2_dry_weight_photo/JPEG_20221107_122958_1370873535116906806.jpg,3.4025,3.055,used box 1 and 4417,3.22875,have average yields,2022.0_197_Client_K,0,0.3392202403312497,0.0497911824494745,3.237394332885742,,,,
212cfb1e-542a-4cad-9c41-d51b2e1c3f3c,Rice,2022.0,Nigeria,https://mavuno-files.s3-eu-west-1.amazonaws.com/survey-images/625dafc2-37b8-44bf-8d36-026f3335d064/q_wet_harvest_photo/JPEG_20220719_154847_6602505259671618725.jpg,https://mavuno-files.s3-eu-west-1.amazonaws.com/survey-images/625dafc2-37b8-44bf-8d36-026f3335d064/q_harvest_bags_photo/JPEG_20220719_154929_7232138228243206798.jpg,,,https://mavuno-files.s3-eu-west-1.amazonaws.com/survey-images/042e44b1-98b3-4364-b540-521cfc2e7c5f/q_field_photo/JPEG_20220716_102704_7563990152176162561.jpg,12.5932866,10.5354724,2.06,https://mavuno-files.s3-eu-west-1.amazonaws.com/survey-images/625dafc2-37b8-44bf-8d36-026f3335d064/q_box1_wet_weight_photo/JPEG_20220719_154436_8507120735101168805.jpg,2.12,https://mavuno-files.s3-eu-west-1.amazonaws.com/survey-images/625dafc2-37b8-44bf-8d36-026f3335d064/q_box2_wet_weight_photo/JPEG_20220719_154711_3052813832119223232.jpg,2.005,https://mavuno-files.s3-eu-west-1.amazonaws.com/survey-images/f57f596b-c61e-42ea-8528-7b50ba69f08c/q_box1_dry_weight_photo/JPEG_20220814_085522_7437767609611156798.jpg,2.095,https://mavuno-files.s3-eu-west-1.amazonaws.com/survey-images/f57f596b-c61e-42ea-8528-7b50ba69f08c/q_box2_dry_weight_photo/JPEG_20220814_090402_8816888662780953256.jpg,0.50125,0.52375,used box 1 and 4508,0.5125,have average yields,2022.0_105_Client_BW,2,1.1689609849885376,0.826235712186948,,,2.357373714447021,,
2136ac47-c77d-47ee-b25d-823fe72170e1,Rice,2022.0,Nigeria,https://mavuno-files.s3-eu-west-1.amazonaws.com/survey-images/168cbd0c-f17a-4082-b1e1-41f2b3098a4c/q_wet_harvest_photo/JPEG_20220830_122533_5222956620933309179.jpg,https://mavuno-files.s3-eu-west-1.amazonaws.com/survey-images/168cbd0c-f17a-4082-b1e1-41f2b3098a4c/q_harvest_bags_photo/JPEG_20220830_122623_8700116269707948697.jpg,,,https://mavuno-files.s3-eu-west-1.amazonaws.com/survey-images/aed2b783-fc76-425b-8eee-f8f03a62c757/q_field_photo/JPEG_20220829_125846_8732231894233885492.jpg,6.448529,8.5142936,1.385,https://mavuno-files.s3-eu-west-1.amazonaws.com/survey-images/168cbd0c-f17a-4082-b1e1-41f2b3098a4c/q_box1_wet_weight_photo/JPEG_20220830_122110_1480321073989173169.jpg,1.23,https://mavuno-files.s3-eu-west-1.amazonaws.com/survey-images/168cbd0c-f17a-4082-b1e1-41f2b3098a4c/q_box2_wet_weight_photo/JPEG_20220830_122240_2645518609408216271.jpg,1.29,https://mavuno-files.s3-eu-west-1.amazonaws.com/survey-images/c7161ca1-2788-4531-93d9-2e1ae8a4330a/q_box1_dry_weight_photo/JPEG_20220921_161554_8948954479534014274.jpg,1.165,https://mavuno-files.s3-eu-west-1.amazonaws.com/survey-images/c7161ca1-2788-4531-93d9-2e1ae8a4330a/q_box2_dry_weight_photo/JPEG_20220921_161751_8187664881725771513.jpg,0.3225,0.29125,used box 1 and 4513,0.306875,have average yields,2022.0_98_Client_AY,0,-2.253112276327154,-0.4380988113654377,2.021313190460205,,,,
213ebc70-f2f9-4ab0-96a6-453a4f052833,Rice,2022.0,Nigeria,https://mavuno-files.s3-eu-west-1.amazonaws.com/survey-images/6e9557e2-9851-4fc3-932a-71954539cb16/q_wet_harvest_photo/JPEG_20221129_122008_3368228422944769345.jpg,https://mavuno-files.s3-eu-west-1.amazonaws.com/survey-images/6e9557e2-9851-4fc3-932a-71954539cb16/q_harvest_bags_photo/JPEG_20221129_122035_1908940438884712032.jpg,,,https://mavuno-files.s3-eu-west-1.amazonaws.com/survey-images/2c1f2caa-df84-4b47-8213-9828b7b90676/q_field_photo/JPEG_20221129_105709_2344939894103735990.jpg,10.524733,5.4757921,8.75,https://mavuno-files.s3-eu-west-1.amazonaws.com/survey-images/6e9557e2-9851-4fc3-932a-71954539cb16/q_box1_wet_weight_photo/JPEG_20221129_121313_367825517264379194.jpg,7.21,https://mavuno-files.s3-eu-west-1.amazonaws.com/survey-images/6e9557e2-9851-4fc3-932a-71954539cb16/q_box2_wet_weight_photo/JPEG_20221129_121805_8212096329099073958.jpg,7.015,https://mavuno-files.s3-eu-west-1.amazonaws.com/survey-images/5f8bf848-9c41-464e-8180-8ed0bc4424fc/q_box1_dry_weight_photo/JPEG_20221207_173605_3822128061383257484.jpg,5.725,https://mavuno-files.s3-eu-west-1.amazonaws.com/survey-images/5f8bf848-9c41-464e-8180-8ed0bc4424fc/q_box2_dry_weight_photo/JPEG_20221207_173638_107855034684643205.jpg,1.75375,1.43125,used box 1 and 4516,1.5925,have average yields,2022.0_85_Client_P,4,0.0169640430492302,-2.338812566286928,,,,,1.835619568824768
21e5faef-ef50-4166-9cea-269d0c0c2080,Rice,2022.0,Nigeria,https://mavuno-files.s3-eu-west-1.amazonaws.com/survey-images/2dbd1db5-b48b-4366-9386-c08f1d78f8ad/q_wet_harvest_photo/JPEG_20221019_011456_2427129809780628020.jpg,https://mavuno-files.s3-eu-west-1.amazonaws.com/survey-images/2dbd1db5-b48b-4366-9386-c08f1d78f8ad/q_harvest_bags_photo/JPEG_20221019_011550_8434809536116448400.jpg,,,https://mavuno-files.s3-eu-west-1.amazonaws.com/survey-images/0b4b0884-f8fc-4abe-87eb-ab62a820b5b8/q_field_photo/JPEG_20221020_121155_8416195205674764429.jpg,12.55354968,10.56323212,15.3,https://mavuno-files.s3-eu-west-1.amazonaws.com/survey-images/2dbd1db5-b48b-4366-9386-c08f1d78f8ad/q_box1_wet_weight_photo/JPEG_20221019_010942_4646948777504227669.jpg,15.81,https://mavuno-files.s3-eu-west-1.amazonaws.com/survey-images/2dbd1db5-b48b-4366-9386-c08f1d78f8ad/q_box2_wet_weight_photo/JPEG_20221019_011136_3242621744863889919.jpg,12.35,https://mavuno-files.s3-eu-west-1.amazonaws.com/survey-images/2569f9bc-46e0-408b-a76f-938effd31236/q_box1_dry_weight_photo/JPEG_20221023_104032_846644155742709446.jpg,12.13,https://mavuno-files.s3-eu-west-1.amazonaws.com/survey-images/2569f9bc-46e0-408b-a76f-938effd31236/q_box2_dry_weight_photo/JPEG_20221023_104302_4754018823462702718.jpg,3.0875,3.0325,used box 1 and 4598,3.06,have average yields,2022.0_105_Client_K,3,1.146831120757759,0.8436006144707778,,,,2.9182491302490234,
2256dd9f-1f84-42db-a1cd-d3877fd2e7c4,Rice,2022.0,Nigeria,https://mavuno-files.s3-eu-west-1.amazonaws.com/survey-images/3ae10ca4-8625-4d7a-8675-04a815bbeec5/q_wet_harvest_photo/JPEG_20221021_093839_5341449825806926289.jpg,https://mavuno-files.s3-eu-west-1.amazonaws.com/survey-images/3ae10ca4-8625-4d7a-8675-04a815bbeec5/q_harvest_bags_photo/JPEG_20221021_093852_5424111289004170123.jpg,,,https://mavuno-files.s3-eu-west-1.amazonaws.com/survey-images/032d867b-9a48-4ebb-8935-fe78b1c9bf18/q_field_photo/JPEG_20221021_073556_164088515876451948.jpg,11.69719895,8.114357181,13.19,https://mavuno-files.s3-eu-west-1.amazonaws.com/survey-images/3ae10ca4-8625-4d7a-8675-04a815bbeec5/q_box1_wet_weight_photo/JPEG_20221021_093628_833585617218587955.jpg,13.85,https://mavuno-files.s3-eu-west-1.amazonaws.com/survey-images/3ae10ca4-8625-4d7a-8675-04a815bbeec5/q_box2_wet_weight_photo/JPEG_20221021_093732_8722661842987322034.jpg,10.7,https://mavuno-files.s3-eu-west-1.amazonaws.com/survey-images/f277b1e6-22b6-4b91-af3c-4aa54b80fe30/q_box1_dry_weight_photo/JPEG_20221126_110409_8620299375509561629.jpg,11.08,https://mavuno-files.s3-eu-west-1.amazonaws.com/survey-images/f277b1e6-22b6-4b91-af3c-4aa54b80fe30/q_box2_dry_weight_photo/JPEG_20221126_110447_7492648282693270488.jpg,2.675,2.77,used box 1 and 4665,2.7225,have average yields,2022.0_74_Client_K,3,0.6699213504779404,-0.6882762928270539,,,,3.198062896728516,
225917e8-e167-489d-ac39-40962e93bcf3,Rice,2022.0,Nigeria,https://mavuno-files.s3-eu-west-1.amazonaws.com/survey-images/789575cb-22c3-4592-8d75-3840fd9ee06a/q_wet_harvest_photo/JPEG_20221210_083253_3397443305625217457.jpg,https://mavuno-files.s3-eu-west-1.amazonaws.com/survey-images/789575cb-22c3-4592-8d75-3840fd9ee06a/q_harvest_bags_photo/JPEG_20221210_083306_8924759314779155130.jpg,,,https://mavuno-files.s3-eu-west-1.amazonaws.com/survey-images/0df5fdd6-0189-4721-a97b-bf2449877e46/q_field_photo/JPEG_20221201_091644_275806222868156413.jpg,7.75322,8.5939567,7.465,https://mavuno-files.s3-eu-west-1.amazonaws.com/survey-images/789575cb-22c3-4592-8d75-3840fd9ee06a/q_box1_wet_weight_photo/JPEG_20221210_082823_3842975462585138719.jpg,8.345,https://mavuno-files.s3-eu-west-1.amazonaws.com/survey-images/789575cb-22c3-4592-8d75-3840fd9ee06a/q_box2_wet_weight_photo/JPEG_20221210_083208_2614636331578897730.jpg,6.855,https://mavuno-files.s3-eu-west-1.amazonaws.com/survey-images/841585e2-ca31-41e8-a395-f5778dd9a40b/q_box1_dry_weight_photo/JPEG_20221210_084211_2524514551304484478.jpg,7.58,https://mavuno-files.s3-eu-west-1.amazonaws.com/survey-images/841585e2-ca31-41e8-a395-f5778dd9a40b/q_box2_dry_weight_photo/JPEG_20221210_084323_2566683088622078075.jpg,1.71375,1.895,used box 1 and 4667,1.804375,have average yields,2022.0_106_Client_AU,2,-1.5265175957852837,-0.38826610602378,,,0.7598488330841064,,
2302ea03-86b3-426b-ae10-3b11e270b852,Rice,2022.0,Nigeria,https://mavuno-files.s3-eu-west-1.amazonaws.com/survey-images/b9057d78-e85a-4cb3-832f-06e27330c991/q_wet_harvest_photo/JPEG_20221130_121900_1630748643227377160.jpg,https://mavuno-files.s3-eu-west-1.amazonaws.com/survey-images/b9057d78-e85a-4cb3-832f-06e27330c991/q_harvest_bags_photo/JPEG_20221130_121916_3754585198644328675.jpg,,,https://mavuno-files.s3-eu-west-1.amazonaws.com/survey-images/e679e14c-1a68-404d-be62-8f981a3faf72/q_field_photo/JPEG_20221124_160433_2473203947093702890.jpg,8.6260203,8.9518854,9.8,https://mavuno-files.s3-eu-west-1.amazonaws.com/survey-images/b9057d78-e85a-4cb3-832f-06e27330c991/q_box1_wet_weight_photo/JPEG_20221130_121329_5256016353008800746.jpg,7.325,https://mavuno-files.s3-eu-west-1.amazonaws.com/survey-images/b9057d78-e85a-4cb3-832f-06e27330c991/q_box2_wet_weight_photo/JPEG_20221130_121731_1898235237947712021.jpg,5.385,https://mavuno-files.s3-eu-west-1.amazonaws.com/survey-images/70b4489d-fd25-45fd-942c-2311fb07685f/q_box1_dry_weight_photo/JPEG_20221130_122142_6840449512936331435.jpg,3.98,https://mavuno-files.s3-eu-west-1.amazonaws.com/survey-images/70b4489d-fd25-45fd-942c-2311fb07685f/q_box2_dry_weight_photo/JPEG_20221130_122241_8307012298728687308.jpg,1.34625,0.995,used box 1 and 4758,1.170625,have average yields,2022.0_169_Client_AU,1,-1.0404469053648322,-0.1643662648121932,,1.2321796417236328,,,
23136f67-dcf0-4db4-814e-a74fc825738a,Rice,2022.0,Nigeria,https://mavuno-files.s3-eu-west-1.amazonaws.com/survey-images/43072488-377a-4473-8be3-99df5ef43878/q_wet_harvest_photo/JPEG_20221018_173432_2054489228125303378.jpg,https://mavuno-files.s3-eu-west-1.amazonaws.com/survey-images/43072488-377a-4473-8be3-99df5ef43878/q_harvest_bags_photo/JPEG_20221018_173453_6490544455693934850.jpg,,,https://mavuno-files.s3-eu-west-1.amazonaws.com/survey-images/50654ff9-768c-4de9-98e0-a9c440245b7b/q_field_photo/JPEG_20221018_162808_3306122259325255199.jpg,10.88893323,10.18950049,16.41,https://mavuno-files.s3-eu-west-1.amazonaws.com/survey-images/43072488-377a-4473-8be3-99df5ef43878/q_box1_wet_weight_photo/JPEG_20221018_173222_21785248610361447.jpg,15.65,https://mavuno-files.s3-eu-west-1.amazonaws.com/survey-images/43072488-377a-4473-8be3-99df5ef43878/q_box2_wet_weight_photo/JPEG_20221018_173324_7199277823928182127.jpg,13.15,https://mavuno-files.s3-eu-west-1.amazonaws.com/survey-images/0cf53da4-3f83-4270-a7fe-29ed14a1794f/q_box1_dry_weight_photo/JPEG_20221104_152821_7552764434862919542.jpg,12.33,https://mavuno-files.s3-eu-west-1.amazonaws.com/survey-images/0cf53da4-3f83-4270-a7fe-29ed14a1794f/q_box2_dry_weight_photo/JPEG_20221104_153105_5277181275593567467.jpg,3.2875,3.0825,used box 1 and 4772,3.185,have average yields,2022.0_179_Client_K,3,0.219790574212644,0.6098153588800767,,,,1.220326542854309,
23d64466-b659-4157-8ca1-5633147c5231,Rice,2022.0,Nigeria,,,,,https://mavuno-files.s3-eu-west-1.amazonaws.com/survey-images/25329bb8-fa75-447c-816f-b6d8621970f5/q_field_photo/JPEG_20220829_160721_1134751983173809111.jpg,6.451085,8.5076833,0.0,,0.0,,0.0,,0.0,,0.0,0.0,used box 1 and 4856,0.0,have average yields,2022.0_98_Client_AY,3,-2.2516888159036013,-0.4422338391527065,,,,-0.0210919193923473,
241a4860-0378-46e4-a985-7321783dcd43,Rice,2022.0,Nigeria,https://mavuno-files.s3-eu-west-1.amazonaws.com/survey-images/e91b7d20-37a5-4d18-bcad-4ff1fd4260a4/q_wet_harvest_photo/JPEG_20221128_155000_7542850109514138534.jpg,https://mavuno-files.s3-eu-west-1.amazonaws.com/survey-images/e91b7d20-37a5-4d18-bcad-4ff1fd4260a4/q_harvest_bags_photo/JPEG_20221128_155040_5686477780517211298.jpg,,,https://mavuno-files.s3-eu-west-1.amazonaws.com/survey-images/02d51d3c-0a6c-4e74-b6f1-dd7a7ec195e6/q_field_photo/JPEG_20221128_142524_979453939736780632.jpg,10.0029517,11.1694317,2.395,https://mavuno-files.s3-eu-west-1.amazonaws.com/survey-images/e91b7d20-37a5-4d18-bcad-4ff1fd4260a4/q_box1_wet_weight_photo/JPEG_20221128_154534_7872459863520933412.jpg,2.48,https://mavuno-files.s3-eu-west-1.amazonaws.com/survey-images/e91b7d20-37a5-4d18-bcad-4ff1fd4260a4/q_box2_wet_weight_photo/JPEG_20221128_154812_8983481691948301328.jpg,2.04,https://mavuno-files.s3-eu-west-1.amazonaws.com/survey-images/6c3b7e1f-0ed0-4e6a-b8ce-7a46a7fcc256/q_box1_dry_weight_photo/JPEG_20221202_121814_7500850994201153085.jpg,2.14,https://mavuno-files.s3-eu-west-1.amazonaws.com/survey-images/6c3b7e1f-0ed0-4e6a-b8ce-7a46a7fcc256/q_box2_dry_weight_photo/JPEG_20221202_122039_4221198546593821560.jpg,0.51,0.535,used box 1 and 4888,0.5225,have average yields,2022.0_200_Client_S,4,-0.2736208670836832,1.2228046003610695,,,,,-0.13269484043121338
2457a1b4-2f4e-482a-b1cf-7157bc01b1ae,Rice,2022.0,Nigeria,https://mavuno-files.s3-eu-west-1.amazonaws.com/survey-images/59f96832-e890-4c3b-831c-2daece5c1111/q_wet_harvest_photo/JPEG_20221025_161555_1263616933740695959.jpg,https://mavuno-files.s3-eu-west-1.amazonaws.com/survey-images/59f96832-e890-4c3b-831c-2daece5c1111/q_harvest_bags_photo/JPEG_20221025_161648_1724740895336085260.jpg,,,https://mavuno-files.s3-eu-west-1.amazonaws.com/survey-images/e925f8bc-3863-49aa-aecd-8c82a066fe6d/q_field_photo/JPEG_20221020_092017_8729036158477255176.jpg,12.25432858,10.33410877,17.41,https://mavuno-files.s3-eu-west-1.amazonaws.com/survey-images/59f96832-e890-4c3b-831c-2daece5c1111/q_box1_wet_weight_photo/JPEG_20221025_160921_2425687266250627781.jpg,15.83,https://mavuno-files.s3-eu-west-1.amazonaws.com/survey-images/59f96832-e890-4c3b-831c-2daece5c1111/q_box2_wet_weight_photo/JPEG_20221025_161251_1641734964973519794.jpg,15.33,https://mavuno-files.s3-eu-west-1.amazonaws.com/survey-images/15d94412-b12a-4a35-986f-4c563335bd6c/q_box1_dry_weight_photo/JPEG_20221129_002146_3166819069149080610.jpg,14.03,https://mavuno-files.s3-eu-west-1.amazonaws.com/survey-images/15d94412-b12a-4a35-986f-4c563335bd6c/q_box2_dry_weight_photo/JPEG_20221129_002216_5812746935617718742.jpg,3.8325,3.5075,used box 1 and 4924,3.67,have average yields,2022.0_13_Client_K,2,0.980192077822775,0.7002740757415092,,,3.936206817626953,,
246ab58d-179e-41bc-a1f0-9e429d38179d,Rice,2022.0,Nigeria,,,,,https://mavuno-files.s3-eu-west-1.amazonaws.com/survey-images/038e56dc-4475-489b-82ea-4635a25937c2/q_field_photo/JPEG_20221116_094343_875260907.jpg,12.6254729,10.3611061,0.0,,0.0,,0.0,,0.0,,0.0,0.0,used box 1 and 4934,0.0,have average yields,2022.0_105_Client_BN,0,1.1868858379738991,0.7171620701944181,0.3486020863056183,,,,
24bb4cbd-5e8c-497a-995d-57d9672b28c0,Rice,2022.0,Nigeria,https://mavuno-files.s3-eu-west-1.amazonaws.com/survey-images/288db41f-eb5f-4dba-9a51-b5c193a33bda/q_wet_harvest_photo/JPEG_20221027_180857_2306319352273065076.jpg,https://mavuno-files.s3-eu-west-1.amazonaws.com/survey-images/288db41f-eb5f-4dba-9a51-b5c193a33bda/q_harvest_bags_photo/JPEG_20221027_180905_3814642009742703049.jpg,,,https://mavuno-files.s3-eu-west-1.amazonaws.com/survey-images/fac5dac7-5562-4631-a495-b209b105a0c9/q_field_photo/JPEG_20221027_170517_840298070924899882.jpg,11.89073201,7.931175046,13.89,https://mavuno-files.s3-eu-west-1.amazonaws.com/survey-images/288db41f-eb5f-4dba-9a51-b5c193a33bda/q_box1_wet_weight_photo/JPEG_20221027_180612_7837150016872062615.jpg,14.14,https://mavuno-files.s3-eu-west-1.amazonaws.com/survey-images/288db41f-eb5f-4dba-9a51-b5c193a33bda/q_box2_wet_weight_photo/JPEG_20221027_180711_6595637611370151537.jpg,11.33,https://mavuno-files.s3-eu-west-1.amazonaws.com/survey-images/6e841119-0891-48b4-b434-ce821e6e332c/q_box1_dry_weight_photo/JPEG_20221122_161229_6953317407130954434.jpg,12.08,https://mavuno-files.s3-eu-west-1.amazonaws.com/survey-images/6e841119-0891-48b4-b434-ce821e6e332c/q_box2_dry_weight_photo/JPEG_20221122_161324_2842743375072781245.jpg,2.8325,3.02,used box 1 and 4972,2.92625,have average yields,2022.0_74_Client_K,2,0.7777017305870932,-0.802864619885766,,,2.183706760406494,,
25d11781-f4de-4b04-864d-a4806d07eb15,Rice,2022.0,Nigeria,https://mavuno-files.s3-eu-west-1.amazonaws.com/survey-images/629ea43c-a610-4e65-bc71-2528a67c243d/q_wet_harvest_photo/JPEG_20221018_113557_1302130680141258512.jpg,https://mavuno-files.s3-eu-west-1.amazonaws.com/survey-images/629ea43c-a610-4e65-bc71-2528a67c243d/q_harvest_bags_photo/JPEG_20221018_113614_6555589937602435004.jpg,,,https://mavuno-files.s3-eu-west-1.amazonaws.com/survey-images/fff643b9-0371-4b98-a6f8-f6dd2c5e7171/q_field_photo/JPEG_20221018_094604_7381371612359739103.jpg,10.84730391,10.15899573,15.7,https://mavuno-files.s3-eu-west-1.amazonaws.com/survey-images/629ea43c-a610-4e65-bc71-2528a67c243d/q_box1_wet_weight_photo/JPEG_20221018_113150_2457505990762840895.jpg,16.58,https://mavuno-files.s3-eu-west-1.amazonaws.com/survey-images/629ea43c-a610-4e65-bc71-2528a67c243d/q_box2_wet_weight_photo/JPEG_20221018_113325_4903992390543498053.jpg,12.44,https://mavuno-files.s3-eu-west-1.amazonaws.com/survey-images/501fa98b-3bfc-48b1-9329-b222d27a8426/q_box1_dry_weight_photo/JPEG_20221104_101410_4596024069490797382.jpg,13.27,https://mavuno-files.s3-eu-west-1.amazonaws.com/survey-images/501fa98b-3bfc-48b1-9329-b222d27a8426/q_box2_dry_weight_photo/JPEG_20221104_101542_1317244677673816031.jpg,3.11,3.3175,used box 1 and 5083,3.21375,have average yields,2022.0_179_Client_K,1,0.1966068146354153,0.5907333156681246,,2.996323108673096,,,
260893b4-5925-4fe0-9321-eb23aa131e05,Rice,2022.0,Nigeria,https://mavuno-files.s3-eu-west-1.amazonaws.com/survey-images/2c69bba9-5082-4317-8e1e-7b55d3b55ba8/q_wet_harvest_photo/JPEG_20221020_101324_3916742664933554368.jpg,https://mavuno-files.s3-eu-west-1.amazonaws.com/survey-images/2c69bba9-5082-4317-8e1e-7b55d3b55ba8/q_harvest_bags_photo/JPEG_20221020_101334_1629882456107503478.jpg,,,https://mavuno-files.s3-eu-west-1.amazonaws.com/survey-images/647edf77-8633-4ab6-8056-c3c22d67bb0a/q_field_photo/JPEG_20221020_095624_4913352044584929119.jpg,11.77365419,9.709085673,14.21,https://mavuno-files.s3-eu-west-1.amazonaws.com/survey-images/2c69bba9-5082-4317-8e1e-7b55d3b55ba8/q_box1_wet_weight_photo/JPEG_20221020_101021_4627208681180912499.jpg,14.36,https://mavuno-files.s3-eu-west-1.amazonaws.com/survey-images/2c69bba9-5082-4317-8e1e-7b55d3b55ba8/q_box2_wet_weight_photo/JPEG_20221020_101206_1830614245250284109.jpg,12.36,https://mavuno-files.s3-eu-west-1.amazonaws.com/survey-images/2104a62d-ae7b-4260-8f0e-3bb30747422d/q_box1_dry_weight_photo/JPEG_20221128_090958_2838618430799181847.jpg,12.2,https://mavuno-files.s3-eu-west-1.amazonaws.com/survey-images/2104a62d-ae7b-4260-8f0e-3bb30747422d/q_box2_dry_weight_photo/JPEG_20221128_091136_6376249813714556014.jpg,3.09,3.05,used box 1 and 5113,3.07,have average yields,2022.0_113_Client_K,0,0.7124999922280191,0.3092951680096789,2.884253025054932,,,,
2624ae67-7d07-49c8-b22f-6fd70a1e1dee,Rice,2022.0,Nigeria,https://mavuno-files.s3-eu-west-1.amazonaws.com/survey-images/fbf6fb86-203b-4356-8874-6c3e9413a739/q_wet_harvest_photo/JPEG_20221019_083029_3756253248192844893.jpg,https://mavuno-files.s3-eu-west-1.amazonaws.com/survey-images/fbf6fb86-203b-4356-8874-6c3e9413a739/q_harvest_bags_photo/JPEG_20221019_083050_3358346323339730814.jpg,,,https://mavuno-files.s3-eu-west-1.amazonaws.com/survey-images/3dfe62d9-8d95-41d9-90c6-0b18e32a8683/q_field_photo/JPEG_20221019_072359_5272874109941522924.jpg,11.40175041,9.543246031,17.31,https://mavuno-files.s3-eu-west-1.amazonaws.com/survey-images/fbf6fb86-203b-4356-8874-6c3e9413a739/q_box1_wet_weight_photo/JPEG_20221019_082823_2173945831545302803.jpg,15.73,https://mavuno-files.s3-eu-west-1.amazonaws.com/survey-images/fbf6fb86-203b-4356-8874-6c3e9413a739/q_box2_wet_weight_photo/JPEG_20221019_082924_7783006240676080046.jpg,15.0,https://mavuno-files.s3-eu-west-1.amazonaws.com/survey-images/3705114a-3925-4860-a2ff-d560b9116760/q_box1_dry_weight_photo/JPEG_20221030_112500_7724913694115007572.jpg,13.02,https://mavuno-files.s3-eu-west-1.amazonaws.com/survey-images/3705114a-3925-4860-a2ff-d560b9116760/q_box2_dry_weight_photo/JPEG_20221030_112620_8290954492759734222.jpg,3.75,3.255,used box 1 and 5131,3.5025,have average yields,2022.0_7_Client_K,3,0.5053832816648173,0.2055553183960929,,,,2.49672794342041,
26317aba-7123-4c5a-957d-7ac575fe3109,Rice,2022.0,Nigeria,https://mavuno-files.s3-eu-west-1.amazonaws.com/survey-images/b3e06b9f-d348-4dfe-a435-0918295e87bb/q_wet_harvest_photo/JPEG_20221021_081515_7305609075292766574.jpg,https://mavuno-files.s3-eu-west-1.amazonaws.com/survey-images/b3e06b9f-d348-4dfe-a435-0918295e87bb/q_harvest_bags_photo/JPEG_20221021_081523_5185212649264007590.jpg,,,https://mavuno-files.s3-eu-west-1.amazonaws.com/survey-images/34c8a327-f62f-44d5-8118-8216ee2ee2c6/q_field_photo/JPEG_20221021_074626_5992341161018325290.jpg,11.76995149,9.725910835,13.23,https://mavuno-files.s3-eu-west-1.amazonaws.com/survey-images/b3e06b9f-d348-4dfe-a435-0918295e87bb/q_box1_wet_weight_photo/JPEG_20221021_081242_7023914084898642681.jpg,13.09,https://mavuno-files.s3-eu-west-1.amazonaws.com/survey-images/b3e06b9f-d348-4dfe-a435-0918295e87bb/q_box2_wet_weight_photo/JPEG_20221021_081415_2171163345442654490.jpg,11.3,https://mavuno-files.s3-eu-west-1.amazonaws.com/survey-images/1408d567-c641-4969-98a4-c805ae0af1b1/q_box1_dry_weight_photo/JPEG_20221122_075404_7436786891873843075.jpg,10.76,https://mavuno-files.s3-eu-west-1.amazonaws.com/survey-images/1408d567-c641-4969-98a4-c805ae0af1b1/q_box2_dry_weight_photo/JPEG_20221122_075559_5814233110928357360.jpg,2.825,2.69,used box 1 and 5136,2.7575,have average yields,2022.0_113_Client_K,4,0.7104379237967642,0.3198200325990768,,,,,3.314018487930298
2692d534-9d5a-4a53-909b-ce005045d08d,Rice,2022.0,Nigeria,,,,,https://mavuno-files.s3-eu-west-1.amazonaws.com/survey-images/ebbac145-0dec-486c-b4b3-23f4e7ca447c/q_field_photo/JPEG_20221014_070220_3360086109267417602.jpg,7.949093,7.8252556,0.0,,0.0,,0.0,,0.0,,0.0,0.0,used box 1 and 5192,0.0,have average yields,2022.0_135_Client_AU,0,-1.4174340810973012,-0.869121802225766,0.0135070774704217,,,,
26a08c93-ba91-4f24-8571-e26f7fe4131c,Rice,2022.0,Nigeria,https://mavuno-files.s3-eu-west-1.amazonaws.com/survey-images/90c73228-cca7-4e1e-81a4-ac83ffdbb766/q_wet_harvest_photo/JPEG_20221115_123640_37077414795301494.jpg,https://mavuno-files.s3-eu-west-1.amazonaws.com/survey-images/90c73228-cca7-4e1e-81a4-ac83ffdbb766/q_harvest_bags_photo/JPEG_20221115_123804_4477349017250967648.jpg,,,https://mavuno-files.s3-eu-west-1.amazonaws.com/survey-images/bb4874e1-8efd-4477-8042-bc16579c8a2a/q_field_photo/JPEG_20221014_103750_8137574992102659722.jpg,8.3779383,9.2736283,2.0,https://mavuno-files.s3-eu-west-1.amazonaws.com/survey-images/90c73228-cca7-4e1e-81a4-ac83ffdbb766/q_box1_wet_weight_photo/JPEG_20221115_122955_864252820232663814.jpg,2.36,https://mavuno-files.s3-eu-west-1.amazonaws.com/survey-images/90c73228-cca7-4e1e-81a4-ac83ffdbb766/q_box2_wet_weight_photo/JPEG_20221115_123410_1843165105874665176.jpg,1.9,https://mavuno-files.s3-eu-west-1.amazonaws.com/survey-images/71304a3f-1999-4b7f-89c2-53c737b3eeaf/q_box1_dry_weight_photo/JPEG_20221115_143054_5114387266127849707.jpg,2.25,https://mavuno-files.s3-eu-west-1.amazonaws.com/survey-images/71304a3f-1999-4b7f-89c2-53c737b3eeaf/q_box2_dry_weight_photo/JPEG_20221115_143331_7796345213191522259.jpg,0.475,0.5625,used box 1 and 5206,0.51875,have average yields,2022.0_173_Client_AU,1,-1.1786061028592492,0.0368977976140816,,0.6599394083023071,,,
26b5adcf-c23d-4b90-a93d-41ff7146afd1,Rice,2022.0,Nigeria,https://mavuno-files.s3-eu-west-1.amazonaws.com/survey-images/be0b90f1-b58a-4def-9e9f-ce2d2e77b7d0/q_wet_harvest_photo/JPEG_20221023_082226_7003717038669526416.jpg,https://mavuno-files.s3-eu-west-1.amazonaws.com/survey-images/be0b90f1-b58a-4def-9e9f-ce2d2e77b7d0/q_harvest_bags_photo/JPEG_20221023_082236_7846782214915091036.jpg,,,https://mavuno-files.s3-eu-west-1.amazonaws.com/survey-images/d4fade40-be64-42bc-92f3-52a66ba580fe/q_field_photo/JPEG_20221023_074524_7933221012657122862.jpg,11.84817483,9.96604532,13.79,https://mavuno-files.s3-eu-west-1.amazonaws.com/survey-images/be0b90f1-b58a-4def-9e9f-ce2d2e77b7d0/q_box1_wet_weight_photo/JPEG_20221023_082008_6326543776868166915.jpg,14.36,https://mavuno-files.s3-eu-west-1.amazonaws.com/survey-images/be0b90f1-b58a-4def-9e9f-ce2d2e77b7d0/q_box2_wet_weight_photo/JPEG_20221023_082134_3999769503145578490.jpg,11.66,https://mavuno-files.s3-eu-west-1.amazonaws.com/survey-images/12480b05-a8b8-4e56-8fbb-72d4435240cc/q_box1_dry_weight_photo/JPEG_20221124_100049_600551355948073353.jpg,12.48,https://mavuno-files.s3-eu-west-1.amazonaws.com/survey-images/12480b05-a8b8-4e56-8fbb-72d4435240cc/q_box2_dry_weight_photo/JPEG_20221124_100153_3697746089265138881.jpg,2.915,3.12,used box 1 and 5215,3.0175,have average yields,2022.0_113_Client_K,3,0.7540012370550128,0.4700345112394479,,,,2.360157251358032,
26b6a8e8-3b2a-4ab0-8075-1344ef6ef7dc,Rice,2022.0,Nigeria,https://mavuno-files.s3-eu-west-1.amazonaws.com/survey-images/9d136026-16d7-4469-b1da-80a0fa95ae52/q_wet_harvest_photo/JPEG_20221110_134937_8966716134656971190.jpg,https://mavuno-files.s3-eu-west-1.amazonaws.com/survey-images/9d136026-16d7-4469-b1da-80a0fa95ae52/q_harvest_bags_photo/JPEG_20221110_135032_5810636756940778153.jpg,,,https://mavuno-files.s3-eu-west-1.amazonaws.com/survey-images/96750629-dbf6-44fb-9c5b-021d23126b12/q_field_photo/JPEG_20221110_133248_8777118828235819779.jpg,9.2480823,12.1643257,2.975,https://mavuno-files.s3-eu-west-1.amazonaws.com/survey-images/9d136026-16d7-4469-b1da-80a0fa95ae52/q_box1_wet_weight_photo/JPEG_20221110_134448_6368859225766712294.jpg,3.455,https://mavuno-files.s3-eu-west-1.amazonaws.com/survey-images/9d136026-16d7-4469-b1da-80a0fa95ae52/q_box2_wet_weight_photo/JPEG_20221110_134743_2258703068917164224.jpg,2.545,https://mavuno-files.s3-eu-west-1.amazonaws.com/survey-images/ab1ea12b-11dc-42b9-8306-327388ccca51/q_box1_dry_weight_photo/JPEG_20221110_135322_8775568770899521330.jpg,2.955,https://mavuno-files.s3-eu-west-1.amazonaws.com/survey-images/ab1ea12b-11dc-42b9-8306-327388ccca51/q_box2_dry_weight_photo/JPEG_20221110_135500_4694859795575627091.jpg,0.63625,0.73875,used box 1 and 5217,0.6875,have average yields,2022.0_28_Client_S,1,-0.6940147308750588,1.8451537124114856,,1.2418400049209597,,,
270fac57-a29f-43b6-8d95-268c6a65db5f,Rice,2022.0,Nigeria,https://mavuno-files.s3-eu-west-1.amazonaws.com/survey-images/d30d95e0-8688-41be-9e85-0f9b1455952f/q_wet_harvest_photo/JPEG_20221023_103510_4724961597210513539.jpg,https://mavuno-files.s3-eu-west-1.amazonaws.com/survey-images/d30d95e0-8688-41be-9e85-0f9b1455952f/q_harvest_bags_photo/JPEG_20221023_103522_1777251673641939360.jpg,,,https://mavuno-files.s3-eu-west-1.amazonaws.com/survey-images/f4717340-2d30-4bba-80fd-4997f95d7438/q_field_photo/JPEG_20221023_093914_90467632541912239.jpg,11.25437431,8.379549533,15.54,https://mavuno-files.s3-eu-west-1.amazonaws.com/survey-images/d30d95e0-8688-41be-9e85-0f9b1455952f/q_box1_wet_weight_photo/JPEG_20221023_103114_7112072025376117637.jpg,14.35,https://mavuno-files.s3-eu-west-1.amazonaws.com/survey-images/d30d95e0-8688-41be-9e85-0f9b1455952f/q_box2_wet_weight_photo/JPEG_20221023_103404_4093239668203317529.jpg,12.27,https://mavuno-files.s3-eu-west-1.amazonaws.com/survey-images/fa5951c6-3ede-4442-929f-0596abfb210b/q_box1_dry_weight_photo/JPEG_20221127_093323_1738902672715434108.jpg,11.59,https://mavuno-files.s3-eu-west-1.amazonaws.com/survey-images/fa5951c6-3ede-4442-929f-0596abfb210b/q_box2_dry_weight_photo/JPEG_20221127_093507_678387027916283836.jpg,3.0675,2.8975,used box 1 and 5262,2.9825,have average yields,2022.0_201_Client_K,1,0.4233081464036656,-0.5223870374995905,,3.216938018798828,,,
2711c7d8-c71c-4263-8f65-822ee0cb9384,Rice,2022.0,Nigeria,https://mavuno-files.s3-eu-west-1.amazonaws.com/survey-images/a6b41cc4-bd7a-4ad1-b3f5-dda79a05eb46/q_wet_harvest_photo/JPEG_20221020_181016_621385077040311838.jpg,https://mavuno-files.s3-eu-west-1.amazonaws.com/survey-images/a6b41cc4-bd7a-4ad1-b3f5-dda79a05eb46/q_harvest_bags_photo/JPEG_20221020_181031_4896712817258218886.jpg,,,https://mavuno-files.s3-eu-west-1.amazonaws.com/survey-images/d3c23022-6cd0-46c1-922a-3a241968aca7/q_field_photo/JPEG_20221020_174700_1104315367204120958.jpg,11.76631832,9.72705245,13.4,https://mavuno-files.s3-eu-west-1.amazonaws.com/survey-images/a6b41cc4-bd7a-4ad1-b3f5-dda79a05eb46/q_box1_wet_weight_photo/JPEG_20221020_180752_5477755720781069962.jpg,12.75,https://mavuno-files.s3-eu-west-1.amazonaws.com/survey-images/a6b41cc4-bd7a-4ad1-b3f5-dda79a05eb46/q_box2_wet_weight_photo/JPEG_20221020_180905_7662137483533257392.jpg,11.32,https://mavuno-files.s3-eu-west-1.amazonaws.com/survey-images/6bf1ddd3-ee70-480c-8efa-4d381c1c5e93/q_box1_dry_weight_photo/JPEG_20221128_170933_3682565036017904680.jpg,10.95,https://mavuno-files.s3-eu-west-1.amazonaws.com/survey-images/6bf1ddd3-ee70-480c-8efa-4d381c1c5e93/q_box2_dry_weight_photo/JPEG_20221128_171127_9130018623116547648.jpg,2.83,2.7375,used box 1 and 5265,2.78375,have average yields,2022.0_113_Client_K,0,0.7084145772760135,0.3205341620254814,3.0686841011047363,,,,
2769e3e4-64dc-4ed0-95b8-7d939d9389ad,Rice,2022.0,Nigeria,https://mavuno-files.s3-eu-west-1.amazonaws.com/survey-images/a73ea50c-b90f-41e4-8b3a-1f2a0ec156ab/q_wet_harvest_photo/JPEG_20220907_160536_628665496.jpg,https://mavuno-files.s3-eu-west-1.amazonaws.com/survey-images/a73ea50c-b90f-41e4-8b3a-1f2a0ec156ab/q_harvest_bags_photo/JPEG_20220907_160601_598285202.jpg,,,https://mavuno-files.s3-eu-west-1.amazonaws.com/survey-images/640822f3-1e09-4de3-b2d5-a7f8e8be2b6c/q_field_photo/JPEG_20220815_105012_2567288137582659306.jpg,12.638873,10.3043718,19.13,https://mavuno-files.s3-eu-west-1.amazonaws.com/survey-images/a73ea50c-b90f-41e4-8b3a-1f2a0ec156ab/q_box1_wet_weight_photo/JPEG_20220907_155956_160787031.jpg,14.67,https://mavuno-files.s3-eu-west-1.amazonaws.com/survey-images/a73ea50c-b90f-41e4-8b3a-1f2a0ec156ab/q_box2_wet_weight_photo/JPEG_20220907_160230_292233179.jpg,19.02,https://mavuno-files.s3-eu-west-1.amazonaws.com/survey-images/c25228ef-9121-40f8-8075-61d2325b5c6d/q_box1_dry_weight_photo/JPEG_20220908_134332_1625511305.jpg,14.51,https://mavuno-files.s3-eu-west-1.amazonaws.com/survey-images/c25228ef-9121-40f8-8075-61d2325b5c6d/q_box2_dry_weight_photo/JPEG_20220908_134815_156930977.jpg,4.755,3.6275,used box 1 and 5307,4.19125,have average yields,2022.0_105_Client_BS,3,1.1943484796099104,0.6816723182934092,,,,0.6556229591369629,
278a9de8-6e4e-44af-91a7-b66affa11280,Rice,2022.0,Nigeria,https://mavuno-files.s3-eu-west-1.amazonaws.com/survey-images/98c21ef5-f478-4128-9c49-37fe112ff74a/q_wet_harvest_photo/JPEG_20221124_161612_1124312844652098310.jpg,https://mavuno-files.s3-eu-west-1.amazonaws.com/survey-images/98c21ef5-f478-4128-9c49-37fe112ff74a/q_harvest_bags_photo/JPEG_20221124_161825_7778166119172197281.jpg,,,https://mavuno-files.s3-eu-west-1.amazonaws.com/survey-images/69dd2a41-3a20-454a-99c2-20a0a95fc191/q_field_photo/JPEG_20221123_115239_976125061959858495.jpg,10.595593,8.1442984,8.585,https://mavuno-files.s3-eu-west-1.amazonaws.com/survey-images/98c21ef5-f478-4128-9c49-37fe112ff74a/q_box1_wet_weight_photo/JPEG_20221124_161417_744208113139713597.jpg,8.145,https://mavuno-files.s3-eu-west-1.amazonaws.com/survey-images/98c21ef5-f478-4128-9c49-37fe112ff74a/q_box2_wet_weight_photo/JPEG_20221124_161547_6624920382410544271.jpg,8.585,https://mavuno-files.s3-eu-west-1.amazonaws.com/survey-images/fafd8c7e-d4fc-46a6-8a6e-a5cb53ec4cd4/q_box1_dry_weight_photo/JPEG_20221124_162122_2983424604645950733.jpg,8.145,https://mavuno-files.s3-eu-west-1.amazonaws.com/survey-images/fafd8c7e-d4fc-46a6-8a6e-a5cb53ec4cd4/q_box2_dry_weight_photo/JPEG_20221124_162333_8397620348207789898.jpg,2.14625,2.03625,used box 1 and 5327,2.09125,have average yields,2022.0_104_Client_AD,1,0.0564266430542863,-0.6695467688191127,,1.450051188468933,,,
28339d76-0f10-47a0-a254-26922b147636,Rice,2022.0,Nigeria,https://mavuno-files.s3-eu-west-1.amazonaws.com/survey-images/dddc537c-0711-48c1-8ce3-ccf71ac4131f/q_wet_harvest_photo/JPEG_20221021_155204_7822716218508653963.jpg,https://mavuno-files.s3-eu-west-1.amazonaws.com/survey-images/dddc537c-0711-48c1-8ce3-ccf71ac4131f/q_harvest_bags_photo/JPEG_20221021_155219_7542308574703807835.jpg,,,https://mavuno-files.s3-eu-west-1.amazonaws.com/survey-images/00e505af-1a49-4c2c-bb2c-2b7a2112fc8a/q_field_photo/JPEG_20221021_143006_7403517911756026555.jpg,11.78188096,9.617256224,16.37,https://mavuno-files.s3-eu-west-1.amazonaws.com/survey-images/dddc537c-0711-48c1-8ce3-ccf71ac4131f/q_box1_wet_weight_photo/JPEG_20221021_155019_8918687720972661255.jpg,15.47,https://mavuno-files.s3-eu-west-1.amazonaws.com/survey-images/dddc537c-0711-48c1-8ce3-ccf71ac4131f/q_box2_wet_weight_photo/JPEG_20221021_155136_5239625782308436146.jpg,13.62,https://mavuno-files.s3-eu-west-1.amazonaws.com/survey-images/680a8b5c-7058-40c9-8b0d-82b2ad4de6e6/q_box1_dry_weight_photo/JPEG_20221103_121504_8240148619944840717.jpg,12.43,https://mavuno-files.s3-eu-west-1.amazonaws.com/survey-images/680a8b5c-7058-40c9-8b0d-82b2ad4de6e6/q_box2_dry_weight_photo/JPEG_20221103_121719_943724571383056698.jpg,3.405,3.1075,used box 1 and 5409,3.25625,have average yields,2022.0_56_Client_K,1,0.7170815577634919,0.2518518865694156,,2.901051044464112,,,
2856f50a-a135-4036-92f6-0bec1b676f5e,Rice,2022.0,Nigeria,https://mavuno-files.s3-eu-west-1.amazonaws.com/survey-images/4cc54eaf-7526-4da5-8fb2-32f1a1529a7e/q_wet_harvest_photo/JPEG_20221114_125518_8487540892588064763.jpg,https://mavuno-files.s3-eu-west-1.amazonaws.com/survey-images/4cc54eaf-7526-4da5-8fb2-32f1a1529a7e/q_harvest_bags_photo/JPEG_20221114_125604_7540261980744980781.jpg,,,https://mavuno-files.s3-eu-west-1.amazonaws.com/survey-images/e79d1390-c92e-4b4c-972e-445fd54bc581/q_field_photo/JPEG_20221028_124200_132564137251238493.jpg,8.5660982,8.4309189,6.255,https://mavuno-files.s3-eu-west-1.amazonaws.com/survey-images/4cc54eaf-7526-4da5-8fb2-32f1a1529a7e/q_box1_wet_weight_photo/JPEG_20221114_124119_8070675521674827240.jpg,4.685,https://mavuno-files.s3-eu-west-1.amazonaws.com/survey-images/4cc54eaf-7526-4da5-8fb2-32f1a1529a7e/q_box2_wet_weight_photo/JPEG_20221114_124623_4816785703277781105.jpg,3.385,https://mavuno-files.s3-eu-west-1.amazonaws.com/survey-images/eba661bc-bf56-4d9f-aef2-9e52c49af4ae/q_box1_dry_weight_photo/JPEG_20221114_130518_2222211895763159605.jpg,2.26,https://mavuno-files.s3-eu-west-1.amazonaws.com/survey-images/eba661bc-bf56-4d9f-aef2-9e52c49af4ae/q_box2_dry_weight_photo/JPEG_20221114_131017_5416409338955216678.jpg,0.84625,0.565,used box 1 and 5429,0.705625,have average yields,2022.0_169_Client_AU,0,-1.073818086055814,-0.4902532826080727,0.6599032878875732,,,,
2879c560-929c-4943-8857-da7f7ebc0862,Rice,2022.0,Nigeria,https://mavuno-files.s3-eu-west-1.amazonaws.com/survey-images/8f4355ea-4790-412c-a534-ee0a6251c414/q_wet_harvest_photo/JPEG_20221210_133902_1133222056074770936.jpg,https://mavuno-files.s3-eu-west-1.amazonaws.com/survey-images/8f4355ea-4790-412c-a534-ee0a6251c414/q_harvest_bags_photo/JPEG_20221210_133947_101967209592835354.jpg,,,https://mavuno-files.s3-eu-west-1.amazonaws.com/survey-images/b46eabf2-bc8b-4acd-be0d-45e212cf9f9d/q_field_photo/JPEG_20221209_101940_8902673474834325934.jpg,11.9788258,8.8756328,6.765,https://mavuno-files.s3-eu-west-1.amazonaws.com/survey-images/8f4355ea-4790-412c-a534-ee0a6251c414/q_box1_wet_weight_photo/JPEG_20221210_133112_5037520403377972658.jpg,7.195,https://mavuno-files.s3-eu-west-1.amazonaws.com/survey-images/8f4355ea-4790-412c-a534-ee0a6251c414/q_box2_wet_weight_photo/JPEG_20221210_133704_3347747250554461150.jpg,5.44,https://mavuno-files.s3-eu-west-1.amazonaws.com/survey-images/c0b5138e-13f7-4730-b2be-5c53d80e37de/q_box1_dry_weight_photo/JPEG_20221211_115611_6211216955927065270.jpg,6.695,https://mavuno-files.s3-eu-west-1.amazonaws.com/survey-images/c0b5138e-13f7-4730-b2be-5c53d80e37de/q_box2_dry_weight_photo/JPEG_20221211_115852_5256262299229749140.jpg,1.36,1.67375,used box 1 and 5451,1.516875,have average yields,2022.0_56_Client_P,3,0.8267619902215749,-0.2120655552909133,,,,2.189899206161499,
287f4f7b-589d-4ecb-8547-66bbc8843af2,Rice,2022.0,Nigeria,https://mavuno-files.s3-eu-west-1.amazonaws.com/survey-images/658ba861-544d-4fe5-9819-e989ed2f6cc9/q_wet_harvest_photo/JPEG_20221117_133141_2119357844341378523.jpg,https://mavuno-files.s3-eu-west-1.amazonaws.com/survey-images/658ba861-544d-4fe5-9819-e989ed2f6cc9/q_harvest_bags_photo/JPEG_20221117_134031_5813756962934545593.jpg,,,https://mavuno-files.s3-eu-west-1.amazonaws.com/survey-images/4adf5656-c9d3-4f42-a19b-09ab2e17dca7/q_field_photo/JPEG_20221024_141212_9172399143551625781.jpg,12.3049555,9.6509927,11.54,https://mavuno-files.s3-eu-west-1.amazonaws.com/survey-images/658ba861-544d-4fe5-9819-e989ed2f6cc9/q_box1_wet_weight_photo/JPEG_20221117_132447_762035142817010491.jpg,14.0,https://mavuno-files.s3-eu-west-1.amazonaws.com/survey-images/658ba861-544d-4fe5-9819-e989ed2f6cc9/q_box2_wet_weight_photo/JPEG_20221117_132859_2474439113965617268.jpg,10.83,https://mavuno-files.s3-eu-west-1.amazonaws.com/survey-images/0d9ef0f3-3b3e-4b93-9ebf-7fe7336aa591/q_box1_dry_weight_photo/JPEG_20221126_142139_5657719932069526288.jpg,12.16,https://mavuno-files.s3-eu-west-1.amazonaws.com/survey-images/0d9ef0f3-3b3e-4b93-9ebf-7fe7336aa591/q_box2_dry_weight_photo/JPEG_20221126_142436_1142416179764979671.jpg,2.7075,3.04,used box 1 and 5455,2.87375,have average yields,2022.0_53_Client_BY,3,1.008386685407421,0.2729555075404035,,,,2.268069267272949,
28d80d79-51c7-4250-b9f7-7004e4cf5941,Rice,2022.0,Nigeria,https://mavuno-files.s3-eu-west-1.amazonaws.com/survey-images/bac25396-6af2-4903-8bbe-052b69360037/q_wet_harvest_photo/JPEG_20221031_141959_6779500075222836947.jpg,https://mavuno-files.s3-eu-west-1.amazonaws.com/survey-images/bac25396-6af2-4903-8bbe-052b69360037/q_harvest_bags_photo/JPEG_20221031_142044_534453755756054845.jpg,,,https://mavuno-files.s3-eu-west-1.amazonaws.com/survey-images/cdba190b-7515-487c-b5c6-2b5338ee6d61/q_field_photo/JPEG_20221031_140543_4493544507570614658.jpg,7.7706435,8.9030841,0.0,,0.0,,0.0,,0.0,,0.0,0.0,used box 1 and 5503,0.0,have average yields,2022.0_102_Client_AU,2,-1.5168142848737942,-0.1948935830208733,,,-0.0316129326820373,,
290c3422-02ae-447b-a945-1741b7183f8a,Rice,2022.0,Nigeria,https://mavuno-files.s3-eu-west-1.amazonaws.com/survey-images/8f2a5bd9-9040-407a-bfbd-28c7c84e5293/q_wet_harvest_photo/JPEG_20221031_152030_681769651818799534.jpg,https://mavuno-files.s3-eu-west-1.amazonaws.com/survey-images/8f2a5bd9-9040-407a-bfbd-28c7c84e5293/q_harvest_bags_photo/JPEG_20221031_152109_5351265887059562784.jpg,,,https://mavuno-files.s3-eu-west-1.amazonaws.com/survey-images/6b5468ac-0320-4676-bf47-bba4d51bef8d/q_field_photo/JPEG_20221031_150722_6714752036197410405.jpg,7.7710333,8.9041117,0.0,,0.0,,0.0,,0.0,,0.0,0.0,used box 1 and 5528,0.0,have average yields,2022.0_102_Client_AU,4,-1.5165972015901088,-0.1942507748950395,,,,,0.005091922357678413
29209c97-6a26-4391-a43a-2b5b6e932140,Rice,2022.0,Nigeria,https://mavuno-files.s3-eu-west-1.amazonaws.com/survey-images/8d2e7c2f-ee0e-4462-9374-f1ab814dc07d/q_wet_harvest_photo/JPEG_20221023_124002_4297514269132710635.jpg,https://mavuno-files.s3-eu-west-1.amazonaws.com/survey-images/8d2e7c2f-ee0e-4462-9374-f1ab814dc07d/q_harvest_bags_photo/JPEG_20221023_124102_2319948292737750900.jpg,,,https://mavuno-files.s3-eu-west-1.amazonaws.com/survey-images/18e1543e-0d09-4b91-adc6-c400263e91fc/q_field_photo/JPEG_20221023_121029_2935597139502362844.jpg,11.84075728,9.959821589,13.54,https://mavuno-files.s3-eu-west-1.amazonaws.com/survey-images/8d2e7c2f-ee0e-4462-9374-f1ab814dc07d/q_box1_wet_weight_photo/JPEG_20221023_123736_646247801477424843.jpg,14.09,https://mavuno-files.s3-eu-west-1.amazonaws.com/survey-images/8d2e7c2f-ee0e-4462-9374-f1ab814dc07d/q_box2_wet_weight_photo/JPEG_20221023_123904_3336813319728126985.jpg,11.6,https://mavuno-files.s3-eu-west-1.amazonaws.com/survey-images/cfba9742-3290-4197-a51e-2223ea0eb3c4/q_box1_dry_weight_photo/JPEG_20221124_142607_5344572243855624160.jpg,12.57,https://mavuno-files.s3-eu-west-1.amazonaws.com/survey-images/cfba9742-3290-4197-a51e-2223ea0eb3c4/q_box2_dry_weight_photo/JPEG_20221124_142657_1996707021205958525.jpg,2.9,3.1425,used box 1 and 5540,3.02125,have average yields,2022.0_113_Client_K,1,0.7498703337433067,0.4661412990364496,,2.672190427780152,,,
29706c92-3ad7-4129-8453-fe9513267020,Rice,2022.0,Nigeria,https://mavuno-files.s3-eu-west-1.amazonaws.com/survey-images/2aaf0713-e321-49a9-8bee-cc9a6e4e499a/q_wet_harvest_photo/JPEG_20221126_153631_1223323218452828895.jpg,https://mavuno-files.s3-eu-west-1.amazonaws.com/survey-images/2aaf0713-e321-49a9-8bee-cc9a6e4e499a/q_harvest_bags_photo/JPEG_20221126_153638_2661619084273549546.jpg,,,https://mavuno-files.s3-eu-west-1.amazonaws.com/survey-images/7f4a54db-c7b0-4d81-b183-d8eb294e460c/q_field_photo/JPEG_20221021_161248_6746120660569030128.jpg,7.6699395,9.3839537,0.0,,0.0,,0.0,,0.0,,0.0,0.0,used box 1 and 5586,0.0,have average yields,2022.0_5_Client_AU,0,-1.5728972889792023,0.1059110942332253,0.8387184739112854,,,,
2997e455-60db-4782-8f87-bce35ffca1e4,Rice,2022.0,Nigeria,https://mavuno-files.s3-eu-west-1.amazonaws.com/survey-images/4eca70d0-5d81-4cdc-9a02-cf1d7a023373/q_wet_harvest_photo/JPEG_20221021_103621_5723672159344884845.jpg,https://mavuno-files.s3-eu-west-1.amazonaws.com/survey-images/4eca70d0-5d81-4cdc-9a02-cf1d7a023373/q_harvest_bags_photo/JPEG_20221021_103643_4257331878262599313.jpg,,,https://mavuno-files.s3-eu-west-1.amazonaws.com/survey-images/7c51634a-1ae4-4884-a213-5661b93e7e27/q_field_photo/JPEG_20221021_092441_4165219192294272495.jpg,10.91262338,10.09534623,14.43,https://mavuno-files.s3-eu-west-1.amazonaws.com/survey-images/4eca70d0-5d81-4cdc-9a02-cf1d7a023373/q_box1_wet_weight_photo/JPEG_20221021_103213_2111681061540036074.jpg,13.97,https://mavuno-files.s3-eu-west-1.amazonaws.com/survey-images/4eca70d0-5d81-4cdc-9a02-cf1d7a023373/q_box2_wet_weight_photo/JPEG_20221021_103429_3181651713828662233.jpg,13.7,https://mavuno-files.s3-eu-west-1.amazonaws.com/survey-images/69832fb5-938c-4798-9176-0ae6ba6f6fd3/q_box1_dry_weight_photo/JPEG_20221106_073942_9164214551060691140.jpg,12.3,https://mavuno-files.s3-eu-west-1.amazonaws.com/survey-images/69832fb5-938c-4798-9176-0ae6ba6f6fd3/q_box2_dry_weight_photo/JPEG_20221106_074106_1571087241819603929.jpg,3.425,3.075,used box 1 and 5605,3.25,have average yields,2022.0_179_Client_K,3,0.2329838414086614,0.5509178078778956,,,,2.701869249343872,
29c86c67-1aa2-499c-8f22-c8f258af2c7c,Rice,2022.0,Nigeria,https://mavuno-files.s3-eu-west-1.amazonaws.com/survey-images/b966319e-e7a2-412c-b3ae-b680cc08e779/q_wet_harvest_photo/JPEG_20221018_102944_4070568622874254726.jpg,https://mavuno-files.s3-eu-west-1.amazonaws.com/survey-images/b966319e-e7a2-412c-b3ae-b680cc08e779/q_harvest_bags_photo/JPEG_20221018_103025_6348603480891611009.jpg,,,https://mavuno-files.s3-eu-west-1.amazonaws.com/survey-images/aec53636-cba2-40e5-9820-9c0ade8157b5/q_field_photo/JPEG_20221017_121437_927456504015048189.jpg,11.22587757,8.939388916,16.55,https://mavuno-files.s3-eu-west-1.amazonaws.com/survey-images/b966319e-e7a2-412c-b3ae-b680cc08e779/q_box1_wet_weight_photo/JPEG_20221018_102454_5882592622367898821.jpg,16.81,https://mavuno-files.s3-eu-west-1.amazonaws.com/survey-images/b966319e-e7a2-412c-b3ae-b680cc08e779/q_box2_wet_weight_photo/JPEG_20221018_102655_1081060315757206691.jpg,13.3,https://mavuno-files.s3-eu-west-1.amazonaws.com/survey-images/44bc8c9c-322d-4ec0-b20d-8f8b175de3af/q_box1_dry_weight_photo/JPEG_20221101_094353_1752053383928962089.jpg,13.4,https://mavuno-files.s3-eu-west-1.amazonaws.com/survey-images/44bc8c9c-322d-4ec0-b20d-8f8b175de3af/q_box2_dry_weight_photo/JPEG_20221101_094435_5800666452895383313.jpg,3.325,3.35,used box 1 and 5627,3.3375,have average yields,2022.0_201_Client_K,0,0.4074380440600575,-0.17218335459377,2.5250651836395264,,,,
29ff8319-f491-40b6-a888-c054a8ce7c39,Rice,2022.0,Nigeria,https://mavuno-files.s3-eu-west-1.amazonaws.com/survey-images/83ab181a-12aa-4b44-aabf-c81365dd4609/q_wet_harvest_photo/JPEG_20221128_153115_4238763697379229387.jpg,https://mavuno-files.s3-eu-west-1.amazonaws.com/survey-images/83ab181a-12aa-4b44-aabf-c81365dd4609/q_harvest_bags_photo/JPEG_20221128_153150_6535116982589485811.jpg,,,https://mavuno-files.s3-eu-west-1.amazonaws.com/survey-images/22f1637f-f0ee-4483-a65b-d3d244dc2e52/q_field_photo/JPEG_20221128_135223_7493311465529161369.jpg,10.0030561,11.1698462,2.405,https://mavuno-files.s3-eu-west-1.amazonaws.com/survey-images/83ab181a-12aa-4b44-aabf-c81365dd4609/q_box1_wet_weight_photo/JPEG_20221128_152547_4405783919173949344.jpg,2.925,https://mavuno-files.s3-eu-west-1.amazonaws.com/survey-images/83ab181a-12aa-4b44-aabf-c81365dd4609/q_box2_wet_weight_photo/JPEG_20221128_152851_4078134579119801373.jpg,2.33,https://mavuno-files.s3-eu-west-1.amazonaws.com/survey-images/07f99a0d-71de-4224-aa35-f36a73f6914d/q_box1_dry_weight_photo/JPEG_20221202_123250_4685908816519998651.jpg,2.725,https://mavuno-files.s3-eu-west-1.amazonaws.com/survey-images/07f99a0d-71de-4224-aa35-f36a73f6914d/q_box2_dry_weight_photo/JPEG_20221202_123458_535315763996600850.jpg,0.5825,0.68125,used box 1 and 5659,0.631875,have average yields,2022.0_200_Client_S,3,-0.2735627257424397,1.223063887990651,,,,1.056038737297058,
2a17d4a6-063c-4aa7-ad91-2f7f349d8c35,Rice,2022.0,Nigeria,https://mavuno-files.s3-eu-west-1.amazonaws.com/survey-images/058bdf44-1306-41ad-9ee8-458332247f59/q_wet_harvest_photo/JPEG_20221214_131051_7026524749109971856.jpg,https://mavuno-files.s3-eu-west-1.amazonaws.com/survey-images/058bdf44-1306-41ad-9ee8-458332247f59/q_harvest_bags_photo/JPEG_20221214_131138_3436730578750582240.jpg,,,https://mavuno-files.s3-eu-west-1.amazonaws.com/survey-images/c827f7cc-d504-4e02-aa78-97345d80d8b3/q_field_photo/JPEG_20221104_134340_1676901831618159613.jpg,7.7013468,8.4900434,5.86,https://mavuno-files.s3-eu-west-1.amazonaws.com/survey-images/058bdf44-1306-41ad-9ee8-458332247f59/q_box1_wet_weight_photo/JPEG_20221214_130637_3977378534475239849.jpg,5.31,https://mavuno-files.s3-eu-west-1.amazonaws.com/survey-images/058bdf44-1306-41ad-9ee8-458332247f59/q_box2_wet_weight_photo/JPEG_20221214_131021_5472216134347108967.jpg,5.045,https://mavuno-files.s3-eu-west-1.amazonaws.com/survey-images/25eb176f-c3e4-45b3-a921-fe3382c317a4/q_box1_dry_weight_photo/JPEG_20221214_131405_6518681814731776939.jpg,4.555,https://mavuno-files.s3-eu-west-1.amazonaws.com/survey-images/25eb176f-c3e4-45b3-a921-fe3382c317a4/q_box2_dry_weight_photo/JPEG_20221214_131529_7588674974795001988.jpg,1.26125,1.13875,used box 1 and 5676,1.2,have average yields,2022.0_106_Client_AU,1,-1.5554062684155727,-0.4532683575050723,,0.8844711780548096,,,
2a2f7cfb-8516-4f1a-92f0-f8334f3a802d,Rice,2022.0,Nigeria,https://mavuno-files.s3-eu-west-1.amazonaws.com/survey-images/54de3f9a-a0da-4449-9d71-df7ad4faaac5/q_wet_harvest_photo/JPEG_20221017_171736_7912675285118994345.jpg,https://mavuno-files.s3-eu-west-1.amazonaws.com/survey-images/54de3f9a-a0da-4449-9d71-df7ad4faaac5/q_harvest_bags_photo/JPEG_20221017_171819_4754334145086017078.jpg,,,https://mavuno-files.s3-eu-west-1.amazonaws.com/survey-images/1415e88e-4295-4c03-a54a-8cc3635f1854/q_field_photo/JPEG_20221017_170347_986209576262452073.jpg,12.321712,9.9311368,0.0,,0.0,,0.0,,0.0,,0.0,0.0,used box 1 and 5685,0.0,have average yields,2022.0_53_Client_BY,0,1.0177185377498528,0.4481977261899922,0.1453089714050293,,,,
2a30cf36-aa15-434e-873f-10403cd4a096,Rice,2022.0,Nigeria,https://mavuno-files.s3-eu-west-1.amazonaws.com/survey-images/5e0b2687-9d50-407a-bf84-18ab566ed878/q_wet_harvest_photo/JPEG_20221028_163522_9196015476390046640.jpg,https://mavuno-files.s3-eu-west-1.amazonaws.com/survey-images/5e0b2687-9d50-407a-bf84-18ab566ed878/q_harvest_bags_photo/JPEG_20221028_163636_2864052121877232776.jpg,,,https://mavuno-files.s3-eu-west-1.amazonaws.com/survey-images/27c2fe7c-b7c8-4aa5-a0b8-3ecceb1737fd/q_field_photo/JPEG_20221028_161612_3253961009090780664.jpg,9.7807665,11.137599,3.345,https://mavuno-files.s3-eu-west-1.amazonaws.com/survey-images/5e0b2687-9d50-407a-bf84-18ab566ed878/q_box1_wet_weight_photo/JPEG_20221028_162750_1637612195517034156.jpg,3.485,https://mavuno-files.s3-eu-west-1.amazonaws.com/survey-images/5e0b2687-9d50-407a-bf84-18ab566ed878/q_box2_wet_weight_photo/JPEG_20221028_163028_3348164171375884947.jpg,2.545,https://mavuno-files.s3-eu-west-1.amazonaws.com/survey-images/660d15a9-899f-4c7b-8818-01323ab08898/q_box1_dry_weight_photo/JPEG_20221030_154723_3949075297827443998.jpg,2.23,https://mavuno-files.s3-eu-west-1.amazonaws.com/survey-images/660d15a9-899f-4c7b-8818-01323ab08898/q_box2_dry_weight_photo/JPEG_20221030_154954_4593691310029196332.jpg,0.63625,0.5575,used box 1 and 5687,0.596875,have average yields,2022.0_52_Client_S,1,-0.3973578932570313,1.2028918733980285,,0.6710208654403687,,,
2a672ddf-2954-47ef-8148-e6997346662d,Rice,2022.0,Nigeria,https://mavuno-files.s3-eu-west-1.amazonaws.com/survey-images/7ff5634d-b759-43d6-966f-2ec9d3739220/q_wet_harvest_photo/JPEG_20221023_011500_6324804315971065737.jpg,https://mavuno-files.s3-eu-west-1.amazonaws.com/survey-images/7ff5634d-b759-43d6-966f-2ec9d3739220/q_harvest_bags_photo/JPEG_20221023_011548_4090542150005089028.jpg,,,https://mavuno-files.s3-eu-west-1.amazonaws.com/survey-images/f95b30f8-25df-4084-a920-68524d7f17a6/q_field_photo/JPEG_20221018_120351_289305311299778767.jpg,12.57270419,10.5723181,14.61,https://mavuno-files.s3-eu-west-1.amazonaws.com/survey-images/7ff5634d-b759-43d6-966f-2ec9d3739220/q_box1_wet_weight_photo/JPEG_20221023_011110_6015003796811716501.jpg,14.7,https://mavuno-files.s3-eu-west-1.amazonaws.com/survey-images/7ff5634d-b759-43d6-966f-2ec9d3739220/q_box2_wet_weight_photo/JPEG_20221023_011309_9112600270147403997.jpg,13.69,https://mavuno-files.s3-eu-west-1.amazonaws.com/survey-images/a8233608-affc-497d-8bb2-00bec2f7266e/q_box1_dry_weight_photo/JPEG_20221023_082548_3177778030556418755.jpg,13.76,https://mavuno-files.s3-eu-west-1.amazonaws.com/survey-images/a8233608-affc-497d-8bb2-00bec2f7266e/q_box2_dry_weight_photo/JPEG_20221023_082839_1976778579062516263.jpg,3.4225,3.44,used box 1 and 5718,3.43125,have average yields,2022.0_105_Client_K,2,1.1574984474078134,0.8492842868872442,,,2.431040048599243,,
2be91246-4642-4601-95e5-35a3b4def305,Rice,2022.0,Nigeria,https://mavuno-files.s3-eu-west-1.amazonaws.com/survey-images/dd22f01f-3034-428a-8856-e883379eddf3/q_wet_harvest_photo/JPEG_20221211_134642_5105449861325567459.jpg,https://mavuno-files.s3-eu-west-1.amazonaws.com/survey-images/dd22f01f-3034-428a-8856-e883379eddf3/q_harvest_bags_photo/JPEG_20221211_134653_2453006562735793351.jpg,,,https://mavuno-files.s3-eu-west-1.amazonaws.com/survey-images/4be42a8d-f5e7-43a9-a47b-416ef1455977/q_field_photo/JPEG_20221103_141838_6053533478274156661.jpg,9.6961093,6.6503756,7.62,https://mavuno-files.s3-eu-west-1.amazonaws.com/survey-images/dd22f01f-3034-428a-8856-e883379eddf3/q_box1_wet_weight_photo/JPEG_20221211_134401_8825854133527874215.jpg,7.755,https://mavuno-files.s3-eu-west-1.amazonaws.com/survey-images/dd22f01f-3034-428a-8856-e883379eddf3/q_box2_wet_weight_photo/JPEG_20221211_134521_4023092585244871820.jpg,6.85,https://mavuno-files.s3-eu-west-1.amazonaws.com/survey-images/ce9bf222-3741-4ab1-8896-a6d17e59c3b7/q_box1_dry_weight_photo/JPEG_20221211_140244_7091966797755538798.jpg,6.505,https://mavuno-files.s3-eu-west-1.amazonaws.com/survey-images/ce9bf222-3741-4ab1-8896-a6d17e59c3b7/q_box2_dry_weight_photo/JPEG_20221211_140354_195416278693963877.jpg,1.7125,1.62625,used box 1 and 5923,1.669375,have average yields,2022.0_17_Client_P,1,-0.4445042836203968,-1.6040599210261548,,1.9957664012908936,,,
2bf99b8c-eeb7-48c5-a858-d6f40289dfea,Rice,2022.0,Nigeria,https://mavuno-files.s3-eu-west-1.amazonaws.com/survey-images/03d9dc18-8ea8-4346-aff6-51689838a12e/q_wet_harvest_photo/JPEG_20221114_141859_1649074983057279246.jpg,https://mavuno-files.s3-eu-west-1.amazonaws.com/survey-images/03d9dc18-8ea8-4346-aff6-51689838a12e/q_harvest_bags_photo/JPEG_20221114_142033_8705859761947481738.jpg,,,https://mavuno-files.s3-eu-west-1.amazonaws.com/survey-images/509645fd-f552-448f-b7c4-3f39eb2571c1/q_field_photo/JPEG_20221031_115243_4971243164641056666.jpg,8.1147157,9.1368501,6.37,https://mavuno-files.s3-eu-west-1.amazonaws.com/survey-images/03d9dc18-8ea8-4346-aff6-51689838a12e/q_box1_wet_weight_photo/JPEG_20221114_141253_1327667140881665280.jpg,6.77,https://mavuno-files.s3-eu-west-1.amazonaws.com/survey-images/03d9dc18-8ea8-4346-aff6-51689838a12e/q_box2_wet_weight_photo/JPEG_20221114_141451_4759619866196691890.jpg,5.66,https://mavuno-files.s3-eu-west-1.amazonaws.com/survey-images/1a165f77-9d92-4fd1-8c9d-1059f8ffac94/q_box1_dry_weight_photo/JPEG_20221114_145143_5324697364187137821.jpg,5.385,https://mavuno-files.s3-eu-west-1.amazonaws.com/survey-images/1a165f77-9d92-4fd1-8c9d-1059f8ffac94/q_box2_dry_weight_photo/JPEG_20221114_145325_6712698580098111163.jpg,1.415,1.34625,used box 1 and 5935,1.380625,have average yields,2022.0_173_Client_AU,0,-1.3251972427984384,-0.048662866454507,0.6881995797157288,,,,
2bfcf8f4-b618-4658-9e70-2ef779bb043a,Rice,2022.0,Nigeria,https://mavuno-files.s3-eu-west-1.amazonaws.com/survey-images/843b776c-8748-4690-af48-3c3811b09f42/q_wet_harvest_photo/JPEG_20220720_080715_5828629944676417937.jpg,https://mavuno-files.s3-eu-west-1.amazonaws.com/survey-images/843b776c-8748-4690-af48-3c3811b09f42/q_harvest_bags_photo/JPEG_20220720_080736_5930477878093287092.jpg,,,https://mavuno-files.s3-eu-west-1.amazonaws.com/survey-images/3b5e7b0c-88f4-4532-80ff-d393f82c5ab8/q_field_photo/JPEG_20220718_110626_8881589848961775383.jpg,12.5935244,10.5364693,5.145,https://mavuno-files.s3-eu-west-1.amazonaws.com/survey-images/843b776c-8748-4690-af48-3c3811b09f42/q_box1_wet_weight_photo/JPEG_20220720_080446_7264114495429103623.jpg,4.83,https://mavuno-files.s3-eu-west-1.amazonaws.com/survey-images/843b776c-8748-4690-af48-3c3811b09f42/q_box2_wet_weight_photo/JPEG_20220720_080555_8696317399474105276.jpg,5.135,https://mavuno-files.s3-eu-west-1.amazonaws.com/survey-images/fa7d6069-9bcb-48ea-9aaf-5e02ec3d7188/q_box1_dry_weight_photo/JPEG_20220814_114352_4378942751214826599.jpg,4.795,https://mavuno-files.s3-eu-west-1.amazonaws.com/survey-images/fa7d6069-9bcb-48ea-9aaf-5e02ec3d7188/q_box2_dry_weight_photo/JPEG_20220814_114617_494420705220209641.jpg,1.28375,1.19875,used box 1 and 5936,1.24125,have average yields,2022.0_105_Client_BW,1,1.169093418043592,0.8268593161385281,,1.4727635383605957,,,
2c005cc7-7c4c-497e-8919-4f07e08d7c1e,Rice,2022.0,Nigeria,,,,,https://mavuno-files.s3-eu-west-1.amazonaws.com/survey-images/53725306-43ac-4e55-ba6d-12a783e18c3c/q_field_photo/JPEG_20220829_153332_7223566183915412322.jpg,6.4511406,8.5076711,0.0,,0.0,,0.0,,0.0,,0.0,0.0,used box 1 and 5938,0.0,have average yields,2022.0_98_Client_AY,1,-2.251657851741024,-0.4422414707789575,,0.0290231071412563,,,
2c2081cf-36e0-4779-95fe-0e45664c0d2c,Rice,2022.0,Nigeria,https://mavuno-files.s3-eu-west-1.amazonaws.com/survey-images/1dc06deb-6f93-4e3d-b1e6-8316d76e4c58/q_wet_harvest_photo/JPEG_20221129_164650_6014123934522730047.jpg,https://mavuno-files.s3-eu-west-1.amazonaws.com/survey-images/1dc06deb-6f93-4e3d-b1e6-8316d76e4c58/q_harvest_bags_photo/JPEG_20221129_164710_2593252288403237967.jpg,,,https://mavuno-files.s3-eu-west-1.amazonaws.com/survey-images/9e3320a8-43b8-4a6e-9eed-9a716132d882/q_field_photo/JPEG_20221124_124021_3918745801247308877.jpg,8.5856514,8.8225391,8.175,https://mavuno-files.s3-eu-west-1.amazonaws.com/survey-images/1dc06deb-6f93-4e3d-b1e6-8316d76e4c58/q_box1_wet_weight_photo/JPEG_20221129_164154_1412260961545877075.jpg,7.03,https://mavuno-files.s3-eu-west-1.amazonaws.com/survey-images/1dc06deb-6f93-4e3d-b1e6-8316d76e4c58/q_box2_wet_weight_photo/JPEG_20221129_164452_9196364168003650766.jpg,6.235,https://mavuno-files.s3-eu-west-1.amazonaws.com/survey-images/5a2fcf10-7115-4c31-a067-f033287ef609/q_box1_dry_weight_photo/JPEG_20221129_165041_3372863142893343423.jpg,4.85,https://mavuno-files.s3-eu-west-1.amazonaws.com/survey-images/5a2fcf10-7115-4c31-a067-f033287ef609/q_box2_dry_weight_photo/JPEG_20221129_165328_5668344429479817014.jpg,1.55875,1.2125,used box 1 and 5958,1.385625,have average yields,2022.0_169_Client_AU,2,-1.0629287251975184,-0.2452779548535512,,,1.7417718172073364,,
2c2a22be-0c4b-4027-9e84-afbed57a06be,Rice,2022.0,Nigeria,https://mavuno-files.s3-eu-west-1.amazonaws.com/survey-images/3a4d504c-df7b-4f67-abb1-1e9cd8361419/q_wet_harvest_photo/JPEG_20221031_145139_4770134069005178157.jpg,https://mavuno-files.s3-eu-west-1.amazonaws.com/survey-images/3a4d504c-df7b-4f67-abb1-1e9cd8361419/q_harvest_bags_photo/JPEG_20221031_145225_8721613853061857264.jpg,,,https://mavuno-files.s3-eu-west-1.amazonaws.com/survey-images/a777b25d-99c5-42a4-a83e-7bc73eaf3734/q_field_photo/JPEG_20221031_142529_6040239460288085203.jpg,9.2260542,12.5056655,0.0,,0.0,,0.0,,0.0,,0.0,0.0,used box 1 and 5968,0.0,have average yields,2022.0_28_Client_S,3,-0.7062823868046578,2.0586764811059064,,,,0.1864659041166305,
2c2c2eeb-6b90-468a-8570-6f36a5a602b2,Rice,2022.0,Nigeria,https://mavuno-files.s3-eu-west-1.amazonaws.com/survey-images/7e6b3417-8b91-451b-8565-7d681f9c7455/q_wet_harvest_photo/JPEG_20221125_102138_8876996072068489652.jpg,https://mavuno-files.s3-eu-west-1.amazonaws.com/survey-images/7e6b3417-8b91-451b-8565-7d681f9c7455/q_harvest_bags_photo/JPEG_20221125_102156_6358086291954382087.jpg,,,https://mavuno-files.s3-eu-west-1.amazonaws.com/survey-images/c8e78f01-4626-4b41-b399-d0abf6c87fbe/q_field_photo/JPEG_20221121_144307_7746170156724093953.jpg,11.09719573,4.543589826,7.22,https://mavuno-files.s3-eu-west-1.amazonaws.com/survey-images/7e6b3417-8b91-451b-8565-7d681f9c7455/q_box1_wet_weight_photo/JPEG_20221125_101759_4281473275572095902.jpg,7.63,https://mavuno-files.s3-eu-west-1.amazonaws.com/survey-images/7e6b3417-8b91-451b-8565-7d681f9c7455/q_box2_wet_weight_photo/JPEG_20221125_102004_9159809926740721489.jpg,7.145,https://mavuno-files.s3-eu-west-1.amazonaws.com/survey-images/2ec7acdc-073b-4c4a-b54a-dd1ffdbe69a4/q_box1_dry_weight_photo/JPEG_20221127_174544_6752249123434546603.jpg,7.495,https://mavuno-files.s3-eu-west-1.amazonaws.com/survey-images/2ec7acdc-073b-4c4a-b54a-dd1ffdbe69a4/q_box2_dry_weight_photo/JPEG_20221127_174746_3802513969626633356.jpg,1.78625,1.87375,used box 1 and 5975,1.83,have average yields,2022.0_129_Client_P,4,0.335773917898123,-2.921945299497983,,,,,1.3193578720092773
2cb0c9cf-ffb2-4d75-bac7-40477e17d7e6,Rice,2022.0,Nigeria,https://mavuno-files.s3-eu-west-1.amazonaws.com/survey-images/1c361ba5-4c5d-4aa2-9242-efa2354f36bf/q_wet_harvest_photo/JPEG_20221029_131142_6248014930975080451.jpg,https://mavuno-files.s3-eu-west-1.amazonaws.com/survey-images/1c361ba5-4c5d-4aa2-9242-efa2354f36bf/q_harvest_bags_photo/JPEG_20221029_131225_7949741260214532127.jpg,,,https://mavuno-files.s3-eu-west-1.amazonaws.com/survey-images/cb021adc-d8e9-486e-8235-b48434aaab64/q_field_photo/JPEG_20221029_123725_8029864979262513155.jpg,10.0985525,12.6508737,0.685,https://mavuno-files.s3-eu-west-1.amazonaws.com/survey-images/1c361ba5-4c5d-4aa2-9242-efa2354f36bf/q_box1_wet_weight_photo/JPEG_20221029_130131_5300120423382669295.jpg,1.24,https://mavuno-files.s3-eu-west-1.amazonaws.com/survey-images/1c361ba5-4c5d-4aa2-9242-efa2354f36bf/q_box2_wet_weight_photo/JPEG_20221029_130716_7049986889199741562.jpg,0.565,https://mavuno-files.s3-eu-west-1.amazonaws.com/survey-images/ebb569cc-6d54-49b9-8426-33490e39b8e9/q_box1_dry_weight_photo/JPEG_20221029_131547_1807269858884554035.jpg,1.13,https://mavuno-files.s3-eu-west-1.amazonaws.com/survey-images/ebb569cc-6d54-49b9-8426-33490e39b8e9/q_box2_dry_weight_photo/JPEG_20221029_131754_2670966259213124175.jpg,0.14125,0.2825,used box 1 and 6042,0.211875,have average yields,2022.0_28_Client_S,4,-0.2203798830226702,2.1495104738050683,,,,,1.354061484336853
2d53d574-70d5-47b7-8e33-9aab781361e0,Rice,2022.0,Nigeria,https://mavuno-files.s3-eu-west-1.amazonaws.com/survey-images/239e909e-3625-41ad-9cc4-bdb2d5261847/q_wet_harvest_photo/JPEG_20221120_111253_2131467700283747433.jpg,https://mavuno-files.s3-eu-west-1.amazonaws.com/survey-images/239e909e-3625-41ad-9cc4-bdb2d5261847/q_harvest_bags_photo/JPEG_20221120_111332_5123807952020184942.jpg,,,https://mavuno-files.s3-eu-west-1.amazonaws.com/survey-images/30031a1e-7f6d-48ce-a74e-7086ee47601e/q_field_photo/JPEG_20221113_093209_5038082970512735401.jpg,9.8345318,6.7073374,6.245,https://mavuno-files.s3-eu-west-1.amazonaws.com/survey-images/239e909e-3625-41ad-9cc4-bdb2d5261847/q_box1_wet_weight_photo/JPEG_20221120_111054_7897596486900289257.jpg,6.315,https://mavuno-files.s3-eu-west-1.amazonaws.com/survey-images/239e909e-3625-41ad-9cc4-bdb2d5261847/q_box2_wet_weight_photo/JPEG_20221120_111204_3790557626197239964.jpg,5.69,https://mavuno-files.s3-eu-west-1.amazonaws.com/survey-images/e08519c2-de8f-4f3c-b84f-486e41c39fe2/q_box1_dry_weight_photo/JPEG_20221120_111612_5207038590709930325.jpg,5.545,https://mavuno-files.s3-eu-west-1.amazonaws.com/survey-images/e08519c2-de8f-4f3c-b84f-486e41c39fe2/q_box2_dry_weight_photo/JPEG_20221120_112037_3408938462429451469.jpg,1.4225,1.38625,used box 1 and 6129,1.404375,have average yields,2022.0_17_Client_P,2,-0.36741549235311,-1.5684278580618658,,,1.28191077709198,,
2deae1bc-c296-4058-88a2-41d26d32d88e,Rice,2022.0,Nigeria,https://mavuno-files.s3-eu-west-1.amazonaws.com/survey-images/0ef461d2-efc5-478a-88bc-3525ea2d4a3a/q_wet_harvest_photo/JPEG_20221203_135046_3064543774291168138.jpg,https://mavuno-files.s3-eu-west-1.amazonaws.com/survey-images/0ef461d2-efc5-478a-88bc-3525ea2d4a3a/q_harvest_bags_photo/JPEG_20221203_135113_5892890402150417408.jpg,,,https://mavuno-files.s3-eu-west-1.amazonaws.com/survey-images/b247d4c8-7586-42d5-b161-48e95bbbddc4/q_field_photo/JPEG_20221029_122736_1134593238054840575.jpg,7.4817488,8.2454647,3.46,https://mavuno-files.s3-eu-west-1.amazonaws.com/survey-images/0ef461d2-efc5-478a-88bc-3525ea2d4a3a/q_box1_wet_weight_photo/JPEG_20221203_134405_3374950379205994863.jpg,1.56,https://mavuno-files.s3-eu-west-1.amazonaws.com/survey-images/0ef461d2-efc5-478a-88bc-3525ea2d4a3a/q_box2_wet_weight_photo/JPEG_20221203_134609_170306918367983320.jpg,3.235,https://mavuno-files.s3-eu-west-1.amazonaws.com/survey-images/6c188359-bf80-48e2-b01d-093c2c276439/q_box1_dry_weight_photo/JPEG_20221203_135610_6302991756288400458.jpg,1.405,https://mavuno-files.s3-eu-west-1.amazonaws.com/survey-images/6c188359-bf80-48e2-b01d-093c2c276439/q_box2_dry_weight_photo/JPEG_20221203_135845_8565399483589789521.jpg,0.80875,0.35125,used box 1 and 6206,0.58,have average yields,2022.0_135_Client_AU,3,-1.6777024585921227,-0.6062628843304881,,,,0.1836341172456741,
2e2f57d4-39ff-4bed-a9a7-1b12d39591ba,Rice,2022.0,Nigeria,https://mavuno-files.s3-eu-west-1.amazonaws.com/survey-images/02304850-75bc-4c30-9dca-02fdbe9c9183/q_wet_harvest_photo/JPEG_20221120_161207_2798899309437155410.jpg,https://mavuno-files.s3-eu-west-1.amazonaws.com/survey-images/02304850-75bc-4c30-9dca-02fdbe9c9183/q_harvest_bags_photo/JPEG_20221120_161337_2630619473424138940.jpg,,,https://mavuno-files.s3-eu-west-1.amazonaws.com/survey-images/cdcfdc68-08b0-41e2-87a0-8cf1ee7bcf6b/q_field_photo/JPEG_20221105_112653_7352207332284616212.jpg,9.8977016,6.8086094,8.415,https://mavuno-files.s3-eu-west-1.amazonaws.com/survey-images/02304850-75bc-4c30-9dca-02fdbe9c9183/q_box1_wet_weight_photo/JPEG_20221120_160854_6834705533717047340.jpg,8.605,https://mavuno-files.s3-eu-west-1.amazonaws.com/survey-images/02304850-75bc-4c30-9dca-02fdbe9c9183/q_box2_wet_weight_photo/JPEG_20221120_161039_4043095077385189754.jpg,6.63,https://mavuno-files.s3-eu-west-1.amazonaws.com/survey-images/29abaaa2-3512-4c78-9b48-09e27201de37/q_box1_dry_weight_photo/JPEG_20221120_161634_7236507774095544995.jpg,6.425,https://mavuno-files.s3-eu-west-1.amazonaws.com/survey-images/29abaaa2-3512-4c78-9b48-09e27201de37/q_box2_dry_weight_photo/JPEG_20221120_161749_9213256051366141158.jpg,1.6575,1.60625,used box 1 and 6249,1.631875,have average yields,2022.0_17_Client_P,0,-0.3322356370073668,-1.5050778536638396,1.0516729354858398,,,,
2e86903c-c43c-4258-b5b5-6196fdaa8dee,Rice,2022.0,Nigeria,https://mavuno-files.s3-eu-west-1.amazonaws.com/survey-images/db304b12-4d13-4cdb-a38e-259d44ea4f63/q_wet_harvest_photo/JPEG_20221022_141809_6321325905013402353.jpg,https://mavuno-files.s3-eu-west-1.amazonaws.com/survey-images/db304b12-4d13-4cdb-a38e-259d44ea4f63/q_harvest_bags_photo/JPEG_20221022_141859_8438535286978399523.jpg,,,https://mavuno-files.s3-eu-west-1.amazonaws.com/survey-images/6aa0077d-790c-4efc-9787-42cf448cf144/q_field_photo/JPEG_20221018_101937_5574491766235710704.jpg,12.27818307,10.34058999,14.33,https://mavuno-files.s3-eu-west-1.amazonaws.com/survey-images/db304b12-4d13-4cdb-a38e-259d44ea4f63/q_box1_wet_weight_photo/JPEG_20221022_141220_9103107473726340962.jpg,16.23,https://mavuno-files.s3-eu-west-1.amazonaws.com/survey-images/db304b12-4d13-4cdb-a38e-259d44ea4f63/q_box2_wet_weight_photo/JPEG_20221022_141532_7508261887374426476.jpg,13.29,https://mavuno-files.s3-eu-west-1.amazonaws.com/survey-images/f31c78f2-d6e3-4942-8cb2-03139928f44d/q_box1_dry_weight_photo/JPEG_20221130_120805_2175737098229670254.jpg,14.84,https://mavuno-files.s3-eu-west-1.amazonaws.com/survey-images/f31c78f2-d6e3-4942-8cb2-03139928f44d/q_box2_dry_weight_photo/JPEG_20221130_120851_8602092263165017565.jpg,3.3225,3.71,used box 1 and 6306,3.51625,have average yields,2022.0_13_Client_K,0,0.993476867509406,0.7043283584208732,3.2104856967926025,,,,
2f31f033-0f2a-4a26-8cad-abf1eaf75596,Rice,2022.0,Nigeria,https://mavuno-files.s3-eu-west-1.amazonaws.com/survey-images/d62d2175-91c3-4808-a3e8-3b00b79de4d2/q_wet_harvest_photo/JPEG_20221128_080832_6935287502683966628.jpg,https://mavuno-files.s3-eu-west-1.amazonaws.com/survey-images/d62d2175-91c3-4808-a3e8-3b00b79de4d2/q_harvest_bags_photo/JPEG_20221128_080919_1559544069029613482.jpg,,,https://mavuno-files.s3-eu-west-1.amazonaws.com/survey-images/a723907e-c7c2-44e9-96ce-e47f9e7c6c06/q_field_photo/JPEG_20221019_092135_1355997701063967372.jpg,7.5882247,9.3821287,1.34,https://mavuno-files.s3-eu-west-1.amazonaws.com/survey-images/d62d2175-91c3-4808-a3e8-3b00b79de4d2/q_box1_wet_weight_photo/JPEG_20221128_080534_8884567800004726911.jpg,0.61,https://mavuno-files.s3-eu-west-1.amazonaws.com/survey-images/d62d2175-91c3-4808-a3e8-3b00b79de4d2/q_box2_wet_weight_photo/JPEG_20221128_080742_1964752171423183902.jpg,1.32,https://mavuno-files.s3-eu-west-1.amazonaws.com/survey-images/1e16c704-55fe-4991-86e8-74551194d008/q_box1_dry_weight_photo/JPEG_20221128_081221_9044185358926587448.jpg,0.555,https://mavuno-files.s3-eu-west-1.amazonaws.com/survey-images/1e16c704-55fe-4991-86e8-74551194d008/q_box2_dry_weight_photo/JPEG_20221128_081339_6964746327743979762.jpg,0.33,0.13875,used box 1 and 6403,0.234375,have average yields,2022.0_5_Client_AU,0,-1.6184050291272856,0.1047694780113052,1.2652392387390137,,,,
2f3a2584-4354-4025-ac4d-65f879793a92,Rice,2022.0,Nigeria,,,,,https://mavuno-files.s3-eu-west-1.amazonaws.com/survey-images/de5efdf4-1479-420a-90b4-91cf3aabcc12/q_field_photo/JPEG_20220829_144940_600431698032514784.jpg,6.451042,8.507494,0.0,,0.0,,0.0,,0.0,,0.0,0.0,used box 1 and 6411,0.0,have average yields,2022.0_98_Client_AY,4,-2.2517127630077534,-0.4423522544682191,,,,,0.04178350418806076
2f3f2d5b-899e-4d8f-a1a3-4b50df74169a,Rice,2022.0,Nigeria,https://mavuno-files.s3-eu-west-1.amazonaws.com/survey-images/dc20af7f-e05c-41f0-bb7f-4eaf2671a838/q_wet_harvest_photo/JPEG_20221021_150656_7648459465695121636.jpg,https://mavuno-files.s3-eu-west-1.amazonaws.com/survey-images/dc20af7f-e05c-41f0-bb7f-4eaf2671a838/q_harvest_bags_photo/JPEG_20221021_150712_6013186448249752139.jpg,,,https://mavuno-files.s3-eu-west-1.amazonaws.com/survey-images/e16f7fa7-214c-4774-afbe-fe2ba1bd7f30/q_field_photo/JPEG_20221021_013933_9134246226163767334.jpg,10.90542932,10.07455543,16.34,https://mavuno-files.s3-eu-west-1.amazonaws.com/survey-images/dc20af7f-e05c-41f0-bb7f-4eaf2671a838/q_box1_wet_weight_photo/JPEG_20221021_150425_3608823743481377246.jpg,15.57,https://mavuno-files.s3-eu-west-1.amazonaws.com/survey-images/dc20af7f-e05c-41f0-bb7f-4eaf2671a838/q_box2_wet_weight_photo/JPEG_20221021_150531_6492559350516185954.jpg,13.21,https://mavuno-files.s3-eu-west-1.amazonaws.com/survey-images/640edff3-11cb-40b3-adf3-85558a8e67e6/q_box1_dry_weight_photo/JPEG_20221107_073414_3952884283446218881.jpg,12.09,https://mavuno-files.s3-eu-west-1.amazonaws.com/survey-images/640edff3-11cb-40b3-adf3-85558a8e67e6/q_box2_dry_weight_photo/JPEG_20221107_073458_4501831419161626446.jpg,3.3025,3.0225,used box 1 and 6416,3.1625,have average yields,2022.0_179_Client_K,0,0.2289774017785123,0.5379122656605156,2.886876344680786,,,,
2fb21a68-1868-4a0e-b78f-854edbeb6ce2,Rice,2022.0,Nigeria,https://mavuno-files.s3-eu-west-1.amazonaws.com/survey-images/75bd5750-d744-4091-b881-33b23a2a1e28/q_wet_harvest_photo/JPEG_20221129_150938_632166135513497326.jpg,https://mavuno-files.s3-eu-west-1.amazonaws.com/survey-images/75bd5750-d744-4091-b881-33b23a2a1e28/q_harvest_bags_photo/JPEG_20221129_151001_5167536551164457334.jpg,,,https://mavuno-files.s3-eu-west-1.amazonaws.com/survey-images/509f9981-cad8-48fc-ac9b-ce089b307497/q_field_photo/JPEG_20221129_140201_3373453192954135731.jpg,10.5255156,5.4783072,8.015,https://mavuno-files.s3-eu-west-1.amazonaws.com/survey-images/75bd5750-d744-4091-b881-33b23a2a1e28/q_box1_wet_weight_photo/JPEG_20221129_150552_4401623270662102087.jpg,7.49,https://mavuno-files.s3-eu-west-1.amazonaws.com/survey-images/75bd5750-d744-4091-b881-33b23a2a1e28/q_box2_wet_weight_photo/JPEG_20221129_150802_4393689001272813417.jpg,7.095,https://mavuno-files.s3-eu-west-1.amazonaws.com/survey-images/53680223-9534-46bc-889b-0f90fa3c763a/q_box1_dry_weight_photo/JPEG_20221207_175313_3043538122507184724.jpg,6.3,https://mavuno-files.s3-eu-west-1.amazonaws.com/survey-images/53680223-9534-46bc-889b-0f90fa3c763a/q_box2_dry_weight_photo/JPEG_20221207_175348_4461807038904586623.jpg,1.77375,1.575,used box 1 and 6480,1.674375,have average yields,2022.0_85_Client_P,1,0.0173998803447988,-2.3372392627473366,,1.6249929666519165,,,
2fbbea8d-9d42-409d-b13f-bc7e767d9efe,Rice,2022.0,Nigeria,https://mavuno-files.s3-eu-west-1.amazonaws.com/survey-images/50186871-3dfe-4a6a-a81f-856850ba2ae1/q_wet_harvest_photo/JPEG_20221024_132247_8055506624637190982.jpg,https://mavuno-files.s3-eu-west-1.amazonaws.com/survey-images/50186871-3dfe-4a6a-a81f-856850ba2ae1/q_harvest_bags_photo/JPEG_20221024_132344_3987791083657801470.jpg,,,https://mavuno-files.s3-eu-west-1.amazonaws.com/survey-images/f5718b64-3708-4711-8e9f-f6d5d46d931e/q_field_photo/JPEG_20221019_153201_1885560680086579271.jpg,12.27457445,10.33000432,17.16,https://mavuno-files.s3-eu-west-1.amazonaws.com/survey-images/50186871-3dfe-4a6a-a81f-856850ba2ae1/q_box1_wet_weight_photo/JPEG_20221024_131610_8095166345111257815.jpg,18.16,https://mavuno-files.s3-eu-west-1.amazonaws.com/survey-images/50186871-3dfe-4a6a-a81f-856850ba2ae1/q_box2_wet_weight_photo/JPEG_20221024_131959_2649127251686391195.jpg,16.49,https://mavuno-files.s3-eu-west-1.amazonaws.com/survey-images/c607347f-37c3-4796-a0a5-2e918c3c0403/q_box1_dry_weight_photo/JPEG_20221129_180507_4572742777796056670.jpg,17.37,https://mavuno-files.s3-eu-west-1.amazonaws.com/survey-images/c607347f-37c3-4796-a0a5-2e918c3c0403/q_box2_dry_weight_photo/JPEG_20221129_180538_4255948636050752664.jpg,4.1225,4.3425,used box 1 and 6489,4.2325,have average yields,2022.0_13_Client_K,4,0.9914671931143976,0.6977065652198303,,,,,3.15411114692688
307fb15f-fd55-41f4-ba03-c271516204e3,Rice,2022.0,Nigeria,,,,,https://mavuno-files.s3-eu-west-1.amazonaws.com/survey-images/3c9734c4-7a13-40a0-b41d-d2e76d8db9d6/q_field_photo/JPEG_20220907_120402_2062618847.jpg,12.6452938,10.3221968,12.36,,15.12,,12.3,,15.05,,3.075,3.7625,used box 1 and 6587,3.41875,have average yields,2022.0_105_Client_BS,4,1.1979242834782766,0.6928226246801186,,,,,2.5775060653686523
30d2c146-a860-425d-957f-67fada3a4ed6,Rice,2022.0,Nigeria,https://mavuno-files.s3-eu-west-1.amazonaws.com/survey-images/cce240f7-bec1-43a5-a62a-e92d982e64ce/q_wet_harvest_photo/JPEG_20220907_095151_2039593200.jpg,https://mavuno-files.s3-eu-west-1.amazonaws.com/survey-images/cce240f7-bec1-43a5-a62a-e92d982e64ce/q_harvest_bags_photo/JPEG_20220907_095224_1678248.jpg,,,https://mavuno-files.s3-eu-west-1.amazonaws.com/survey-images/9884b79d-bc37-4c20-82e9-7fbfc32334d1/q_field_photo/JPEG_20220719_155213_1649643753.jpg,12.6376968,10.3045136,17.49,https://mavuno-files.s3-eu-west-1.amazonaws.com/survey-images/cce240f7-bec1-43a5-a62a-e92d982e64ce/q_box1_wet_weight_photo/JPEG_20220907_094900_1662419873.jpg,15.95,https://mavuno-files.s3-eu-west-1.amazonaws.com/survey-images/cce240f7-bec1-43a5-a62a-e92d982e64ce/q_box2_wet_weight_photo/JPEG_20220907_095058_463571753.jpg,17.4,https://mavuno-files.s3-eu-west-1.amazonaws.com/survey-images/51da9619-3696-4726-b2e1-69addf391509/q_box1_dry_weight_photo/JPEG_20220908_110252_542442419.jpg,15.56,https://mavuno-files.s3-eu-west-1.amazonaws.com/survey-images/51da9619-3696-4726-b2e1-69addf391509/q_box2_dry_weight_photo/JPEG_20220908_110413_1931861628.jpg,4.35,3.89,used box 1 and 6641,4.12,have average yields,2022.0_105_Client_BS,3,1.1936934427749408,0.6817610203099945,,,,2.6052048206329346,
30e18bbb-7529-4b02-8669-aa5ddf684431,Rice,2022.0,Nigeria,,,,,https://mavuno-files.s3-eu-west-1.amazonaws.com/survey-images/54afb7bf-7406-4420-af8c-95cdc41a9bcd/q_field_photo/JPEG_20221017_114758_7490615191234438640.jpg,7.8075833,8.69568,0.0,,0.0,,0.0,https://mavuno-files.s3-eu-west-1.amazonaws.com/survey-images/c49a709e-4205-4837-9691-ead2c8aab218/q_box1_dry_weight_photo/JPEG_20221209_103310_5585191766233632449.jpg,0.0,https://mavuno-files.s3-eu-west-1.amazonaws.com/survey-images/c49a709e-4205-4837-9691-ead2c8aab218/q_box2_dry_weight_photo/JPEG_20221209_103335_2883342196315653899.jpg,0.0,0.0,used box 1 and 6646,0.0,have average yields,2022.0_102_Client_AU,2,-1.4962421630608282,-0.3246337940087934,,,-0.0410339273512363,,
3115e12c-799f-4b6c-9c11-4dd4c3fbed6e,Rice,2022.0,Nigeria,https://mavuno-files.s3-eu-west-1.amazonaws.com/survey-images/9f2ef798-d5d0-4eeb-860e-dc72a6efcad6/q_wet_harvest_photo/JPEG_20221124_143918_3740179112282661281.jpg,https://mavuno-files.s3-eu-west-1.amazonaws.com/survey-images/9f2ef798-d5d0-4eeb-860e-dc72a6efcad6/q_harvest_bags_photo/JPEG_20221124_144014_5632166972040540190.jpg,,,https://mavuno-files.s3-eu-west-1.amazonaws.com/survey-images/fe532484-0c97-4f4b-b403-135bf15d2e29/q_field_photo/JPEG_20221123_095753_4145293232757005361.jpg,10.5989559,8.1354125,8.905,https://mavuno-files.s3-eu-west-1.amazonaws.com/survey-images/9f2ef798-d5d0-4eeb-860e-dc72a6efcad6/q_box1_wet_weight_photo/JPEG_20221124_144629_7260916514115775940.jpg,8.2,https://mavuno-files.s3-eu-west-1.amazonaws.com/survey-images/9f2ef798-d5d0-4eeb-860e-dc72a6efcad6/q_box2_wet_weight_photo/JPEG_20221124_144932_6536886575581436860.jpg,8.895,https://mavuno-files.s3-eu-west-1.amazonaws.com/survey-images/0421e494-36ae-498c-9eba-c5b0aa2a5fee/q_box1_dry_weight_photo/JPEG_20221124_150622_1553941276756800730.jpg,8.185,https://mavuno-files.s3-eu-west-1.amazonaws.com/survey-images/0421e494-36ae-498c-9eba-c5b0aa2a5fee/q_box2_dry_weight_photo/JPEG_20221124_150905_8764930033719578099.jpg,2.22375,2.04625,used box 1 and 6673,2.135,have average yields,2022.0_104_Client_AD,3,0.0582994736718003,-0.675105282565069,,,,0.6613498330116272,
3138d01b-db60-4984-8092-efb1eac5beb0,Rice,2022.0,Nigeria,https://mavuno-files.s3-eu-west-1.amazonaws.com/survey-images/780d941a-3ee6-4161-8175-db337614d287/q_wet_harvest_photo/JPEG_20221018_130509_7127515371425060888.jpg,https://mavuno-files.s3-eu-west-1.amazonaws.com/survey-images/780d941a-3ee6-4161-8175-db337614d287/q_harvest_bags_photo/JPEG_20221018_130621_3619416500917641259.jpg,,,https://mavuno-files.s3-eu-west-1.amazonaws.com/survey-images/5e07b0b2-39d7-4226-b5de-91ff19fb5f0e/q_field_photo/JPEG_20221018_111347_8734542720206265404.jpg,11.36118074,9.545013607,16.68,https://mavuno-files.s3-eu-west-1.amazonaws.com/survey-images/780d941a-3ee6-4161-8175-db337614d287/q_box1_wet_weight_photo/JPEG_20221018_130103_6350773268042594103.jpg,16.44,https://mavuno-files.s3-eu-west-1.amazonaws.com/survey-images/780d941a-3ee6-4161-8175-db337614d287/q_box2_wet_weight_photo/JPEG_20221018_130246_45356842290302840.jpg,14.51,https://mavuno-files.s3-eu-west-1.amazonaws.com/survey-images/61b3a9ff-a4eb-4682-8a78-c79301af680b/q_box1_dry_weight_photo/JPEG_20221130_114429_8487102799174152985.jpg,14.15,https://mavuno-files.s3-eu-west-1.amazonaws.com/survey-images/61b3a9ff-a4eb-4682-8a78-c79301af680b/q_box2_dry_weight_photo/JPEG_20221130_114655_2556327176867202572.jpg,3.6275,3.5375,used box 1 and 6693,3.5825,have average yields,2022.0_7_Client_K,0,0.4827896511321171,0.206661013429012,2.8678131103515625,,,,
3189c4b4-12c9-411c-81fa-7b29f79772f7,Rice,2022.0,Nigeria,https://mavuno-files.s3-eu-west-1.amazonaws.com/survey-images/21af245c-98e0-4bcf-be56-1307d5e5871b/q_wet_harvest_photo/JPEG_20221112_075704_1876924855824127582.jpg,https://mavuno-files.s3-eu-west-1.amazonaws.com/survey-images/21af245c-98e0-4bcf-be56-1307d5e5871b/q_harvest_bags_photo/JPEG_20221112_075747_818754882693055597.jpg,,,https://mavuno-files.s3-eu-west-1.amazonaws.com/survey-images/00b190c2-7c34-4f0f-b383-0a11e2929f91/q_field_photo/JPEG_20221111_100934_1656352415265617987.jpg,10.0122084,11.2120027,1.065,https://mavuno-files.s3-eu-west-1.amazonaws.com/survey-images/21af245c-98e0-4bcf-be56-1307d5e5871b/q_box1_wet_weight_photo/JPEG_20221112_074455_1171482338498259738.jpg,1.275,https://mavuno-files.s3-eu-west-1.amazonaws.com/survey-images/21af245c-98e0-4bcf-be56-1307d5e5871b/q_box2_wet_weight_photo/JPEG_20221112_075344_565747899225387485.jpg,0.17,https://mavuno-files.s3-eu-west-1.amazonaws.com/survey-images/ce1d89ea-ccd6-47be-84ba-a55eb49fcdaf/q_box1_dry_weight_photo/JPEG_20221128_125713_2561711563718615583.jpg,1.045,https://mavuno-files.s3-eu-west-1.amazonaws.com/survey-images/ce1d89ea-ccd6-47be-84ba-a55eb49fcdaf/q_box2_dry_weight_photo/JPEG_20221128_130006_974229654088055302.jpg,0.0425,0.26125,used box 1 and 6738,0.151875,have average yields,2022.0_52_Client_S,1,-0.2684657238510159,1.2494345971738934,,0.2532863318920135,,,
31d7be73-be57-44e6-bfc6-dc301a081fce,Rice,2022.0,Nigeria,https://mavuno-files.s3-eu-west-1.amazonaws.com/survey-images/fad1b750-2a58-4eaf-8ffd-5c6633471eeb/q_wet_harvest_photo/JPEG_20221115_130151_8302702270620562648.jpg,https://mavuno-files.s3-eu-west-1.amazonaws.com/survey-images/fad1b750-2a58-4eaf-8ffd-5c6633471eeb/q_harvest_bags_photo/JPEG_20221115_130229_3647545455765620243.jpg,,,https://mavuno-files.s3-eu-west-1.amazonaws.com/survey-images/602b40b1-7eba-413b-9daa-43e9addd84eb/q_field_photo/JPEG_20221014_111304_6788323751356430364.jpg,8.3770995,9.2720755,1.86,https://mavuno-files.s3-eu-west-1.amazonaws.com/survey-images/fad1b750-2a58-4eaf-8ffd-5c6633471eeb/q_box1_wet_weight_photo/JPEG_20221115_125622_8795606831985328125.jpg,2.16,https://mavuno-files.s3-eu-west-1.amazonaws.com/survey-images/fad1b750-2a58-4eaf-8ffd-5c6633471eeb/q_box2_wet_weight_photo/JPEG_20221115_125952_2986573681680955027.jpg,1.425,https://mavuno-files.s3-eu-west-1.amazonaws.com/survey-images/01be0f6d-5445-4019-8b56-ad31c40b6e90/q_box1_dry_weight_photo/JPEG_20221115_134644_815385538839693772.jpg,2.065,https://mavuno-files.s3-eu-west-1.amazonaws.com/survey-images/01be0f6d-5445-4019-8b56-ad31c40b6e90/q_box2_dry_weight_photo/JPEG_20221115_135304_1580300090059198485.jpg,0.35625,0.51625,used box 1 and 6784,0.43625,have average yields,2022.0_173_Client_AU,0,-1.1790732384630347,0.0359264542335885,0.454152911901474,,,,
325d1c34-7347-49be-8a21-07be3f4c6478,Rice,2022.0,Nigeria,https://mavuno-files.s3-eu-west-1.amazonaws.com/survey-images/9f4990f9-71bb-440b-9b12-07fb41377acf/q_wet_harvest_photo/JPEG_20221129_121619_7338433049067463254.jpg,https://mavuno-files.s3-eu-west-1.amazonaws.com/survey-images/9f4990f9-71bb-440b-9b12-07fb41377acf/q_harvest_bags_photo/JPEG_20221129_121645_1406155520096672046.jpg,,,https://mavuno-files.s3-eu-west-1.amazonaws.com/survey-images/d7725ee2-ccb7-44d5-b6ff-e660f2f5145f/q_field_photo/JPEG_20221124_120305_5315536169261394889.jpg,8.5859487,8.8227074,8.405,https://mavuno-files.s3-eu-west-1.amazonaws.com/survey-images/9f4990f9-71bb-440b-9b12-07fb41377acf/q_box1_wet_weight_photo/JPEG_20221129_121239_1226753098391355869.jpg,6.61,https://mavuno-files.s3-eu-west-1.amazonaws.com/survey-images/9f4990f9-71bb-440b-9b12-07fb41377acf/q_box2_wet_weight_photo/JPEG_20221129_121531_5240616494795086568.jpg,4.265,https://mavuno-files.s3-eu-west-1.amazonaws.com/survey-images/4d901d8f-e31d-40ad-b1f4-17696cb15d58/q_box1_dry_weight_photo/JPEG_20221129_122030_8232318293307634811.jpg,2.845,https://mavuno-files.s3-eu-west-1.amazonaws.com/survey-images/4d901d8f-e31d-40ad-b1f4-17696cb15d58/q_box2_dry_weight_photo/JPEG_20221129_122310_1738829492417503210.jpg,1.06625,0.71125,used box 1 and 6863,0.88875,have average yields,2022.0_169_Client_AU,0,-1.0627631560332298,-0.2451726759438801,1.120172381401062,,,,
32880f05-f8a1-4ff3-82e0-0696dc810eb7,Rice,2022.0,Nigeria,https://mavuno-files.s3-eu-west-1.amazonaws.com/survey-images/6cef1a4e-4802-42b2-a46f-3bda3dad7870/q_wet_harvest_photo/JPEG_20221030_154918_4805718608372668238.jpg,https://mavuno-files.s3-eu-west-1.amazonaws.com/survey-images/6cef1a4e-4802-42b2-a46f-3bda3dad7870/q_harvest_bags_photo/JPEG_20221030_155031_3401125456079820247.jpg,,,https://mavuno-files.s3-eu-west-1.amazonaws.com/survey-images/faa55c40-2db6-4310-943b-8909e3f34ab7/q_field_photo/JPEG_20221030_152443_1884251357274078041.jpg,10.083622,12.6581599,1.415,https://mavuno-files.s3-eu-west-1.amazonaws.com/survey-images/6cef1a4e-4802-42b2-a46f-3bda3dad7870/q_box1_wet_weight_photo/JPEG_20221030_154054_233963262933886068.jpg,0.845,https://mavuno-files.s3-eu-west-1.amazonaws.com/survey-images/6cef1a4e-4802-42b2-a46f-3bda3dad7870/q_box2_wet_weight_photo/JPEG_20221030_154458_2897109180381004187.jpg,1.185,https://mavuno-files.s3-eu-west-1.amazonaws.com/survey-images/723be5a6-53ff-4698-9b8b-be94fa149f45/q_box1_dry_weight_photo/JPEG_20221030_155425_1440012438234527756.jpg,0.675,https://mavuno-files.s3-eu-west-1.amazonaws.com/survey-images/723be5a6-53ff-4698-9b8b-be94fa149f45/q_box2_dry_weight_photo/JPEG_20221030_155548_7051154809027955433.jpg,0.29625,0.16875,used box 1 and 6880,0.2325,have average yields,2022.0_28_Client_S,1,-0.2286948188027366,2.154068306197485,,0.4825301766395569,,,
32e3d3aa-ac4f-41b2-95a5-5b933a210302,Rice,2022.0,Nigeria,,,,,https://mavuno-files.s3-eu-west-1.amazonaws.com/survey-images/fbbc13e3-0ff6-4c6b-b071-f15ec22ad5b8/q_field_photo/JPEG_20221020_093934_4529154137139649968.jpg,11.10756131,9.298156165,18.31,,18.31,,14.21,https://mavuno-files.s3-eu-west-1.amazonaws.com/survey-images/4b4fe28c-8bde-495d-93cf-aa5670851e7a/q_box1_dry_weight_photo/JPEG_20221204_163206_8120366235096449478.jpg,14.24,https://mavuno-files.s3-eu-west-1.amazonaws.com/survey-images/4b4fe28c-8bde-495d-93cf-aa5670851e7a/q_box2_dry_weight_photo/JPEG_20221204_163325_4981043731412568852.jpg,3.5525,3.56,used box 1 and 6922,3.55625,have average yields,2022.0_197_Client_K,4,0.3415466068250271,0.0522410351883782,,,,,3.4442434310913086
333392aa-daff-46ce-ae06-4c31bc7b0dca,Rice,2022.0,Nigeria,https://mavuno-files.s3-eu-west-1.amazonaws.com/survey-images/bce7d4f5-0adc-472c-8f9c-698d03e6acc7/q_wet_harvest_photo/JPEG_20221118_104411_3996132963750132363.jpg,https://mavuno-files.s3-eu-west-1.amazonaws.com/survey-images/bce7d4f5-0adc-472c-8f9c-698d03e6acc7/q_harvest_bags_photo/JPEG_20221118_104524_4044424863524919693.jpg,,,https://mavuno-files.s3-eu-west-1.amazonaws.com/survey-images/6dabb710-8250-4389-bc89-8b724544e707/q_field_photo/JPEG_20221118_093109_4493828132938706931.jpg,9.9792376,10.9579926,1.575,https://mavuno-files.s3-eu-west-1.amazonaws.com/survey-images/bce7d4f5-0adc-472c-8f9c-698d03e6acc7/q_box1_wet_weight_photo/JPEG_20221118_103539_8698931712549857627.jpg,1.775,https://mavuno-files.s3-eu-west-1.amazonaws.com/survey-images/bce7d4f5-0adc-472c-8f9c-698d03e6acc7/q_box2_wet_weight_photo/JPEG_20221118_104018_7577087031502622505.jpg,1.175,https://mavuno-files.s3-eu-west-1.amazonaws.com/survey-images/8eef436d-f4a9-45ea-9412-b14ab34c4c97/q_box1_dry_weight_photo/JPEG_20221205_115406_474998643204489129.jpg,1.37,https://mavuno-files.s3-eu-west-1.amazonaws.com/survey-images/8eef436d-f4a9-45ea-9412-b14ab34c4c97/q_box2_dry_weight_photo/JPEG_20221205_115624_9129524173309633264.jpg,0.29375,0.3425,used box 1 and 6955,0.318125,have average yields,2022.0_52_Client_S,0,-0.2868274722598045,1.090540322822217,0.1301479786634445,,,,
337a7ace-76ae-49a2-93da-be4b1574ba09,Rice,2022.0,Nigeria,https://mavuno-files.s3-eu-west-1.amazonaws.com/survey-images/db2404d9-8477-4a29-834a-48d66c1a0125/q_wet_harvest_photo/JPEG_20221026_162020_7261267534482107538.jpg,https://mavuno-files.s3-eu-west-1.amazonaws.com/survey-images/db2404d9-8477-4a29-834a-48d66c1a0125/q_harvest_bags_photo/JPEG_20221026_162030_88047694591810018.jpg,,,https://mavuno-files.s3-eu-west-1.amazonaws.com/survey-images/16c71c74-6e87-4811-8e87-bba3fdd0e3e7/q_field_photo/JPEG_20221026_155834_8576137336638538343.jpg,12.57010559,8.940805458,14.96,https://mavuno-files.s3-eu-west-1.amazonaws.com/survey-images/db2404d9-8477-4a29-834a-48d66c1a0125/q_box1_wet_weight_photo/JPEG_20221026_161738_6887706157595711199.jpg,13.66,https://mavuno-files.s3-eu-west-1.amazonaws.com/survey-images/db2404d9-8477-4a29-834a-48d66c1a0125/q_box2_wet_weight_photo/JPEG_20221026_161915_7777583604105142500.jpg,12.74,https://mavuno-files.s3-eu-west-1.amazonaws.com/survey-images/5cd5957c-f3a1-4593-a45d-8b3e92b970a7/q_box1_dry_weight_photo/JPEG_20221101_152716_8723611557742198518.jpg,11.94,https://mavuno-files.s3-eu-west-1.amazonaws.com/survey-images/5cd5957c-f3a1-4593-a45d-8b3e92b970a7/q_box2_dry_weight_photo/JPEG_20221101_152819_4317571623226058053.jpg,3.185,2.985,used box 1 and 6982,3.085,have average yields,2022.0_7_Client_K,1,1.156051262643869,-0.1712972464698073,,2.8450849056243896,,,
339cfbe1-b30b-4cc5-afa4-7b09619854b3,Rice,2022.0,Nigeria,,,,,https://mavuno-files.s3-eu-west-1.amazonaws.com/survey-images/c212a13a-bb11-4fda-be40-0a945687f659/q_field_photo/JPEG_20221101_102019_9054480154687414802.jpg,9.2334099,12.469047,0.0,,0.0,,0.0,,0.0,,0.0,0.0,used box 1 and 6995,0.0,have average yields,2022.0_28_Client_S,4,-0.7021859283392727,2.035770029805951,,,,,0.03659296780824661
33c73c4e-3ada-41b6-8e11-7e037d04966f,Rice,2022.0,Nigeria,https://mavuno-files.s3-eu-west-1.amazonaws.com/survey-images/26ad7d9c-d70e-4273-8e4f-0945ef31bbe9/q_wet_harvest_photo/JPEG_20221123_165813_9170860985168525582.jpg,https://mavuno-files.s3-eu-west-1.amazonaws.com/survey-images/26ad7d9c-d70e-4273-8e4f-0945ef31bbe9/q_harvest_bags_photo/JPEG_20221123_165821_2528517429737224897.jpg,,,https://mavuno-files.s3-eu-west-1.amazonaws.com/survey-images/6f090603-8d4d-45aa-b886-14196455aec9/q_field_photo/JPEG_20221122_142722_3898815240096970863.jpg,10.5993533,8.138965,8.855,https://mavuno-files.s3-eu-west-1.amazonaws.com/survey-images/26ad7d9c-d70e-4273-8e4f-0945ef31bbe9/q_box1_wet_weight_photo/JPEG_20221123_165124_6861685758746465009.jpg,8.665,https://mavuno-files.s3-eu-west-1.amazonaws.com/survey-images/26ad7d9c-d70e-4273-8e4f-0945ef31bbe9/q_box2_wet_weight_photo/JPEG_20221123_165531_3828065889752566696.jpg,8.855,https://mavuno-files.s3-eu-west-1.amazonaws.com/survey-images/59837f88-7861-4e0f-8cb9-eb41dbd67971/q_box1_dry_weight_photo/JPEG_20221123_170928_165830907563783691.jpg,8.655,https://mavuno-files.s3-eu-west-1.amazonaws.com/survey-images/59837f88-7861-4e0f-8cb9-eb41dbd67971/q_box2_dry_weight_photo/JPEG_20221123_171908_5123625014918085485.jpg,2.21375,2.16375,used box 1 and 7014,2.18875,have average yields,2022.0_104_Client_AD,3,0.0585207894669179,-0.6728830405769175,,,,0.3904057741165161,
33fa6c81-01a2-4d92-921f-f24c468020b4,Rice,2022.0,Nigeria,https://mavuno-files.s3-eu-west-1.amazonaws.com/survey-images/bbbdccc5-3438-4a83-92dd-529f901abe57/q_wet_harvest_photo/JPEG_20221031_093901_384314314149437605.jpg,https://mavuno-files.s3-eu-west-1.amazonaws.com/survey-images/bbbdccc5-3438-4a83-92dd-529f901abe57/q_harvest_bags_photo/JPEG_20221031_093956_6090610772989718285.jpg,,,https://mavuno-files.s3-eu-west-1.amazonaws.com/survey-images/ba3a2081-9b15-4cd0-9d75-7d8138fecd20/q_field_photo/JPEG_20221031_085843_3104046080977379629.jpg,9.1869908,12.4577674,3.035,https://mavuno-files.s3-eu-west-1.amazonaws.com/survey-images/bbbdccc5-3438-4a83-92dd-529f901abe57/q_box1_wet_weight_photo/JPEG_20221031_093305_4349899571472332324.jpg,2.76,https://mavuno-files.s3-eu-west-1.amazonaws.com/survey-images/bbbdccc5-3438-4a83-92dd-529f901abe57/q_box2_wet_weight_photo/JPEG_20221031_093720_5074467649163558476.jpg,2.805,https://mavuno-files.s3-eu-west-1.amazonaws.com/survey-images/ec988149-c0c7-4bad-b872-d54ff945feb5/q_box1_dry_weight_photo/JPEG_20221031_094349_5676801879282943487.jpg,2.495,https://mavuno-files.s3-eu-west-1.amazonaws.com/survey-images/ec988149-c0c7-4bad-b872-d54ff945feb5/q_box2_dry_weight_photo/JPEG_20221031_094549_2873792237328816793.jpg,0.70125,0.62375,used box 1 and 7046,0.6625,have average yields,2022.0_28_Client_S,4,-0.728037161417098,2.0287141534570297,,,,,2.0164692401885986
344dd7d8-f098-4e22-8167-aba8d6f06720,Rice,2022.0,Nigeria,,,,,https://mavuno-files.s3-eu-west-1.amazonaws.com/survey-images/3b8ff9c4-f990-4498-82cc-89f003b2bdf6/q_field_photo/JPEG_20221030_132345_5597750716149375816.jpg,7.9144141,8.2999717,0.0,,0.0,,0.0,,0.0,,0.0,0.0,used box 1 and 7087,0.0,have average yields,2022.0_101_Client_AU,2,-1.4367470864503262,-0.5721664046547311,,,0.0920566320419311,,
3478cc71-9b8f-4d01-8523-14ae067b49b2,Rice,2022.0,Nigeria,https://mavuno-files.s3-eu-west-1.amazonaws.com/survey-images/919ccc6d-eb6a-44b4-84c3-6e519df6b43c/q_wet_harvest_photo/JPEG_20221109_154732_7946531169701231408.jpg,https://mavuno-files.s3-eu-west-1.amazonaws.com/survey-images/919ccc6d-eb6a-44b4-84c3-6e519df6b43c/q_harvest_bags_photo/JPEG_20221109_154846_6111596154379392384.jpg,,,https://mavuno-files.s3-eu-west-1.amazonaws.com/survey-images/d037928f-c966-4e77-96b2-ab70a3c5af6f/q_field_photo/JPEG_20221109_115531_5075218330066027966.jpg,10.0124209,11.2114137,0.0,,0.0,,0.0,https://mavuno-files.s3-eu-west-1.amazonaws.com/survey-images/76ff8b83-b33d-4752-8d90-b89fe92e8b70/q_box1_dry_weight_photo/JPEG_20221118_144134_1232317698855807270.jpg,0.0,https://mavuno-files.s3-eu-west-1.amazonaws.com/survey-images/76ff8b83-b33d-4752-8d90-b89fe92e8b70/q_box2_dry_weight_photo/JPEG_20221118_144425_5095000805215933777.jpg,0.0,0.0,used box 1 and 7108,0.0,have average yields,2022.0_52_Client_S,0,-0.2683473806037527,1.2490661522672024,0.3261360228061676,,,,
3526249e-f68b-4ff9-9723-2be5cc276b20,Rice,2022.0,Nigeria,https://mavuno-files.s3-eu-west-1.amazonaws.com/survey-images/b22e7d9d-01ee-4c2f-9b0b-3af6e2f978d4/q_wet_harvest_photo/JPEG_20221029_161048_3501583851880343317.jpg,https://mavuno-files.s3-eu-west-1.amazonaws.com/survey-images/b22e7d9d-01ee-4c2f-9b0b-3af6e2f978d4/q_harvest_bags_photo/JPEG_20221029_161213_6701072466470516216.jpg,,,https://mavuno-files.s3-eu-west-1.amazonaws.com/survey-images/1a21e479-c895-467d-bff2-004172ac4b1b/q_field_photo/JPEG_20221029_154622_3959267732567198596.jpg,10.0953266,12.6480094,1.205,https://mavuno-files.s3-eu-west-1.amazonaws.com/survey-images/b22e7d9d-01ee-4c2f-9b0b-3af6e2f978d4/q_box1_wet_weight_photo/JPEG_20221029_160248_7340541613394887782.jpg,1.11,https://mavuno-files.s3-eu-west-1.amazonaws.com/survey-images/b22e7d9d-01ee-4c2f-9b0b-3af6e2f978d4/q_box2_wet_weight_photo/JPEG_20221029_160610_3696060819034482401.jpg,1.145,https://mavuno-files.s3-eu-west-1.amazonaws.com/survey-images/0538b57e-43ae-4e1a-acf2-d74f80c2824c/q_box1_dry_weight_photo/JPEG_20221029_161528_3869928705730004060.jpg,0.99,https://mavuno-files.s3-eu-west-1.amazonaws.com/survey-images/0538b57e-43ae-4e1a-acf2-d74f80c2824c/q_box2_dry_weight_photo/JPEG_20221029_161933_1796922202703556520.jpg,0.28625,0.2475,used box 1 and 7201,0.266875,have average yields,2022.0_28_Client_S,2,-0.2221764170525365,2.14771873060263,,,0.5274302959442139,,
352bab1e-45f3-467f-8bdc-53e1a414cdd1,Rice,2022.0,Nigeria,https://mavuno-files.s3-eu-west-1.amazonaws.com/survey-images/311bc7aa-099a-474d-915d-178d0fd2b710/q_wet_harvest_photo/JPEG_20221117_103002_5507623146288567312.jpg,https://mavuno-files.s3-eu-west-1.amazonaws.com/survey-images/311bc7aa-099a-474d-915d-178d0fd2b710/q_harvest_bags_photo/JPEG_20221117_103043_6458180473798168080.jpg,,,https://mavuno-files.s3-eu-west-1.amazonaws.com/survey-images/a68a6c6e-de17-4795-87a8-62797a6b1567/q_field_photo/JPEG_20221105_122146_3984789897224992275.jpg,8.36522,9.2429117,1.35,https://mavuno-files.s3-eu-west-1.amazonaws.com/survey-images/311bc7aa-099a-474d-915d-178d0fd2b710/q_box1_wet_weight_photo/JPEG_20221117_102547_5052180394552155552.jpg,1.085,https://mavuno-files.s3-eu-west-1.amazonaws.com/survey-images/311bc7aa-099a-474d-915d-178d0fd2b710/q_box2_wet_weight_photo/JPEG_20221117_102739_6234333082811799637.jpg,1.045,https://mavuno-files.s3-eu-west-1.amazonaws.com/survey-images/ba2ae50c-08e6-472b-bd17-1794d08000ac/q_box1_dry_weight_photo/JPEG_20221117_134905_1344904393892678285.jpg,0.98,https://mavuno-files.s3-eu-west-1.amazonaws.com/survey-images/ba2ae50c-08e6-472b-bd17-1794d08000ac/q_box2_dry_weight_photo/JPEG_20221117_135035_6867780719318000951.jpg,0.26125,0.245,used box 1 and 7207,0.253125,have average yields,2022.0_173_Client_AU,2,-1.1856890436670997,0.0176832393443486,,,1.814410090446472,,
35852055-2935-4de9-b08d-cab9e50101d2,Rice,2022.0,Nigeria,https://mavuno-files.s3-eu-west-1.amazonaws.com/survey-images/bd7ff963-a83c-4480-9e2d-732536a261b4/q_wet_harvest_photo/JPEG_20221119_133103_4956987572793265034.jpg,https://mavuno-files.s3-eu-west-1.amazonaws.com/survey-images/bd7ff963-a83c-4480-9e2d-732536a261b4/q_harvest_bags_photo/JPEG_20221119_133112_8228716953016938573.jpg,,,https://mavuno-files.s3-eu-west-1.amazonaws.com/survey-images/5f4ed0f1-b9f4-4c46-ba07-f65128fab1ea/q_field_photo/JPEG_20221105_142700_8908132611370195283.jpg,11.6347824,9.0280818,14.34,https://mavuno-files.s3-eu-west-1.amazonaws.com/survey-images/bd7ff963-a83c-4480-9e2d-732536a261b4/q_box1_wet_weight_photo/JPEG_20221119_132725_5961937735006438913.jpg,12.45,https://mavuno-files.s3-eu-west-1.amazonaws.com/survey-images/bd7ff963-a83c-4480-9e2d-732536a261b4/q_box2_wet_weight_photo/JPEG_20221119_132934_8579239985183660831.jpg,13.43,https://mavuno-files.s3-eu-west-1.amazonaws.com/survey-images/4fb26808-5507-43f4-ac21-280285f049a2/q_box1_dry_weight_photo/JPEG_20221125_130027_7116954853827648384.jpg,11.89,https://mavuno-files.s3-eu-west-1.amazonaws.com/survey-images/4fb26808-5507-43f4-ac21-280285f049a2/q_box2_dry_weight_photo/JPEG_20221125_130156_4726900776346799202.jpg,3.3575,2.9725,used box 1 and 7245,3.165,have average yields,2022.0_56_Client_P,2,0.6351609871369075,-0.1167021298576767,,,2.1585867404937744,,
35a4a229-42ba-4ed2-accd-880d64cd02f1,Rice,2022.0,Nigeria,https://mavuno-files.s3-eu-west-1.amazonaws.com/survey-images/12534463-0b33-496e-b079-a6ca69200725/q_wet_harvest_photo/JPEG_20221109_140407_5562177024606796532.jpg,https://mavuno-files.s3-eu-west-1.amazonaws.com/survey-images/12534463-0b33-496e-b079-a6ca69200725/q_harvest_bags_photo/JPEG_20221109_140453_2178495937998239467.jpg,,,https://mavuno-files.s3-eu-west-1.amazonaws.com/survey-images/713be43d-cc3d-464c-8b86-117c34694e2a/q_field_photo/JPEG_20221101_162916_5578933709916096690.jpg,10.3082026,8.2647014,3.795,https://mavuno-files.s3-eu-west-1.amazonaws.com/survey-images/12534463-0b33-496e-b079-a6ca69200725/q_box1_wet_weight_photo/JPEG_20221109_135855_4032889560659612722.jpg,3.35,https://mavuno-files.s3-eu-west-1.amazonaws.com/survey-images/12534463-0b33-496e-b079-a6ca69200725/q_box2_wet_weight_photo/JPEG_20221109_140211_4734955806701554424.jpg,3.795,https://mavuno-files.s3-eu-west-1.amazonaws.com/survey-images/27cd4b94-1040-4ffd-a4d5-b5ad85b14128/q_box1_dry_weight_photo/JPEG_20221109_140907_8302246138305649508.jpg,3.34,https://mavuno-files.s3-eu-west-1.amazonaws.com/survey-images/27cd4b94-1040-4ffd-a4d5-b5ad85b14128/q_box2_dry_weight_photo/JPEG_20221109_141022_647311392053804211.jpg,0.94875,0.835,used box 1 and 7266,0.891875,have average yields,2022.0_104_Client_AD,4,-0.1036237718552976,-0.5942294986996768,,,,,1.0834954977035522
3601a691-3278-4f7d-ba98-cacb51ef2aff,Rice,2022.0,Nigeria,,https://mavuno-files.s3-eu-west-1.amazonaws.com/survey-images/70463b80-e1b4-4c43-81d6-91cf064e3e08/q_harvest_bags_photo/JPEG_20221124_131155_91962080528195645.jpg,,,https://mavuno-files.s3-eu-west-1.amazonaws.com/survey-images/a8021e89-8175-484a-baaa-d05aa7782347/q_field_photo/JPEG_20221012_173751_3349471500369127687.jpg,8.0147934,8.0893197,0.41,https://mavuno-files.s3-eu-west-1.amazonaws.com/survey-images/70463b80-e1b4-4c43-81d6-91cf064e3e08/q_box1_wet_weight_photo/JPEG_20221124_130403_1582459681169808944.jpg,0.31,https://mavuno-files.s3-eu-west-1.amazonaws.com/survey-images/70463b80-e1b4-4c43-81d6-91cf064e3e08/q_box2_wet_weight_photo/JPEG_20221124_130811_3590763371856650095.jpg,0.34,https://mavuno-files.s3-eu-west-1.amazonaws.com/survey-images/93a5e861-7d87-4793-a27b-55f1eacc93b9/q_box1_dry_weight_photo/JPEG_20221124_133531_2549945761008479500.jpg,0.25,https://mavuno-files.s3-eu-west-1.amazonaws.com/survey-images/93a5e861-7d87-4793-a27b-55f1eacc93b9/q_box2_dry_weight_photo/JPEG_20221124_133729_6302218410494258717.jpg,0.085,0.0625,used box 1 and 7312,0.07375,have average yields,2022.0_101_Client_AU,1,-1.3808449108267369,-0.7039383171917896,,0.2826645076274872,,,
3657986c-407d-4352-8266-6f60dc2b3043,Rice,2022.0,Nigeria,https://mavuno-files.s3-eu-west-1.amazonaws.com/survey-images/8408e89a-60fa-4f04-8f4c-4efa20864531/q_wet_harvest_photo/JPEG_20221130_124844_9142122506002039738.jpg,https://mavuno-files.s3-eu-west-1.amazonaws.com/survey-images/8408e89a-60fa-4f04-8f4c-4efa20864531/q_harvest_bags_photo/JPEG_20221130_124900_3864673810899019716.jpg,,,https://mavuno-files.s3-eu-west-1.amazonaws.com/survey-images/ed604388-9048-4078-9337-5a144282da51/q_field_photo/JPEG_20221124_162440_5052920759480546908.jpg,8.6250347,8.951358,8.93,https://mavuno-files.s3-eu-west-1.amazonaws.com/survey-images/8408e89a-60fa-4f04-8f4c-4efa20864531/q_box1_wet_weight_photo/JPEG_20221130_124513_854027195939756013.jpg,7.46,https://mavuno-files.s3-eu-west-1.amazonaws.com/survey-images/8408e89a-60fa-4f04-8f4c-4efa20864531/q_box2_wet_weight_photo/JPEG_20221130_124720_5177303847071900938.jpg,4.925,https://mavuno-files.s3-eu-west-1.amazonaws.com/survey-images/83189dd5-4fa6-41b4-97f6-ac01fdb646df/q_box1_dry_weight_photo/JPEG_20221130_125516_7837429709888842602.jpg,3.975,https://mavuno-files.s3-eu-west-1.amazonaws.com/survey-images/83189dd5-4fa6-41b4-97f6-ac01fdb646df/q_box2_dry_weight_photo/JPEG_20221130_125643_3834453593577084617.jpg,1.23125,0.99375,used box 1 and 7354,1.1125,have average yields,2022.0_169_Client_AU,4,-1.040995795268374,-0.1646961762617496,,,,,0.5419827103614807
370841fb-c19e-4aac-903c-d2d2d223bb42,Rice,2022.0,Nigeria,https://mavuno-files.s3-eu-west-1.amazonaws.com/survey-images/a7e02837-8904-4a05-979f-255c6eef23d0/q_wet_harvest_photo/JPEG_20221130_122436_1640022310408315257.jpg,https://mavuno-files.s3-eu-west-1.amazonaws.com/survey-images/a7e02837-8904-4a05-979f-255c6eef23d0/q_harvest_bags_photo/JPEG_20221130_122450_7913716610479810863.jpg,,,https://mavuno-files.s3-eu-west-1.amazonaws.com/survey-images/1c32d281-dd45-4f05-80e0-398962dccceb/q_field_photo/JPEG_20221130_110102_7820037865481118104.jpg,10.5248754,5.472969,8.145,https://mavuno-files.s3-eu-west-1.amazonaws.com/survey-images/a7e02837-8904-4a05-979f-255c6eef23d0/q_box1_wet_weight_photo/JPEG_20221130_122001_1599834860655986513.jpg,7.79,https://mavuno-files.s3-eu-west-1.amazonaws.com/survey-images/a7e02837-8904-4a05-979f-255c6eef23d0/q_box2_wet_weight_photo/JPEG_20221130_122142_8503066306624637187.jpg,7.455,https://mavuno-files.s3-eu-west-1.amazonaws.com/survey-images/0af99462-c44e-466b-a52e-9872aac13ce0/q_box1_dry_weight_photo/JPEG_20221207_182005_5518263623422084772.jpg,6.06,https://mavuno-files.s3-eu-west-1.amazonaws.com/survey-images/0af99462-c44e-466b-a52e-9872aac13ce0/q_box2_dry_weight_photo/JPEG_20221207_182054_4374956751970141810.jpg,1.86375,1.515,used box 1 and 7444,1.689375,have average yields,2022.0_85_Client_P,4,0.0170433469476323,-2.340578537112191,,,,,1.272463083267212
375638cf-4c19-4167-836c-426c90ddab2a,Rice,2022.0,Nigeria,,,,,https://mavuno-files.s3-eu-west-1.amazonaws.com/survey-images/54ac6fbe-fd40-4831-8d2b-e33fe613fda0/q_field_photo/JPEG_20221030_153148_2543680714860597652.jpg,7.914703,8.2908201,0.0,,0.0,,0.0,,0.0,,0.0,0.0,used box 1 and 7479,0.0,have average yields,2022.0_101_Client_AU,3,-1.436586195324988,-0.5778911252117364,,,,0.3339754939079284,
3766cecf-da01-4088-b9cb-91c786cf3d2d,Rice,2022.0,Nigeria,https://mavuno-files.s3-eu-west-1.amazonaws.com/survey-images/4d79868b-1a89-4d4a-a61f-fea7821c5525/q_wet_harvest_photo/JPEG_20221020_162105_8944108313574827725.jpg,https://mavuno-files.s3-eu-west-1.amazonaws.com/survey-images/4d79868b-1a89-4d4a-a61f-fea7821c5525/q_harvest_bags_photo/JPEG_20221020_162118_8100269003419063470.jpg,,,https://mavuno-files.s3-eu-west-1.amazonaws.com/survey-images/3f92744d-cc0b-4637-82f5-1d855c84224f/q_field_photo/JPEG_20221020_160157_6059139162418260477.jpg,11.76428525,9.720308371,13.42,https://mavuno-files.s3-eu-west-1.amazonaws.com/survey-images/4d79868b-1a89-4d4a-a61f-fea7821c5525/q_box1_wet_weight_photo/JPEG_20221020_161854_6247096858463541373.jpg,14.66,https://mavuno-files.s3-eu-west-1.amazonaws.com/survey-images/4d79868b-1a89-4d4a-a61f-fea7821c5525/q_box2_wet_weight_photo/JPEG_20221020_162015_7868119626978246121.jpg,11.32,https://mavuno-files.s3-eu-west-1.amazonaws.com/survey-images/9b919f2b-7f4e-4eae-8b4f-685718da6889/q_box1_dry_weight_photo/JPEG_20221128_152825_2889472413851883695.jpg,12.14,https://mavuno-files.s3-eu-west-1.amazonaws.com/survey-images/9b919f2b-7f4e-4eae-8b4f-685718da6889/q_box2_dry_weight_photo/JPEG_20221128_152938_8035531022864059741.jpg,2.83,3.035,used box 1 and 7485,2.9325,have average yields,2022.0_113_Client_K,2,0.7072823414844208,0.3163154497031151,,,3.405489444732666,,
3843c4f1-5cac-4356-812b-6852ab54d21d,Rice,2022.0,Nigeria,https://mavuno-files.s3-eu-west-1.amazonaws.com/survey-images/d6ea9eeb-2436-4faa-b5aa-80812b7c5ba7/q_wet_harvest_photo/JPEG_20221128_094213_7901975790712821835.jpg,https://mavuno-files.s3-eu-west-1.amazonaws.com/survey-images/d6ea9eeb-2436-4faa-b5aa-80812b7c5ba7/q_harvest_bags_photo/JPEG_20221128_094259_5903502303955136670.jpg,,,https://mavuno-files.s3-eu-west-1.amazonaws.com/survey-images/00c7b824-5000-445a-816b-9ac932280231/q_field_photo/JPEG_20221019_113348_3276238967020527414.jpg,7.5874632,9.3783774,3.24,https://mavuno-files.s3-eu-west-1.amazonaws.com/survey-images/d6ea9eeb-2436-4faa-b5aa-80812b7c5ba7/q_box1_wet_weight_photo/JPEG_20221128_093831_1502579644343479192.jpg,2.265,https://mavuno-files.s3-eu-west-1.amazonaws.com/survey-images/d6ea9eeb-2436-4faa-b5aa-80812b7c5ba7/q_box2_wet_weight_photo/JPEG_20221128_094127_1950601410898200119.jpg,3.035,https://mavuno-files.s3-eu-west-1.amazonaws.com/survey-images/2b370064-54f9-4cae-99b4-bb04dbdeda82/q_box1_dry_weight_photo/JPEG_20221128_094701_1535982627229979082.jpg,2.215,https://mavuno-files.s3-eu-west-1.amazonaws.com/survey-images/2b370064-54f9-4cae-99b4-bb04dbdeda82/q_box2_dry_weight_photo/JPEG_20221128_094909_7807784280915491889.jpg,0.75875,0.55375,used box 1 and 7602,0.65625,have average yields,2022.0_5_Client_AU,0,-1.618829115634537,0.1024228780478564,1.403196930885315,,,,
38ebaab6-49c2-430e-9ffa-242f191bd0c0,Rice,2022.0,Nigeria,https://mavuno-files.s3-eu-west-1.amazonaws.com/survey-images/4e3a1b60-0b33-4bde-a082-557a2efb4a14/q_wet_harvest_photo/JPEG_20221211_083729_1000467691437600446.jpg,https://mavuno-files.s3-eu-west-1.amazonaws.com/survey-images/4e3a1b60-0b33-4bde-a082-557a2efb4a14/q_harvest_bags_photo/JPEG_20221211_083927_2301401985052106396.jpg,,,https://mavuno-files.s3-eu-west-1.amazonaws.com/survey-images/c3351b9c-dabc-42a8-aa8f-46b609c3e832/q_field_photo/JPEG_20221210_105428_615536479757810075.jpg,11.9750123,8.8695103,7.02,https://mavuno-files.s3-eu-west-1.amazonaws.com/survey-images/4e3a1b60-0b33-4bde-a082-557a2efb4a14/q_box1_wet_weight_photo/JPEG_20221211_083127_8561184258987027060.jpg,6.67,https://mavuno-files.s3-eu-west-1.amazonaws.com/survey-images/4e3a1b60-0b33-4bde-a082-557a2efb4a14/q_box2_wet_weight_photo/JPEG_20221211_083416_7046191206698649919.jpg,5.735,https://mavuno-files.s3-eu-west-1.amazonaws.com/survey-images/c6d98034-67ed-4857-9bb8-b70134d04136/q_box1_dry_weight_photo/JPEG_20221211_105254_1812338008357676312.jpg,5.77,https://mavuno-files.s3-eu-west-1.amazonaws.com/survey-images/c6d98034-67ed-4857-9bb8-b70134d04136/q_box2_dry_weight_photo/JPEG_20221211_105446_8055706464461930590.jpg,1.43375,1.4425,used box 1 and 7684,1.438125,have average yields,2022.0_56_Client_P,0,0.8246382162289236,-0.215895443136783,2.1017868518829346,,,,
391ba6f1-2378-4cc8-82d4-bfe8557aac76,Rice,2022.0,Nigeria,,,,,https://mavuno-files.s3-eu-west-1.amazonaws.com/survey-images/114d2120-c2ab-40c3-8c8a-85c7a0cc48af/q_field_photo/JPEG_20220829_123211_2050346693202565808.jpg,6.4471833,8.5147556,0.0,,0.0,,0.0,,0.0,,0.0,0.0,used box 1 and 7705,0.0,have average yields,2022.0_98_Client_AY,0,-2.2538617093052347,-0.4378098104369291,0.3308096528053283,,,,
3932b971-8989-4175-a4a8-90061951655d,Rice,2022.0,Nigeria,https://mavuno-files.s3-eu-west-1.amazonaws.com/survey-images/67ba4e97-dec1-4db9-87a5-015f676bd435/q_wet_harvest_photo/JPEG_20221208_165555_7306218866242910874.jpg,https://mavuno-files.s3-eu-west-1.amazonaws.com/survey-images/67ba4e97-dec1-4db9-87a5-015f676bd435/q_harvest_bags_photo/JPEG_20221208_165601_7679205312343730069.jpg,,,https://mavuno-files.s3-eu-west-1.amazonaws.com/survey-images/1477eb63-0617-446a-a14d-12b3d132ff27/q_field_photo/JPEG_20221129_110242_7804083433613056305.jpg,9.7592317,6.801923,9.185,https://mavuno-files.s3-eu-west-1.amazonaws.com/survey-images/67ba4e97-dec1-4db9-87a5-015f676bd435/q_box1_wet_weight_photo/JPEG_20221208_164954_7767441317621580871.jpg,9.29,https://mavuno-files.s3-eu-west-1.amazonaws.com/survey-images/67ba4e97-dec1-4db9-87a5-015f676bd435/q_box2_wet_weight_photo/JPEG_20221208_165358_2915146704781004180.jpg,8.18,https://mavuno-files.s3-eu-west-1.amazonaws.com/survey-images/e6aafd19-b3c2-45d8-87e2-0e0bde843a92/q_box1_dry_weight_photo/JPEG_20221209_161029_7432293956784980412.jpg,8.215,https://mavuno-files.s3-eu-west-1.amazonaws.com/survey-images/e6aafd19-b3c2-45d8-87e2-0e0bde843a92/q_box2_dry_weight_photo/JPEG_20221209_161227_8399452520793180831.jpg,2.045,2.05375,used box 1 and 7718,2.049375,have average yields,2022.0_17_Client_P,3,-0.4093508257801596,-1.5092604852837044,,,,1.6071873903274536,
395e3856-835e-4217-9447-3113da40540f,Rice,2022.0,Nigeria,https://mavuno-files.s3-eu-west-1.amazonaws.com/survey-images/fb6daa64-afe7-43dc-b5d7-b0f8a1b5d73f/q_wet_harvest_photo/JPEG_20221126_122900_5709383756609987957.jpg,https://mavuno-files.s3-eu-west-1.amazonaws.com/survey-images/fb6daa64-afe7-43dc-b5d7-b0f8a1b5d73f/q_harvest_bags_photo/JPEG_20221126_122920_3034910064147650324.jpg,,,https://mavuno-files.s3-eu-west-1.amazonaws.com/survey-images/9a4ce654-f14c-47c1-b3f4-5b5c7075c15a/q_field_photo/JPEG_20221021_122354_6255223692086145001.jpg,7.6854799,9.3430521,2.765,https://mavuno-files.s3-eu-west-1.amazonaws.com/survey-images/fb6daa64-afe7-43dc-b5d7-b0f8a1b5d73f/q_box1_wet_weight_photo/JPEG_20221126_122605_8021612932700356922.jpg,3.66,https://mavuno-files.s3-eu-west-1.amazonaws.com/survey-images/fb6daa64-afe7-43dc-b5d7-b0f8a1b5d73f/q_box2_wet_weight_photo/JPEG_20221126_122802_4527169385419376777.jpg,2.745,https://mavuno-files.s3-eu-west-1.amazonaws.com/survey-images/fb925cbe-39c2-46c2-ad81-3e0ff9b82499/q_box1_dry_weight_photo/JPEG_20221126_123142_4549831512436620673.jpg,3.63,https://mavuno-files.s3-eu-west-1.amazonaws.com/survey-images/fb925cbe-39c2-46c2-ad81-3e0ff9b82499/q_box2_dry_weight_photo/JPEG_20221126_123306_5626752777130332984.jpg,0.68625,0.9075,used box 1 and 7751,0.796875,have average yields,2022.0_5_Client_AU,3,-1.5642426941567555,0.0803253791304695,,,,0.6384998559951782,
39b52cc8-1c04-4871-85d4-ba57a644ffad,Rice,2022.0,Nigeria,https://mavuno-files.s3-eu-west-1.amazonaws.com/survey-images/2814c130-df08-44a2-a6b2-76cd4b571750/q_wet_harvest_photo/JPEG_20221020_084006_8385639920468237538.jpg,https://mavuno-files.s3-eu-west-1.amazonaws.com/survey-images/2814c130-df08-44a2-a6b2-76cd4b571750/q_harvest_bags_photo/JPEG_20221020_084019_9003029717944733018.jpg,,,https://mavuno-files.s3-eu-west-1.amazonaws.com/survey-images/7a93601a-3e5c-4bb7-aa64-3eee670561f1/q_field_photo/JPEG_20221020_073635_7880690942655413761.jpg,10.77251944,10.16591012,16.81,https://mavuno-files.s3-eu-west-1.amazonaws.com/survey-images/2814c130-df08-44a2-a6b2-76cd4b571750/q_box1_wet_weight_photo/JPEG_20221020_083742_6418427478131222160.jpg,15.36,https://mavuno-files.s3-eu-west-1.amazonaws.com/survey-images/2814c130-df08-44a2-a6b2-76cd4b571750/q_box2_wet_weight_photo/JPEG_20221020_083855_6471163931477596715.jpg,13.16,https://mavuno-files.s3-eu-west-1.amazonaws.com/survey-images/72676200-07ef-42a0-b893-3936f9ce791e/q_box1_dry_weight_photo/JPEG_20221106_112353_1349372811272843668.jpg,12.2,https://mavuno-files.s3-eu-west-1.amazonaws.com/survey-images/72676200-07ef-42a0-b893-3936f9ce791e/q_box2_dry_weight_photo/JPEG_20221106_112455_4876696362767186031.jpg,3.29,3.05,used box 1 and 7798,3.17,have average yields,2022.0_179_Client_K,3,0.1549586404017127,0.5950585648674067,,,,2.779046058654785,
39bb9897-23fa-446c-a666-230711cde730,Rice,2022.0,Nigeria,,,,,https://mavuno-files.s3-eu-west-1.amazonaws.com/survey-images/b8debfd5-2ccd-4d60-b289-bae4878bc48b/q_field_photo/JPEG_20221030_145925_6816030936552153417.jpg,7.9189503,8.2918217,0.0,,0.0,,0.0,,0.0,,0.0,0.0,used box 1 and 7803,0.0,have average yields,2022.0_101_Client_AU,2,-1.4342208340351,-0.5772645812074203,,,-0.0744939595460891,,
39ced328-78b8-4220-97e5-5c3fa45cc2f5,Rice,2022.0,Nigeria,,,,,https://mavuno-files.s3-eu-west-1.amazonaws.com/survey-images/dfbc40c9-5554-4955-aba5-43024e94ae21/q_field_photo/JPEG_20221014_074533_4267663128782175894.jpg,7.9683071,7.8210497,0.0,,0.0,,0.0,,0.0,,0.0,0.0,used box 1 and 7814,0.0,have average yields,2022.0_135_Client_AU,2,-1.4067335682161677,-0.8717527740985214,,,-0.0600289329886436,,
39d27dc1-2278-4c9f-8130-fab6c7647791,Rice,2022.0,Nigeria,https://mavuno-files.s3-eu-west-1.amazonaws.com/survey-images/f9a28b6a-a937-402c-8fb2-682835961e5e/q_wet_harvest_photo/JPEG_20221118_001317_7850543804263394456.jpg,https://mavuno-files.s3-eu-west-1.amazonaws.com/survey-images/f9a28b6a-a937-402c-8fb2-682835961e5e/q_harvest_bags_photo/JPEG_20221118_001405_1645139063988649514.jpg,,,https://mavuno-files.s3-eu-west-1.amazonaws.com/survey-images/9182c1b5-9e79-43ba-a5a0-7c4f9b60b51c/q_field_photo/JPEG_20221118_093010_4715397104238350439.jpg,11.9744017,8.8681917,9.7,https://mavuno-files.s3-eu-west-1.amazonaws.com/survey-images/f9a28b6a-a937-402c-8fb2-682835961e5e/q_box1_wet_weight_photo/JPEG_20221118_000457_4364470902449106194.jpg,9.19,https://mavuno-files.s3-eu-west-1.amazonaws.com/survey-images/f9a28b6a-a937-402c-8fb2-682835961e5e/q_box2_wet_weight_photo/JPEG_20221118_000822_7278256332415439365.jpg,8.055,https://mavuno-files.s3-eu-west-1.amazonaws.com/survey-images/05872945-f471-4117-916c-a44cd1cf273d/q_box1_dry_weight_photo/JPEG_20221208_131245_1133747772252466334.jpg,8.33,https://mavuno-files.s3-eu-west-1.amazonaws.com/survey-images/05872945-f471-4117-916c-a44cd1cf273d/q_box2_dry_weight_photo/JPEG_20221208_131557_1789675541130978387.jpg,2.01375,2.0825,used box 1 and 7816,2.048125,have average yields,2022.0_56_Client_P,2,0.824298167349964,-0.2167202843149882,,,2.2798304557800293,,
3b7f37ad-c409-445e-8904-b2343b3a794f,Rice,2022.0,Nigeria,https://mavuno-files.s3-eu-west-1.amazonaws.com/survey-images/36722676-2d34-4370-a99d-71430796122b/q_wet_harvest_photo/JPEG_20271022_084935_5110833398387146655.jpg,https://mavuno-files.s3-eu-west-1.amazonaws.com/survey-images/36722676-2d34-4370-a99d-71430796122b/q_harvest_bags_photo/JPEG_20271022_084947_5314933396243288561.jpg,,,https://mavuno-files.s3-eu-west-1.amazonaws.com/survey-images/9cbc102e-4103-497d-93f7-a83a236ba2fb/q_field_photo/JPEG_20221022_072324_3466598133072622141.jpg,11.77708508,9.611962549,16.91,https://mavuno-files.s3-eu-west-1.amazonaws.com/survey-images/36722676-2d34-4370-a99d-71430796122b/q_box1_wet_weight_photo/JPEG_20271022_084702_3447692645246726080.jpg,17.04,https://mavuno-files.s3-eu-west-1.amazonaws.com/survey-images/36722676-2d34-4370-a99d-71430796122b/q_box2_wet_weight_photo/JPEG_20271022_084904_2702238899410884622.jpg,13.45,https://mavuno-files.s3-eu-west-1.amazonaws.com/survey-images/cd2eac53-9105-4b37-8a5d-84c8b0c42061/q_box1_dry_weight_photo/JPEG_20271104_072951_3091030794485456325.jpg,14.56,https://mavuno-files.s3-eu-west-1.amazonaws.com/survey-images/cd2eac53-9105-4b37-8a5d-84c8b0c42061/q_box2_dry_weight_photo/JPEG_20271104_073037_6574942309653622226.jpg,3.3625,3.64,used box 1 and 8022,3.50125,have average yields,2022.0_56_Client_K,0,0.7144106871155631,0.2485404645126598,2.943469524383545,,,,
3ba688bb-f028-477d-9c57-188a5b1c5181,Rice,2022.0,Nigeria,https://mavuno-files.s3-eu-west-1.amazonaws.com/survey-images/bbad631a-51c5-468b-b149-8af87b059bd9/q_wet_harvest_photo/JPEG_20221026_165410_1250444510020525070.jpg,https://mavuno-files.s3-eu-west-1.amazonaws.com/survey-images/bbad631a-51c5-468b-b149-8af87b059bd9/q_harvest_bags_photo/JPEG_20221026_165455_1914391552823290595.jpg,,,https://mavuno-files.s3-eu-west-1.amazonaws.com/survey-images/1c1c3c10-4bd4-46d1-a592-9f0fdaa0bea5/q_field_photo/JPEG_20221026_163344_61262404034388293.jpg,10.8881433,11.52063,0.0,,0.0,,0.0,,0.0,,0.0,0.0,used box 1 and 8043,0.0,have average yields,2022.0_200_Client_S,1,0.2193506547711822,1.442494286054838,,0.3388697206974029,,,
3bc312a2-be75-456d-a5b0-cc66a9962fdc,Rice,2022.0,Nigeria,https://mavuno-files.s3-eu-west-1.amazonaws.com/survey-images/1619d03c-d1aa-43f0-95d2-05cddc41e08e/q_wet_harvest_photo/JPEG_20221126_114127_5133653403131583259.jpg,https://mavuno-files.s3-eu-west-1.amazonaws.com/survey-images/1619d03c-d1aa-43f0-95d2-05cddc41e08e/q_harvest_bags_photo/JPEG_20221126_114421_8888606166147713749.jpg,,,https://mavuno-files.s3-eu-west-1.amazonaws.com/survey-images/81b39b16-df9d-4bb8-b38d-69783f5bf582/q_field_photo/JPEG_20221119_154151_703544343113329390.jpg,11.1332422,4.5744338,8.085,https://mavuno-files.s3-eu-west-1.amazonaws.com/survey-images/1619d03c-d1aa-43f0-95d2-05cddc41e08e/q_box1_wet_weight_photo/JPEG_20221126_113751_8724815162149913552.jpg,8.21,https://mavuno-files.s3-eu-west-1.amazonaws.com/survey-images/1619d03c-d1aa-43f0-95d2-05cddc41e08e/q_box2_wet_weight_photo/JPEG_20221126_113927_5276117960030782830.jpg,7.84,https://mavuno-files.s3-eu-west-1.amazonaws.com/survey-images/ffc2e0bb-9f91-4369-ad7e-657c4c21464b/q_box1_dry_weight_photo/JPEG_20221128_114417_1072858835026673450.jpg,8.035,https://mavuno-files.s3-eu-west-1.amazonaws.com/survey-images/ffc2e0bb-9f91-4369-ad7e-657c4c21464b/q_box2_dry_weight_photo/JPEG_20221128_114554_6669916577403815488.jpg,1.96,2.00875,used box 1 and 8056,1.984375,have average yields,2022.0_129_Client_P,2,0.3558485358377827,-2.902651063296934,,,0.6273754835128784,,
3bd3c0e8-fd7f-4f1b-9ed6-c9d8c7af17eb,Rice,2022.0,Nigeria,https://mavuno-files.s3-eu-west-1.amazonaws.com/survey-images/67173afe-56a8-4941-9f12-28a39bfd43e2/q_wet_harvest_photo/JPEG_20221023_111734_4210436489036855129.jpg,https://mavuno-files.s3-eu-west-1.amazonaws.com/survey-images/67173afe-56a8-4941-9f12-28a39bfd43e2/q_harvest_bags_photo/JPEG_20221023_111821_4115161998597439996.jpg,,,https://mavuno-files.s3-eu-west-1.amazonaws.com/survey-images/a3349b75-dbd6-4085-bf48-0ddc421ad990/q_field_photo/JPEG_20221119_081624_7658889769995016187.jpg,11.10521359,9.295544364,18.49,https://mavuno-files.s3-eu-west-1.amazonaws.com/survey-images/67173afe-56a8-4941-9f12-28a39bfd43e2/q_box1_wet_weight_photo/JPEG_20221023_111119_4676237256083120599.jpg,19.11,https://mavuno-files.s3-eu-west-1.amazonaws.com/survey-images/67173afe-56a8-4941-9f12-28a39bfd43e2/q_box2_wet_weight_photo/JPEG_20221023_111418_8785560664445002032.jpg,13.66,https://mavuno-files.s3-eu-west-1.amazonaws.com/survey-images/6042c57c-476d-4bb1-9624-dd20414dc699/q_box1_dry_weight_photo/JPEG_20221107_131358_1701092659265047499.jpg,14.1,https://mavuno-files.s3-eu-west-1.amazonaws.com/survey-images/6042c57c-476d-4bb1-9624-dd20414dc699/q_box2_dry_weight_photo/JPEG_20221107_131541_5825093787013505844.jpg,3.415,3.525,used box 1 and 8064,3.47,have average yields,2022.0_197_Client_K,3,0.3402391394910749,0.0506072410020602,,,,2.7142155170440674,
3c1339d3-5be3-43cb-91c1-4336f42d16fa,Rice,2022.0,Nigeria,https://mavuno-files.s3-eu-west-1.amazonaws.com/survey-images/b644d7b2-6a55-45c3-b6f1-ef2a76726663/q_wet_harvest_photo/JPEG_20221123_135552_326256505875829445.jpg,https://mavuno-files.s3-eu-west-1.amazonaws.com/survey-images/b644d7b2-6a55-45c3-b6f1-ef2a76726663/q_harvest_bags_photo/JPEG_20221123_135926_1932581091957472676.jpg,,,https://mavuno-files.s3-eu-west-1.amazonaws.com/survey-images/7dabf23b-5c97-4233-80f3-44d0f21ec091/q_field_photo/JPEG_20221116_121424_8123653424055279532.jpg,11.1401348,4.5737937,2.23,https://mavuno-files.s3-eu-west-1.amazonaws.com/survey-images/b644d7b2-6a55-45c3-b6f1-ef2a76726663/q_box1_wet_weight_photo/JPEG_20221123_135207_5533118267503826836.jpg,2.875,https://mavuno-files.s3-eu-west-1.amazonaws.com/survey-images/b644d7b2-6a55-45c3-b6f1-ef2a76726663/q_box2_wet_weight_photo/JPEG_20221123_135337_35641296604531182.jpg,2.165,https://mavuno-files.s3-eu-west-1.amazonaws.com/survey-images/e2e6d343-37b8-4719-8635-3f1b6d6f7fae/q_box1_dry_weight_photo/JPEG_20221128_094514_3811264254392342333.jpg,2.65,https://mavuno-files.s3-eu-west-1.amazonaws.com/survey-images/e2e6d343-37b8-4719-8635-3f1b6d6f7fae/q_box2_dry_weight_photo/JPEG_20221128_094632_6657411208439288125.jpg,0.54125,0.6625,used box 1 and 8100,0.601875,have average yields,2022.0_129_Client_P,4,0.359687089560544,-2.9030514734578388,,,,,0.6683925986289978
3c7121c7-202d-4df2-ac3f-c06a95e55db2,Rice,2022.0,Nigeria,https://mavuno-files.s3-eu-west-1.amazonaws.com/survey-images/833c5230-b24f-4c4d-b3d7-845dd2c42eaa/q_wet_harvest_photo/JPEG_20221126_132250_9206768548789315402.jpg,https://mavuno-files.s3-eu-west-1.amazonaws.com/survey-images/833c5230-b24f-4c4d-b3d7-845dd2c42eaa/q_harvest_bags_photo/JPEG_20221126_132302_7698824753437293958.jpg,,,https://mavuno-files.s3-eu-west-1.amazonaws.com/survey-images/97acae6e-bf22-489c-ad19-7adce359e759/q_field_photo/JPEG_20221025_115602_2750328472975567987.jpg,12.3102967,9.6421133,7.535,https://mavuno-files.s3-eu-west-1.amazonaws.com/survey-images/833c5230-b24f-4c4d-b3d7-845dd2c42eaa/q_box1_wet_weight_photo/JPEG_20221126_131748_7439667496787716458.jpg,8.605,https://mavuno-files.s3-eu-west-1.amazonaws.com/survey-images/833c5230-b24f-4c4d-b3d7-845dd2c42eaa/q_box2_wet_weight_photo/JPEG_20221126_132213_1013184010828325261.jpg,7.535,https://mavuno-files.s3-eu-west-1.amazonaws.com/survey-images/ad05ad20-0114-4062-966c-095505e13def/q_box1_dry_weight_photo/JPEG_20221126_132805_2997209666291403759.jpg,8.605,https://mavuno-files.s3-eu-west-1.amazonaws.com/survey-images/ad05ad20-0114-4062-966c-095505e13def/q_box2_dry_weight_photo/JPEG_20221126_132857_6937121167629316833.jpg,1.88375,2.15125,used box 1 and 8150,2.0175,have average yields,2022.0_53_Client_BY,1,1.0113612498887503,0.2674010598248275,,2.998394727706909,,,
3cb72232-fc9a-4103-bf35-86d1a8a6c5ac,Rice,2022.0,Nigeria,https://mavuno-files.s3-eu-west-1.amazonaws.com/survey-images/0470394b-1d03-47e2-b49b-6fa8763e97ce/q_wet_harvest_photo/JPEG_20221103_145554_7034051671187393239.jpg,https://mavuno-files.s3-eu-west-1.amazonaws.com/survey-images/0470394b-1d03-47e2-b49b-6fa8763e97ce/q_harvest_bags_photo/JPEG_20221103_145632_2543360736887889882.jpg,,,https://mavuno-files.s3-eu-west-1.amazonaws.com/survey-images/85dcd4f8-b115-4e00-a883-d79e94a6da9e/q_field_photo/JPEG_20221103_140825_5132964467071985706.jpg,7.8170034,8.7569182,0.0,,0.0,,0.0,,0.0,,0.0,0.0,used box 1 and 8195,0.0,have average yields,2022.0_102_Client_AU,0,-1.4909960208323831,-0.2863266583807106,-0.1318414360284805,,,,
3cda6423-4bfd-45ca-9d3d-d63c1ec54b38,Rice,2022.0,Nigeria,https://mavuno-files.s3-eu-west-1.amazonaws.com/survey-images/1c0cee4e-5f3a-4c98-b66c-b04102ec1952/q_wet_harvest_photo/JPEG_20221209_155043_6851408095970061445.jpg,https://mavuno-files.s3-eu-west-1.amazonaws.com/survey-images/1c0cee4e-5f3a-4c98-b66c-b04102ec1952/q_harvest_bags_photo/JPEG_20221209_155114_1437022280201475378.jpg,,,https://mavuno-files.s3-eu-west-1.amazonaws.com/survey-images/e9d68db0-8f10-4bb4-8233-304662789bdc/q_field_photo/JPEG_20221209_152041_5742417585562328343.jpg,11.9787167,8.8757467,8.135,https://mavuno-files.s3-eu-west-1.amazonaws.com/survey-images/1c0cee4e-5f3a-4c98-b66c-b04102ec1952/q_box1_wet_weight_photo/JPEG_20221209_154358_1494210778725855046.jpg,8.385,https://mavuno-files.s3-eu-west-1.amazonaws.com/survey-images/1c0cee4e-5f3a-4c98-b66c-b04102ec1952/q_box2_wet_weight_photo/JPEG_20221209_154740_8491015619543677660.jpg,7.295,https://mavuno-files.s3-eu-west-1.amazonaws.com/survey-images/160236ce-6ca8-4497-88d1-e85d9a8e8c8f/q_box1_dry_weight_photo/JPEG_20221210_075830_3644904636811873102.jpg,7.215,https://mavuno-files.s3-eu-west-1.amazonaws.com/survey-images/160236ce-6ca8-4497-88d1-e85d9a8e8c8f/q_box2_dry_weight_photo/JPEG_20221210_080105_3015685795143832352.jpg,1.82375,1.80375,used box 1 and 8223,1.81375,have average yields,2022.0_56_Client_P,4,0.8267012314061567,-0.2119943059278023,,,,,1.6321688890457153
3cffc7ff-1e47-4fed-9388-66b8f4845a9e,Rice,2022.0,Nigeria,https://mavuno-files.s3-eu-west-1.amazonaws.com/survey-images/cb20c49e-8d29-4552-8582-44e0067f3a30/q_wet_harvest_photo/JPEG_20221123_123637_7035825166139046506.jpg,https://mavuno-files.s3-eu-west-1.amazonaws.com/survey-images/cb20c49e-8d29-4552-8582-44e0067f3a30/q_harvest_bags_photo/JPEG_20221123_123729_2014358509528701623.jpg,,,https://mavuno-files.s3-eu-west-1.amazonaws.com/survey-images/df1b927d-74ea-49de-acf2-eb5d4e3a1fa6/q_field_photo/JPEG_20221123_112643_5570406509355598068.jpg,10.0378756,11.1960218,1.665,https://mavuno-files.s3-eu-west-1.amazonaws.com/survey-images/cb20c49e-8d29-4552-8582-44e0067f3a30/q_box1_wet_weight_photo/JPEG_20221123_122803_1787493524047962791.jpg,2.105,https://mavuno-files.s3-eu-west-1.amazonaws.com/survey-images/cb20c49e-8d29-4552-8582-44e0067f3a30/q_box2_wet_weight_photo/JPEG_20221123_123327_6417550214989400532.jpg,1.435,https://mavuno-files.s3-eu-west-1.amazonaws.com/survey-images/75d25280-6427-40ef-9703-1b2ed1e01088/q_box1_dry_weight_photo/JPEG_20221129_150126_8562313533845651072.jpg,1.8,https://mavuno-files.s3-eu-west-1.amazonaws.com/survey-images/75d25280-6427-40ef-9703-1b2ed1e01088/q_box2_dry_weight_photo/JPEG_20221129_150333_6436408975598281324.jpg,0.35875,0.45,used box 1 and 8243,0.404375,have average yields,2022.0_200_Client_S,1,-0.2541714189279317,1.2394378548829903,,0.8821869492530823,,,
3d4e2a43-2e4f-4016-b084-7dc83a3f452d,Rice,2022.0,Nigeria,https://mavuno-files.s3-eu-west-1.amazonaws.com/survey-images/954993de-c04a-4229-9b2c-d01bee2d5766/q_wet_harvest_photo/JPEG_20221101_150532_9047422721616892389.jpg,https://mavuno-files.s3-eu-west-1.amazonaws.com/survey-images/954993de-c04a-4229-9b2c-d01bee2d5766/q_harvest_bags_photo/JPEG_20221101_150612_8938431007230600187.jpg,,,https://mavuno-files.s3-eu-west-1.amazonaws.com/survey-images/41a187fc-08b2-456a-abe2-de96e21da7ca/q_field_photo/JPEG_20221101_144926_6859693030477023114.jpg,7.8106609,8.9855045,0.0,,0.0,,0.0,,0.0,,0.0,0.0,used box 1 and 8281,0.0,have average yields,2022.0_102_Client_AU,3,-1.494528218694817,-0.1433360675922545,,,,0.0955436527729034,
3d98b9d6-8d61-475a-959b-3ba0f8ef7ccc,Rice,2022.0,Nigeria,https://mavuno-files.s3-eu-west-1.amazonaws.com/survey-images/7a1c56be-a2af-47f8-b137-399d59dfed54/q_wet_harvest_photo/JPEG_20221117_114717_1694478220.jpg,https://mavuno-files.s3-eu-west-1.amazonaws.com/survey-images/7a1c56be-a2af-47f8-b137-399d59dfed54/q_harvest_bags_photo/JPEG_20221117_114739_648169642.jpg,,,https://mavuno-files.s3-eu-west-1.amazonaws.com/survey-images/4d18b600-e0df-4ac4-9550-78fb8bfecc05/q_field_photo/JPEG_20221116_131620_1742611218.jpg,12.6317806,10.3626326,1.86,https://mavuno-files.s3-eu-west-1.amazonaws.com/survey-images/7a1c56be-a2af-47f8-b137-399d59dfed54/q_box1_wet_weight_photo/JPEG_20221117_114305_1724546734.jpg,1.795,https://mavuno-files.s3-eu-west-1.amazonaws.com/survey-images/7a1c56be-a2af-47f8-b137-399d59dfed54/q_box2_wet_weight_photo/JPEG_20221117_114502_74720226.jpg,1.77,https://mavuno-files.s3-eu-west-1.amazonaws.com/survey-images/8a462590-3d54-49b3-ae13-c64b788b36e4/q_box1_dry_weight_photo/JPEG_20221217_062708_511607965.jpg,1.875,https://mavuno-files.s3-eu-west-1.amazonaws.com/survey-images/8a462590-3d54-49b3-ae13-c64b788b36e4/q_box2_dry_weight_photo/JPEG_20221217_062929_1537722557.jpg,0.4425,0.46875,used box 1 and 8306,0.455625,have average yields,2022.0_105_Client_BN,4,1.1903986553892525,0.7181169617904517,,,,,0.992091953754425
3e37ed90-4862-471c-a78c-e818010658a7,Rice,2022.0,Nigeria,https://mavuno-files.s3-eu-west-1.amazonaws.com/survey-images/537c4d5c-5f38-41ed-b3d8-eed5c85f4227/q_wet_harvest_photo/JPEG_20221119_122054_8450358442800493729.jpg,https://mavuno-files.s3-eu-west-1.amazonaws.com/survey-images/537c4d5c-5f38-41ed-b3d8-eed5c85f4227/q_harvest_bags_photo/JPEG_20221119_122107_1135389741465198720.jpg,,,https://mavuno-files.s3-eu-west-1.amazonaws.com/survey-images/603b1a78-98ea-45d8-9f8e-570d485d865c/q_field_photo/JPEG_20221105_113924_1069469627071316738.jpg,11.6346489,9.0292288,13.97,https://mavuno-files.s3-eu-west-1.amazonaws.com/survey-images/537c4d5c-5f38-41ed-b3d8-eed5c85f4227/q_box1_wet_weight_photo/JPEG_20221119_121752_3115929874672476435.jpg,14.24,https://mavuno-files.s3-eu-west-1.amazonaws.com/survey-images/537c4d5c-5f38-41ed-b3d8-eed5c85f4227/q_box2_wet_weight_photo/JPEG_20221119_121918_6477458985167989868.jpg,11.99,https://mavuno-files.s3-eu-west-1.amazonaws.com/survey-images/61b107fc-9c43-4301-97ca-4ca3bf7b1245/q_box1_dry_weight_photo/JPEG_20221125_115038_1059072077950392130.jpg,13.19,https://mavuno-files.s3-eu-west-1.amazonaws.com/survey-images/61b107fc-9c43-4301-97ca-4ca3bf7b1245/q_box2_dry_weight_photo/JPEG_20221125_115224_4451025927240400399.jpg,2.9975,3.2975,used box 1 and 8401,3.1475,have average yields,2022.0_56_Client_P,0,0.635086639732156,-0.1159846318814887,2.3456385135650635,,,,
3e4a42d0-da71-44e2-8040-a8e28826042e,Rice,2022.0,Nigeria,,,,,https://mavuno-files.s3-eu-west-1.amazonaws.com/survey-images/fa727167-b290-4319-a5e6-f9854c2593a6/q_field_photo/JPEG_20221104_141226_5494315827202267278.jpg,7.8912114,7.9208473,0.0,,0.0,,0.0,,0.0,,0.0,0.0,used box 1 and 8413,0.0,have average yields,2022.0_135_Client_AU,2,-1.4496688881598565,-0.8093250704991801,,,0.1198220700025558,,
3e4b49ab-56a6-4600-bfe3-caee2f54939d,Rice,2022.0,Nigeria,,,,,https://mavuno-files.s3-eu-west-1.amazonaws.com/survey-images/6c29b19c-578a-4639-b361-4d0d39ba48fa/q_field_photo/JPEG_20221115_081716_1684016364.jpg,12.6243464,10.3699318,0.0,,0.0,,0.0,,0.0,,0.0,0.0,used box 1 and 8416,0.0,have average yields,2022.0_105_Client_BN,0,1.1862584795360542,0.7226829262436282,0.5116793513298035,,,,
3e62177b-91bd-48b2-a98a-c1949e97138f,Rice,2022.0,Nigeria,https://mavuno-files.s3-eu-west-1.amazonaws.com/survey-images/71dc8748-b205-4295-883b-da24f18a5006/q_wet_harvest_photo/JPEG_20221109_114227_1642601254228213138.jpg,https://mavuno-files.s3-eu-west-1.amazonaws.com/survey-images/71dc8748-b205-4295-883b-da24f18a5006/q_harvest_bags_photo/JPEG_20221109_114401_1466324871250450864.jpg,,,https://mavuno-files.s3-eu-west-1.amazonaws.com/survey-images/253ec056-2c60-47f3-880c-bd99bc009344/q_field_photo/JPEG_20221101_173755_4661095007956325343.jpg,10.317156,8.2665054,3.035,https://mavuno-files.s3-eu-west-1.amazonaws.com/survey-images/71dc8748-b205-4295-883b-da24f18a5006/q_box1_wet_weight_photo/JPEG_20221109_113248_6279395435716570879.jpg,3.735,https://mavuno-files.s3-eu-west-1.amazonaws.com/survey-images/71dc8748-b205-4295-883b-da24f18a5006/q_box2_wet_weight_photo/JPEG_20221109_114024_4287152016264577470.jpg,3.035,https://mavuno-files.s3-eu-west-1.amazonaws.com/survey-images/b0724e0e-4d32-40da-8e9d-67d3aadb9e2b/q_box1_dry_weight_photo/JPEG_20221109_114734_2159095545088035592.jpg,3.735,https://mavuno-files.s3-eu-west-1.amazonaws.com/survey-images/b0724e0e-4d32-40da-8e9d-67d3aadb9e2b/q_box2_dry_weight_photo/JPEG_20221109_114832_335616190224350058.jpg,0.75875,0.93375,used box 1 and 8429,0.84625,have average yields,2022.0_104_Client_AD,2,-0.0986375392433117,-0.5931010188835969,,,0.6050596833229065,,
3e80539b-291e-4a69-8e9a-a305f99ff805,Rice,2022.0,Nigeria,https://mavuno-files.s3-eu-west-1.amazonaws.com/survey-images/bf481f69-6b13-42c4-a3cd-377b2b0092fa/q_wet_harvest_photo/JPEG_20221110_153717_2773484583518420706.jpg,https://mavuno-files.s3-eu-west-1.amazonaws.com/survey-images/bf481f69-6b13-42c4-a3cd-377b2b0092fa/q_harvest_bags_photo/JPEG_20221110_153802_8643571846911366634.jpg,,,https://mavuno-files.s3-eu-west-1.amazonaws.com/survey-images/acd12ab7-3973-4db3-bc36-e5d54dd50ff0/q_field_photo/JPEG_20221110_150902_4624316905117318475.jpg,10.0125404,11.2114872,0.31,https://mavuno-files.s3-eu-west-1.amazonaws.com/survey-images/bf481f69-6b13-42c4-a3cd-377b2b0092fa/q_box1_wet_weight_photo/JPEG_20221110_152259_923125690108304010.jpg,0.325,https://mavuno-files.s3-eu-west-1.amazonaws.com/survey-images/bf481f69-6b13-42c4-a3cd-377b2b0092fa/q_box2_wet_weight_photo/JPEG_20221110_153131_5899759973315899237.jpg,0.13,https://mavuno-files.s3-eu-west-1.amazonaws.com/survey-images/084a5571-c89a-444f-89eb-50ceb1fbf67a/q_box1_dry_weight_photo/JPEG_20221128_143619_5470476255888382753.jpg,0.155,https://mavuno-files.s3-eu-west-1.amazonaws.com/survey-images/084a5571-c89a-444f-89eb-50ceb1fbf67a/q_box2_dry_weight_photo/JPEG_20221128_143837_5589864119414382092.jpg,0.0325,0.03875,used box 1 and 8456,0.035625,have average yields,2022.0_52_Client_S,1,-0.2682808299305857,1.2491121296876475,,1.0697219371795654,,,
3ec179fa-5610-4340-88ff-aef3987b1cb6,Rice,2022.0,Nigeria,,,,,https://mavuno-files.s3-eu-west-1.amazonaws.com/survey-images/a265fe85-10c0-462b-b43f-a6cc89f27bea/q_field_photo/JPEG_20221030_174230_3231817980362909004.jpg,7.9177408,8.293466,0.0,,0.0,,0.0,,0.0,,0.0,0.0,used box 1 and 8500,0.0,have average yields,2022.0_101_Client_AU,4,-1.4348944159530528,-0.5762360006300474,,,,,-0.03840048611164093
3edce724-de7f-485f-af8e-1d5cf8e46f95,Rice,2022.0,Nigeria,https://mavuno-files.s3-eu-west-1.amazonaws.com/survey-images/93bbcf40-2d11-429b-a98c-ecfe69417cc4/q_wet_harvest_photo/JPEG_20221018_083714_4078154016405388890.jpg,https://mavuno-files.s3-eu-west-1.amazonaws.com/survey-images/93bbcf40-2d11-429b-a98c-ecfe69417cc4/q_harvest_bags_photo/JPEG_20221018_083721_6045906411040007138.jpg,,,https://mavuno-files.s3-eu-west-1.amazonaws.com/survey-images/f08d3abd-268b-49de-8722-6e7929075376/q_field_photo/JPEG_20221018_072508_1527738088547781072.jpg,11.71188993,8.143738098,13.75,https://mavuno-files.s3-eu-west-1.amazonaws.com/survey-images/93bbcf40-2d11-429b-a98c-ecfe69417cc4/q_box1_wet_weight_photo/JPEG_20221018_083520_8461627603785035726.jpg,14.33,https://mavuno-files.s3-eu-west-1.amazonaws.com/survey-images/93bbcf40-2d11-429b-a98c-ecfe69417cc4/q_box2_wet_weight_photo/JPEG_20221018_083635_602951389936668042.jpg,10.53,https://mavuno-files.s3-eu-west-1.amazonaws.com/survey-images/ea247fcd-dabe-45e2-9d64-b6129b920c74/q_box1_dry_weight_photo/JPEG_20221123_093243_4833852452965142693.jpg,11.17,https://mavuno-files.s3-eu-west-1.amazonaws.com/survey-images/ea247fcd-dabe-45e2-9d64-b6129b920c74/q_box2_dry_weight_photo/JPEG_20221123_093403_1143856481578600878.jpg,2.6325,2.7925,used box 1 and 8521,2.7125,have average yields,2022.0_74_Client_K,4,0.6781028953187851,-0.6698972618889073,,,,,1.3131449222564697
3f4baf42-fd5a-4e9a-bd8a-4a8078709ec9,Rice,2022.0,Nigeria,https://mavuno-files.s3-eu-west-1.amazonaws.com/survey-images/9bb55d76-294b-40f6-b5b8-025dea83f3a6/q_wet_harvest_photo/JPEG_20221105_101654_8283574828942933634.jpg,https://mavuno-files.s3-eu-west-1.amazonaws.com/survey-images/9bb55d76-294b-40f6-b5b8-025dea83f3a6/q_harvest_bags_photo/JPEG_20221105_101801_2754410964596644731.jpg,,,https://mavuno-files.s3-eu-west-1.amazonaws.com/survey-images/968e0fd2-6aec-4a3f-931c-af8b82b35c82/q_field_photo/JPEG_20221028_115054_5224134971709460995.jpg,8.5661467,8.43086,6.0,https://mavuno-files.s3-eu-west-1.amazonaws.com/survey-images/9bb55d76-294b-40f6-b5b8-025dea83f3a6/q_box1_wet_weight_photo/JPEG_20221105_101132_5253773299200235009.jpg,6.035,https://mavuno-files.s3-eu-west-1.amazonaws.com/survey-images/9bb55d76-294b-40f6-b5b8-025dea83f3a6/q_box2_wet_weight_photo/JPEG_20221105_101426_4939992717711066.jpg,3.73,https://mavuno-files.s3-eu-west-1.amazonaws.com/survey-images/7f258c63-ff3a-4926-a67d-f51f727eb8d7/q_box1_dry_weight_photo/JPEG_20221105_102321_6846212497069052206.jpg,4.465,https://mavuno-files.s3-eu-west-1.amazonaws.com/survey-images/7f258c63-ff3a-4926-a67d-f51f727eb8d7/q_box2_dry_weight_photo/JPEG_20221105_102703_5034204354081974253.jpg,0.9325,1.11625,used box 1 and 8589,1.024375,have average yields,2022.0_169_Client_AU,2,-1.073791075949969,-0.4902901270987423,,,2.4050827026367188,,
40357787-20fa-4b50-97ca-dcd5ab43895a,Rice,2022.0,Nigeria,https://mavuno-files.s3-eu-west-1.amazonaws.com/survey-images/db9bf4f1-46bc-466f-ae6d-32ee060874df/q_wet_harvest_photo/JPEG_20221129_164157_7947490360711924168.jpg,https://mavuno-files.s3-eu-west-1.amazonaws.com/survey-images/db9bf4f1-46bc-466f-ae6d-32ee060874df/q_harvest_bags_photo/JPEG_20221129_164209_2310475237013726705.jpg,,,https://mavuno-files.s3-eu-west-1.amazonaws.com/survey-images/f0bbf814-3f29-4c3d-9a0e-7a1d31f7647b/q_field_photo/JPEG_20221129_160259_1694884844135606516.jpg,10.5236832,5.4800741,7.145,https://mavuno-files.s3-eu-west-1.amazonaws.com/survey-images/db9bf4f1-46bc-466f-ae6d-32ee060874df/q_box1_wet_weight_photo/JPEG_20221129_163854_8349079124197117387.jpg,8.0,https://mavuno-files.s3-eu-west-1.amazonaws.com/survey-images/db9bf4f1-46bc-466f-ae6d-32ee060874df/q_box2_wet_weight_photo/JPEG_20221129_164050_575397974398296975.jpg,6.01,https://mavuno-files.s3-eu-west-1.amazonaws.com/survey-images/0d73b922-f72e-4093-b599-b12948cc3ebb/q_box1_dry_weight_photo/JPEG_20221207_180155_3686353720641718934.jpg,6.945,https://mavuno-files.s3-eu-west-1.amazonaws.com/survey-images/0d73b922-f72e-4093-b599-b12948cc3ebb/q_box2_dry_weight_photo/JPEG_20221207_180232_7361246633861541291.jpg,1.5025,1.73625,used box 1 and 8724,1.619375,have average yields,2022.0_85_Client_P,4,0.0163793995622804,-2.336133990581576,,,,,1.5509852170944214
40b44e47-7ba5-4ae7-95dd-2359bc688527,Rice,2022.0,Nigeria,https://mavuno-files.s3-eu-west-1.amazonaws.com/survey-images/0072e4ac-1fe0-4aa4-a522-24484f9aa84a/q_wet_harvest_photo/JPEG_20221110_113646_45021359925693196.jpg,https://mavuno-files.s3-eu-west-1.amazonaws.com/survey-images/0072e4ac-1fe0-4aa4-a522-24484f9aa84a/q_harvest_bags_photo/JPEG_20221110_113734_1072578160636819681.jpg,,,https://mavuno-files.s3-eu-west-1.amazonaws.com/survey-images/2fdbc885-24b0-4e08-8143-b78022ba52ec/q_field_photo/JPEG_20221110_105741_5555482848989214225.jpg,9.2331148,12.2134416,3.155,https://mavuno-files.s3-eu-west-1.amazonaws.com/survey-images/0072e4ac-1fe0-4aa4-a522-24484f9aa84a/q_box1_wet_weight_photo/JPEG_20221110_113205_7710298165948361016.jpg,2.725,https://mavuno-files.s3-eu-west-1.amazonaws.com/survey-images/0072e4ac-1fe0-4aa4-a522-24484f9aa84a/q_box2_wet_weight_photo/JPEG_20221110_113413_4447560317386743844.jpg,2.57,https://mavuno-files.s3-eu-west-1.amazonaws.com/survey-images/e4a7746d-db7a-4456-a465-5a979df3671d/q_box1_dry_weight_photo/JPEG_20221110_114624_8321159709090032919.jpg,2.275,https://mavuno-files.s3-eu-west-1.amazonaws.com/survey-images/e4a7746d-db7a-4456-a465-5a979df3671d/q_box2_dry_weight_photo/JPEG_20221110_114842_2961405297336162853.jpg,0.6425,0.56875,used box 1 and 8780,0.605625,have average yields,2022.0_28_Client_S,4,-0.7023502723028844,1.8758778264905307,,,,,1.9606555700302124
40d0ef71-7165-41e8-8d36-5f21262268fa,Rice,2022.0,Nigeria,https://mavuno-files.s3-eu-west-1.amazonaws.com/survey-images/8161451b-5fcd-4b8a-987b-0410dacb175d/q_wet_harvest_photo/JPEG_20221202_075157_5508138745401532874.jpg,https://mavuno-files.s3-eu-west-1.amazonaws.com/survey-images/8161451b-5fcd-4b8a-987b-0410dacb175d/q_harvest_bags_photo/JPEG_20221202_075228_2001504771193803205.jpg,,,https://mavuno-files.s3-eu-west-1.amazonaws.com/survey-images/723499b6-817a-4eb8-8ecf-b4b7bb109c5c/q_field_photo/JPEG_20221026_131036_8560335713228925407.jpg,8.4721333,8.58261,8.11,https://mavuno-files.s3-eu-west-1.amazonaws.com/survey-images/8161451b-5fcd-4b8a-987b-0410dacb175d/q_box1_wet_weight_photo/JPEG_20221202_074838_5367268635652856858.jpg,7.165,https://mavuno-files.s3-eu-west-1.amazonaws.com/survey-images/8161451b-5fcd-4b8a-987b-0410dacb175d/q_box2_wet_weight_photo/JPEG_20221202_075040_2881218137295401224.jpg,5.33,https://mavuno-files.s3-eu-west-1.amazonaws.com/survey-images/b40412b4-afdd-4bf2-b5e7-06c03ef1e3cc/q_box1_dry_weight_photo/JPEG_20221202_075551_4252319086638336641.jpg,4.31,https://mavuno-files.s3-eu-west-1.amazonaws.com/survey-images/b40412b4-afdd-4bf2-b5e7-06c03ef1e3cc/q_box2_dry_weight_photo/JPEG_20221202_075715_1670488202417458605.jpg,1.3325,1.0775,used box 1 and 8793,1.205,have average yields,2022.0_169_Client_AU,3,-1.1261480220311904,-0.3953639563170794,,,,0.5670811533927917,
40d30e3d-4568-43c0-951e-673dc1432e06,Rice,2022.0,Nigeria,https://mavuno-files.s3-eu-west-1.amazonaws.com/survey-images/1692bf27-9fea-4e10-9869-f44ef36a9bd4/q_wet_harvest_photo/JPEG_20221017_083101_497832340409425217.jpg,https://mavuno-files.s3-eu-west-1.amazonaws.com/survey-images/1692bf27-9fea-4e10-9869-f44ef36a9bd4/q_harvest_bags_photo/JPEG_20221017_083147_7871485665197333063.jpg,,,https://mavuno-files.s3-eu-west-1.amazonaws.com/survey-images/d71200d7-bff0-472e-b002-c5164adad7d4/q_field_photo/JPEG_20221017_071825_4403591848530060141.jpg,11.8492429,9.965576269,17.29,https://mavuno-files.s3-eu-west-1.amazonaws.com/survey-images/1692bf27-9fea-4e10-9869-f44ef36a9bd4/q_box1_wet_weight_photo/JPEG_20221017_082735_6900912340814413159.jpg,17.13,https://mavuno-files.s3-eu-west-1.amazonaws.com/survey-images/1692bf27-9fea-4e10-9869-f44ef36a9bd4/q_box2_wet_weight_photo/JPEG_20221017_082922_3771965466736886338.jpg,15.75,https://mavuno-files.s3-eu-west-1.amazonaws.com/survey-images/3db03d48-2c98-4051-961f-718f46e6acbb/q_box1_dry_weight_photo/JPEG_20221028_085637_8733072699591415139.jpg,14.88,https://mavuno-files.s3-eu-west-1.amazonaws.com/survey-images/3db03d48-2c98-4051-961f-718f46e6acbb/q_box2_dry_weight_photo/JPEG_20221028_085725_2455908497918113344.jpg,3.9375,3.72,used box 1 and 8795,3.82875,have average yields,2022.0_113_Client_K,3,0.7545960552766812,0.4697410996062929,,,,3.455384492874145,
4232b0a0-78aa-4397-9fd0-1f2f3b6d0d05,Rice,2022.0,Nigeria,https://mavuno-files.s3-eu-west-1.amazonaws.com/survey-images/c87cdfc2-f25b-4f56-bb03-fd0f2395303a/q_wet_harvest_photo/JPEG_20221020_151504_3967751249229662417.jpg,https://mavuno-files.s3-eu-west-1.amazonaws.com/survey-images/c87cdfc2-f25b-4f56-bb03-fd0f2395303a/q_harvest_bags_photo/JPEG_20221020_151512_5559390741980227336.jpg,,,https://mavuno-files.s3-eu-west-1.amazonaws.com/survey-images/cd13a2cd-21dd-4e8d-a6de-141d54b91aeb/q_field_photo/JPEG_20221020_094652_3389514507202223746.jpg,12.08893076,9.635393657,14.46,https://mavuno-files.s3-eu-west-1.amazonaws.com/survey-images/c87cdfc2-f25b-4f56-bb03-fd0f2395303a/q_box1_wet_weight_photo/JPEG_20221020_151255_7987689924581255595.jpg,15.23,https://mavuno-files.s3-eu-west-1.amazonaws.com/survey-images/c87cdfc2-f25b-4f56-bb03-fd0f2395303a/q_box2_wet_weight_photo/JPEG_20221020_151402_7477475064405398662.jpg,11.93,https://mavuno-files.s3-eu-west-1.amazonaws.com/survey-images/ff2f297c-3396-4cd4-87f0-0dbaaab6c95d/q_box1_dry_weight_photo/JPEG_20221207_144545_172768635845047903.jpg,12.35,https://mavuno-files.s3-eu-west-1.amazonaws.com/survey-images/ff2f297c-3396-4cd4-87f0-0dbaaab6c95d/q_box2_dry_weight_photo/JPEG_20221207_144626_4321674702753942623.jpg,2.9825,3.0875,used box 1 and 8983,3.035,have average yields,2022.0_56_Client_K,0,0.8880804773095338,0.2631976332745156,3.1815779209136963,,,,
425926c6-03bf-4f5b-8206-739c9bbe77d4,Rice,2022.0,Nigeria,https://mavuno-files.s3-eu-west-1.amazonaws.com/survey-images/f7156334-bd7f-4cc0-9bec-d590c5136bc0/q_wet_harvest_photo/JPEG_20221210_113109_4007872202198085508.jpg,https://mavuno-files.s3-eu-west-1.amazonaws.com/survey-images/f7156334-bd7f-4cc0-9bec-d590c5136bc0/q_harvest_bags_photo/JPEG_20221210_131403_2608568150383239858.jpg,,,https://mavuno-files.s3-eu-west-1.amazonaws.com/survey-images/c1e82089-28b0-45b5-90ed-aec5ed73d536/q_field_photo/JPEG_20221209_093456_5707522531332017376.jpg,11.9744942,8.8766527,6.915,https://mavuno-files.s3-eu-west-1.amazonaws.com/survey-images/f7156334-bd7f-4cc0-9bec-d590c5136bc0/q_box1_wet_weight_photo/JPEG_20221210_112440_1527006127910240923.jpg,6.175,https://mavuno-files.s3-eu-west-1.amazonaws.com/survey-images/f7156334-bd7f-4cc0-9bec-d590c5136bc0/q_box2_wet_weight_photo/JPEG_20221210_112811_6625246468987498043.jpg,5.07,https://mavuno-files.s3-eu-west-1.amazonaws.com/survey-images/6ca2a360-89f5-4d16-8686-f400a105de5f/q_box1_dry_weight_photo/JPEG_20221210_175324_1155895873497334554.jpg,5.495,https://mavuno-files.s3-eu-west-1.amazonaws.com/survey-images/6ca2a360-89f5-4d16-8686-f400a105de5f/q_box2_dry_weight_photo/JPEG_20221210_175618_6904661780837417023.jpg,1.2675,1.37375,used box 1 and 9006,1.320625,have average yields,2022.0_56_Client_P,2,0.8243496814693614,-0.211427563847222,,,1.925498008728028,,
42ad711b-c2dd-496b-b9d7-84e0b1d08d10,Rice,2022.0,Nigeria,https://mavuno-files.s3-eu-west-1.amazonaws.com/survey-images/1a2b049e-47ff-431e-98f3-7cd029fb07ce/q_wet_harvest_photo/JPEG_20221123_084032_6383631890464856825.jpg,https://mavuno-files.s3-eu-west-1.amazonaws.com/survey-images/1a2b049e-47ff-431e-98f3-7cd029fb07ce/q_harvest_bags_photo/JPEG_20221123_084139_4169350492647800474.jpg,,,https://mavuno-files.s3-eu-west-1.amazonaws.com/survey-images/0e709de6-d3f9-4656-aa95-360de0ebf0d2/q_field_photo/JPEG_20221010_153907_3465493117456013593.jpg,8.0993107,8.2621475,1.1,https://mavuno-files.s3-eu-west-1.amazonaws.com/survey-images/1a2b049e-47ff-431e-98f3-7cd029fb07ce/q_box1_wet_weight_photo/JPEG_20221123_083124_7602310192995453810.jpg,1.405,https://mavuno-files.s3-eu-west-1.amazonaws.com/survey-images/1a2b049e-47ff-431e-98f3-7cd029fb07ce/q_box2_wet_weight_photo/JPEG_20221123_083549_4972935437873200623.jpg,0.46,https://mavuno-files.s3-eu-west-1.amazonaws.com/survey-images/72b31972-d92a-4f5d-ba87-7a29e2b420c9/q_box1_dry_weight_photo/JPEG_20221125_160848_4116554976977209735.jpg,0.805,https://mavuno-files.s3-eu-west-1.amazonaws.com/survey-images/72b31972-d92a-4f5d-ba87-7a29e2b420c9/q_box2_dry_weight_photo/JPEG_20221125_161041_2924430745975364633.jpg,0.115,0.20125,used box 1 and 9056,0.158125,have average yields,2022.0_101_Client_AU,4,-1.3337764320882757,-0.5958270733129178,,,,,0.07314733415842056
43630e8d-40ec-46ba-aac6-fd6d7e057abc,Rice,2022.0,Nigeria,https://mavuno-files.s3-eu-west-1.amazonaws.com/survey-images/6a49692d-1939-4287-b456-d9d6b3d16ed5/q_wet_harvest_photo/JPEG_20221027_140831_2742038341343329358.jpg,https://mavuno-files.s3-eu-west-1.amazonaws.com/survey-images/6a49692d-1939-4287-b456-d9d6b3d16ed5/q_harvest_bags_photo/JPEG_20221027_140841_7738779374369526368.jpg,,,https://mavuno-files.s3-eu-west-1.amazonaws.com/survey-images/551d5387-30e3-46d7-83bd-8a95c9473412/q_field_photo/JPEG_20221027_154655_7442857955203165130.jpg,11.51597007,9.435078241,13.36,https://mavuno-files.s3-eu-west-1.amazonaws.com/survey-images/6a49692d-1939-4287-b456-d9d6b3d16ed5/q_box1_wet_weight_photo/JPEG_20221027_140453_1703637221379449487.jpg,14.65,https://mavuno-files.s3-eu-west-1.amazonaws.com/survey-images/6a49692d-1939-4287-b456-d9d6b3d16ed5/q_box2_wet_weight_photo/JPEG_20221027_140713_6649295992546010045.jpg,11.2,https://mavuno-files.s3-eu-west-1.amazonaws.com/survey-images/500332ea-b1c1-4730-be9e-ede74b5df85c/q_box1_dry_weight_photo/JPEG_20221102_151734_4646217779869632261.jpg,12.52,https://mavuno-files.s3-eu-west-1.amazonaws.com/survey-images/500332ea-b1c1-4730-be9e-ede74b5df85c/q_box2_dry_weight_photo/JPEG_20221102_151839_5522494183236997581.jpg,2.8,3.13,used box 1 and 9149,2.965,have average yields,2022.0_7_Client_K,0,0.5689932838563714,0.1378916999011007,2.700725078582764,,,,
44117a8d-1b68-40fc-b5a9-d654449bfad0,Rice,2022.0,Nigeria,https://mavuno-files.s3-eu-west-1.amazonaws.com/survey-images/0fd4819a-2b21-4db8-a60a-491d8998485d/q_wet_harvest_photo/JPEG_20221114_161819_5228484753835890772.jpg,https://mavuno-files.s3-eu-west-1.amazonaws.com/survey-images/0fd4819a-2b21-4db8-a60a-491d8998485d/q_harvest_bags_photo/JPEG_20221114_161941_9186183731130271980.jpg,,,https://mavuno-files.s3-eu-west-1.amazonaws.com/survey-images/68c3e7be-7ba3-486d-853f-68e09cd185a6/q_field_photo/JPEG_20221022_172406_1616608554789630238.jpg,10.6870049,11.4827132,8.435,https://mavuno-files.s3-eu-west-1.amazonaws.com/survey-images/0fd4819a-2b21-4db8-a60a-491d8998485d/q_box1_wet_weight_photo/JPEG_20221114_160934_6389185209537354423.jpg,8.7,https://mavuno-files.s3-eu-west-1.amazonaws.com/survey-images/0fd4819a-2b21-4db8-a60a-491d8998485d/q_box2_wet_weight_photo/JPEG_20221114_161452_4793508906586353773.jpg,8.105,https://mavuno-files.s3-eu-west-1.amazonaws.com/survey-images/ed86ab46-7e6e-4289-9180-9580b741ae04/q_box1_dry_weight_photo/JPEG_20221114_162342_2213636997093685288.jpg,8.525,https://mavuno-files.s3-eu-west-1.amazonaws.com/survey-images/ed86ab46-7e6e-4289-9180-9580b741ae04/q_box2_dry_weight_photo/JPEG_20221114_162628_2404473827565426189.jpg,2.02625,2.13125,used box 1 and 9243,2.07875,have average yields,2022.0_200_Client_S,1,0.1073347893343066,1.4187756921023222,,0.9950354099273682,,,
443b72d6-443f-418d-88af-e9ca835a5240,Rice,2022.0,Nigeria,,,,,https://mavuno-files.s3-eu-west-1.amazonaws.com/survey-images/91a7f2ba-2229-440a-90a3-f85cb67b12b7/q_field_photo/JPEG_20220719_091425_6377998104071466952.jpg,12.590735,10.537826,0.0,,0.0,,0.0,,0.0,,0.0,0.0,used box 1 and 9264,0.0,have average yields,2022.0_105_Client_BW,1,1.16753997496634,0.8277079905101891,,0.0546628721058368,,,
44e0a71d-be73-4bb1-9091-47491a6d072a,Rice,2022.0,Nigeria,https://mavuno-files.s3-eu-west-1.amazonaws.com/survey-images/ffd2d706-5426-416a-93e4-2cdfca069927/q_wet_harvest_photo/JPEG_20221214_074445_4847320945431985856.jpg,https://mavuno-files.s3-eu-west-1.amazonaws.com/survey-images/ffd2d706-5426-416a-93e4-2cdfca069927/q_harvest_bags_photo/JPEG_20221214_074456_4139060381666739122.jpg,,,https://mavuno-files.s3-eu-west-1.amazonaws.com/survey-images/381f9c71-93fc-4405-9fe0-e17878ffe36b/q_field_photo/JPEG_20221026_091339_6256921632618515025.jpg,7.8053151,8.562722,5.11,https://mavuno-files.s3-eu-west-1.amazonaws.com/survey-images/ffd2d706-5426-416a-93e4-2cdfca069927/q_box1_wet_weight_photo/JPEG_20221214_074153_7102854512119906522.jpg,6.145,https://mavuno-files.s3-eu-west-1.amazonaws.com/survey-images/ffd2d706-5426-416a-93e4-2cdfca069927/q_box2_wet_weight_photo/JPEG_20221214_074358_3644193646522222340.jpg,4.655,https://mavuno-files.s3-eu-west-1.amazonaws.com/survey-images/4b2f0efe-0a5d-4f9e-a52b-25d583576fbe/q_box1_dry_weight_photo/JPEG_20221214_074734_1991412977823685935.jpg,5.545,https://mavuno-files.s3-eu-west-1.amazonaws.com/survey-images/4b2f0efe-0a5d-4f9e-a52b-25d583576fbe/q_box2_dry_weight_photo/JPEG_20221214_074829_2485453451935618413.jpg,1.16375,1.38625,used box 1 and 9337,1.275,have average yields,2022.0_106_Client_AU,3,-1.4975053449593816,-0.4078047581919109,,,,0.8871341943740845,
44f6de44-63ff-49d6-b9f6-45948424b044,Rice,2022.0,Nigeria,https://mavuno-files.s3-eu-west-1.amazonaws.com/survey-images/a4021012-196a-4eea-8598-45af57475f74/q_wet_harvest_photo/JPEG_20221020_132523_6475238765411210391.jpg,https://mavuno-files.s3-eu-west-1.amazonaws.com/survey-images/a4021012-196a-4eea-8598-45af57475f74/q_harvest_bags_photo/JPEG_20221020_132535_3937869773728398665.jpg,,,https://mavuno-files.s3-eu-west-1.amazonaws.com/survey-images/15bc89f0-fbbb-4d60-b84d-d807b477c865/q_field_photo/JPEG_20221020_115330_130355976517354985.jpg,11.53407886,8.936957158,16.51,https://mavuno-files.s3-eu-west-1.amazonaws.com/survey-images/a4021012-196a-4eea-8598-45af57475f74/q_box1_wet_weight_photo/JPEG_20221020_132325_6438539102056552822.jpg,15.69,https://mavuno-files.s3-eu-west-1.amazonaws.com/survey-images/a4021012-196a-4eea-8598-45af57475f74/q_box2_wet_weight_photo/JPEG_20221020_132430_3540127444783874749.jpg,13.11,https://mavuno-files.s3-eu-west-1.amazonaws.com/survey-images/02b17b94-e588-4f8c-b8f7-2868cd0134a3/q_box1_dry_weight_photo/JPEG_20221113_094019_736333707627085627.jpg,12.32,https://mavuno-files.s3-eu-west-1.amazonaws.com/survey-images/02b17b94-e588-4f8c-b8f7-2868cd0134a3/q_box2_dry_weight_photo/JPEG_20221113_094108_6006245529050323382.jpg,3.2775,3.08,used box 1 and 9352,3.17875,have average yields,2022.0_201_Client_K,4,0.5790782392098225,-0.1737045241173792,,,,,2.1712310314178467
454e00c3-7424-4be6-bf80-a9f1babbdff6,Rice,2022.0,Nigeria,https://mavuno-files.s3-eu-west-1.amazonaws.com/survey-images/08ef25db-e255-4f6f-bd2f-cbd97a74959b/q_wet_harvest_photo/JPEG_20221022_155737_3501713275576779891.jpg,https://mavuno-files.s3-eu-west-1.amazonaws.com/survey-images/08ef25db-e255-4f6f-bd2f-cbd97a74959b/q_harvest_bags_photo/JPEG_20221022_155753_5355467646241322037.jpg,,,https://mavuno-files.s3-eu-west-1.amazonaws.com/survey-images/5e76c4d2-649f-4290-9258-2fdaf9edc479/q_field_photo/JPEG_20221022_160253_7829431649384432456.jpg,11.86520605,9.96173501,12.62,https://mavuno-files.s3-eu-west-1.amazonaws.com/survey-images/08ef25db-e255-4f6f-bd2f-cbd97a74959b/q_box1_wet_weight_photo/JPEG_20221022_155546_3364794835507328079.jpg,13.43,https://mavuno-files.s3-eu-west-1.amazonaws.com/survey-images/08ef25db-e255-4f6f-bd2f-cbd97a74959b/q_box2_wet_weight_photo/JPEG_20221022_155655_4025032268915647390.jpg,10.62,https://mavuno-files.s3-eu-west-1.amazonaws.com/survey-images/726a4c8e-f5e6-42f2-8bdb-6281a8e58f08/q_box1_dry_weight_photo/JPEG_20221115_142841_485832543793460183.jpg,11.12,https://mavuno-files.s3-eu-west-1.amazonaws.com/survey-images/726a4c8e-f5e6-42f2-8bdb-6281a8e58f08/q_box2_dry_weight_photo/JPEG_20221115_142941_4417156494469493465.jpg,2.655,2.78,used box 1 and 9403,2.7175,have average yields,2022.0_113_Client_K,1,0.7634860835475065,0.4673382264079366,,2.7604429721832275,,,
4582f449-9bec-4fbf-8f0e-66dc43e25cf8,Rice,2022.0,Nigeria,https://mavuno-files.s3-eu-west-1.amazonaws.com/survey-images/336d0387-e389-412b-ae80-6cad9daeb2c5/q_wet_harvest_photo/JPEG_20221123_113457_1591507133844518669.jpg,https://mavuno-files.s3-eu-west-1.amazonaws.com/survey-images/336d0387-e389-412b-ae80-6cad9daeb2c5/q_harvest_bags_photo/JPEG_20221123_113514_98501752652577623.jpg,,,https://mavuno-files.s3-eu-west-1.amazonaws.com/survey-images/edf7b093-2804-4e97-911c-5766b40574a7/q_field_photo/JPEG_20221011_103201_464278781473687657.jpg,8.1521363,8.2425733,2.175,https://mavuno-files.s3-eu-west-1.amazonaws.com/survey-images/336d0387-e389-412b-ae80-6cad9daeb2c5/q_box1_wet_weight_photo/JPEG_20221123_112535_3803319937103099537.jpg,0.415,https://mavuno-files.s3-eu-west-1.amazonaws.com/survey-images/336d0387-e389-412b-ae80-6cad9daeb2c5/q_box2_wet_weight_photo/JPEG_20221123_113158_7683708298768570717.jpg,1.245,https://mavuno-files.s3-eu-west-1.amazonaws.com/survey-images/e3e9bfae-990e-44d3-b9f7-9ef98b793cff/q_box1_dry_weight_photo/JPEG_20221125_170512_7223678853525091891.jpg,0.305,https://mavuno-files.s3-eu-west-1.amazonaws.com/survey-images/e3e9bfae-990e-44d3-b9f7-9ef98b793cff/q_box2_dry_weight_photo/JPEG_20221125_170954_3765337840936771499.jpg,0.31125,0.07625,used box 1 and 9429,0.19375,have average yields,2022.0_101_Client_AU,2,-1.3043573589464876,-0.6080715797518921,,,-0.0407603308558464,,
459ea120-79b9-45bf-a6ec-ab9ffa82e164,Rice,2022.0,Nigeria,https://mavuno-files.s3-eu-west-1.amazonaws.com/survey-images/f6236791-d3d0-49f1-af7f-b265345093af/q_wet_harvest_photo/JPEG_20221017_110232_3329708046009338884.jpg,https://mavuno-files.s3-eu-west-1.amazonaws.com/survey-images/f6236791-d3d0-49f1-af7f-b265345093af/q_harvest_bags_photo/JPEG_20221017_110335_8865924167515098444.jpg,,,https://mavuno-files.s3-eu-west-1.amazonaws.com/survey-images/12a849ea-258c-4556-b510-f91471f95136/q_field_photo/JPEG_20221017_092953_289708153185806779.jpg,12.54623857,10.58130149,15.44,https://mavuno-files.s3-eu-west-1.amazonaws.com/survey-images/f6236791-d3d0-49f1-af7f-b265345093af/q_box1_wet_weight_photo/JPEG_20221017_105653_4224712696035726705.jpg,15.81,https://mavuno-files.s3-eu-west-1.amazonaws.com/survey-images/f6236791-d3d0-49f1-af7f-b265345093af/q_box2_wet_weight_photo/JPEG_20221017_105908_8862281332458232561.jpg,12.91,https://mavuno-files.s3-eu-west-1.amazonaws.com/survey-images/906817d4-7556-4498-bc45-4442e81c9c2b/q_box1_dry_weight_photo/JPEG_20221021_073627_8863465927432295308.jpg,12.86,https://mavuno-files.s3-eu-west-1.amazonaws.com/survey-images/906817d4-7556-4498-bc45-4442e81c9c2b/q_box2_dry_weight_photo/JPEG_20221021_073811_7773536313708012586.jpg,3.2275,3.215,used box 1 and 9444,3.22125,have average yields,2022.0_105_Client_K,0,1.1427594948824704,0.8549037848334596,2.829964637756348,,,,
45ca49a2-c1a4-408c-b020-4477297d63f3,Rice,2022.0,Nigeria,https://mavuno-files.s3-eu-west-1.amazonaws.com/survey-images/f6c6fe1a-9c10-453e-a743-9030c8101f70/q_wet_harvest_photo/JPEG_20221023_095101_1759717138508205387.jpg,https://mavuno-files.s3-eu-west-1.amazonaws.com/survey-images/f6c6fe1a-9c10-453e-a743-9030c8101f70/q_harvest_bags_photo/JPEG_20221023_095236_7259736327552925197.jpg,,,https://mavuno-files.s3-eu-west-1.amazonaws.com/survey-images/3bc91999-1a41-48cb-9905-ffcdba161e0d/q_field_photo/JPEG_20221118_111456_7171948897802175925.jpg,11.1045273,9.294466451,19.6,https://mavuno-files.s3-eu-west-1.amazonaws.com/survey-images/f6c6fe1a-9c10-453e-a743-9030c8101f70/q_box1_wet_weight_photo/JPEG_20221023_093729_621166802982615328.jpg,18.94,https://mavuno-files.s3-eu-west-1.amazonaws.com/survey-images/f6c6fe1a-9c10-453e-a743-9030c8101f70/q_box2_wet_weight_photo/JPEG_20221023_094629_522324046569121119.jpg,13.62,https://mavuno-files.s3-eu-west-1.amazonaws.com/survey-images/93c6a697-392a-43f5-b4fc-9d99d4242076/q_box1_dry_weight_photo/JPEG_20221107_102127_23526595481119499.jpg,14.76,https://mavuno-files.s3-eu-west-1.amazonaws.com/survey-images/93c6a697-392a-43f5-b4fc-9d99d4242076/q_box2_dry_weight_photo/JPEG_20221107_102357_1535591861180082813.jpg,3.405,3.69,used box 1 and 9462,3.5475,have average yields,2022.0_197_Client_K,2,0.339856938139714,0.0499329599244606,,,2.804903507232666,,
45d73964-6754-457e-bb80-9038da7be9b6,Rice,2022.0,Nigeria,https://mavuno-files.s3-eu-west-1.amazonaws.com/survey-images/802b3ce1-c1d3-4fc5-b001-d3193248ce31/q_wet_harvest_photo/JPEG_20221201_124432_2572381072424012122.jpg,https://mavuno-files.s3-eu-west-1.amazonaws.com/survey-images/802b3ce1-c1d3-4fc5-b001-d3193248ce31/q_harvest_bags_photo/JPEG_20221201_124450_2093581640747162180.jpg,,,https://mavuno-files.s3-eu-west-1.amazonaws.com/survey-images/cbafa5b4-bd4c-43f0-bfa6-3640b43bbdff/q_field_photo/JPEG_20221016_120518_5017698437840575575.jpg,7.5887033,8.1447936,0.805,https://mavuno-files.s3-eu-west-1.amazonaws.com/survey-images/802b3ce1-c1d3-4fc5-b001-d3193248ce31/q_box1_wet_weight_photo/JPEG_20221201_124241_4087140006828466321.jpg,1.64,https://mavuno-files.s3-eu-west-1.amazonaws.com/survey-images/802b3ce1-c1d3-4fc5-b001-d3193248ce31/q_box2_wet_weight_photo/JPEG_20221201_124354_4653160919544653493.jpg,0.805,https://mavuno-files.s3-eu-west-1.amazonaws.com/survey-images/8b961147-4a10-4579-8641-4dbeb1763b14/q_box1_dry_weight_photo/JPEG_20221201_124746_4413512094536683710.jpg,1.61,https://mavuno-files.s3-eu-west-1.amazonaws.com/survey-images/8b961147-4a10-4579-8641-4dbeb1763b14/q_box2_dry_weight_photo/JPEG_20221201_124849_6565912750225895990.jpg,0.20125,0.4025,used box 1 and 9470,0.301875,have average yields,2022.0_135_Client_AU,1,-1.6181384922889788,-0.6692369998585127,,0.1478257626295089,,,
46193126-26ba-451a-8d02-5686726f377a,Rice,2022.0,Nigeria,https://mavuno-files.s3-eu-west-1.amazonaws.com/survey-images/7defc246-37af-423d-af3f-7870bd067ac1/q_wet_harvest_photo/JPEG_20221029_120548_1554312980393671192.jpg,https://mavuno-files.s3-eu-west-1.amazonaws.com/survey-images/7defc246-37af-423d-af3f-7870bd067ac1/q_harvest_bags_photo/JPEG_20221029_120639_6048924192874586911.jpg,,,https://mavuno-files.s3-eu-west-1.amazonaws.com/survey-images/bbfcb0ab-0b0b-4a5e-9c07-d92825f76cbb/q_field_photo/JPEG_20221029_113308_6551001947308537955.jpg,9.7796536,11.1362659,6.28,https://mavuno-files.s3-eu-west-1.amazonaws.com/survey-images/7defc246-37af-423d-af3f-7870bd067ac1/q_box1_wet_weight_photo/JPEG_20221029_115942_622032918745860113.jpg,4.625,https://mavuno-files.s3-eu-west-1.amazonaws.com/survey-images/7defc246-37af-423d-af3f-7870bd067ac1/q_box2_wet_weight_photo/JPEG_20221029_120159_6166844112879252843.jpg,5.245,https://mavuno-files.s3-eu-west-1.amazonaws.com/survey-images/9bde7aee-70e0-4fac-be04-a3e340b18a76/q_box1_dry_weight_photo/JPEG_20221030_160806_5747292977997890966.jpg,3.165,https://mavuno-files.s3-eu-west-1.amazonaws.com/survey-images/9bde7aee-70e0-4fac-be04-a3e340b18a76/q_box2_dry_weight_photo/JPEG_20221030_161014_263848861574837106.jpg,1.31125,0.79125,used box 1 and 9503,1.05125,have average yields,2022.0_52_Client_S,3,-0.3979776777270519,1.202057961844361,,,,0.6964864730834961,
4648601a-377d-415a-82f2-90d25122d0c6,Rice,2022.0,Nigeria,https://mavuno-files.s3-eu-west-1.amazonaws.com/survey-images/30717520-a4c9-4e98-b9a6-2f782c7b5e79/q_wet_harvest_photo/JPEG_20221117_100838_7384612404095984274.jpg,https://mavuno-files.s3-eu-west-1.amazonaws.com/survey-images/30717520-a4c9-4e98-b9a6-2f782c7b5e79/q_harvest_bags_photo/JPEG_20221117_100928_1988136077231229070.jpg,,,https://mavuno-files.s3-eu-west-1.amazonaws.com/survey-images/ebb9fea6-fa99-49af-935e-074caf93eb2d/q_field_photo/JPEG_20221105_120241_3886588290543838188.jpg,8.365056,9.2430817,2.52,https://mavuno-files.s3-eu-west-1.amazonaws.com/survey-images/30717520-a4c9-4e98-b9a6-2f782c7b5e79/q_box1_wet_weight_photo/JPEG_20221117_100354_8172098983273517542.jpg,2.205,https://mavuno-files.s3-eu-west-1.amazonaws.com/survey-images/30717520-a4c9-4e98-b9a6-2f782c7b5e79/q_box2_wet_weight_photo/JPEG_20221117_100609_4334707444033324071.jpg,2.035,https://mavuno-files.s3-eu-west-1.amazonaws.com/survey-images/13df1748-2b99-4abb-b410-3954a6db55e8/q_box1_dry_weight_photo/JPEG_20221117_134337_2772767613835786940.jpg,1.945,https://mavuno-files.s3-eu-west-1.amazonaws.com/survey-images/13df1748-2b99-4abb-b410-3954a6db55e8/q_box2_dry_weight_photo/JPEG_20221117_134453_8988911456677258609.jpg,0.50875,0.48625,used box 1 and 9527,0.4975,have average yields,2022.0_173_Client_AU,1,-1.1857803768085178,0.0177895816773487,,1.0095058679580688,,,
46694d32-b22f-4017-a64f-2bbe5046115c,Rice,2022.0,Nigeria,https://mavuno-files.s3-eu-west-1.amazonaws.com/survey-images/ba7d843d-76ee-4fe3-a2f5-9e530f8de40b/q_wet_harvest_photo/JPEG_20221117_130411_5636743203550213602.jpg,https://mavuno-files.s3-eu-west-1.amazonaws.com/survey-images/ba7d843d-76ee-4fe3-a2f5-9e530f8de40b/q_harvest_bags_photo/JPEG_20221117_130513_9203433053146138709.jpg,,,https://mavuno-files.s3-eu-west-1.amazonaws.com/survey-images/baa3af54-6940-42ee-b9e1-97b1b57d57d7/q_field_photo/JPEG_20221013_130716_5630896293685436088.jpg,8.3786573,9.2693112,1.01,https://mavuno-files.s3-eu-west-1.amazonaws.com/survey-images/ba7d843d-76ee-4fe3-a2f5-9e530f8de40b/q_box1_wet_weight_photo/JPEG_20221117_125912_323931567849512045.jpg,1.245,https://mavuno-files.s3-eu-west-1.amazonaws.com/survey-images/ba7d843d-76ee-4fe3-a2f5-9e530f8de40b/q_box2_wet_weight_photo/JPEG_20221117_130130_1598269361846500639.jpg,0.835,https://mavuno-files.s3-eu-west-1.amazonaws.com/survey-images/c7c8d27a-3d04-451e-960a-e252f915e408/q_box1_dry_weight_photo/JPEG_20221117_141203_4729253697581345258.jpg,1.035,https://mavuno-files.s3-eu-west-1.amazonaws.com/survey-images/c7c8d27a-3d04-451e-960a-e252f915e408/q_box2_dry_weight_photo/JPEG_20221117_140821_5504937207640459075.jpg,0.20875,0.25875,used box 1 and 9550,0.23375,have average yields,2022.0_173_Client_AU,0,-1.17820568500145,0.0341972653446813,1.377895474433899,,,,
46e10861-3b9c-4fd3-b972-eb2fc4754a7e,Rice,2022.0,Nigeria,,,,,https://mavuno-files.s3-eu-west-1.amazonaws.com/survey-images/81919001-bedd-4f2e-92e6-7e6415a408ae/q_field_photo/JPEG_20221023_130903_7500944475951803857.jpg,12.311774,9.6511282,0.0,,0.0,,0.0,,0.0,,0.0,0.0,used box 1 and 9601,0.0,have average yields,2022.0_53_Client_BY,1,1.0121839721437245,0.2730402686352369,,0.8176752328872681,,,
4788cc75-47d4-46e2-afca-1329618bcd2b,Rice,2022.0,Nigeria,https://mavuno-files.s3-eu-west-1.amazonaws.com/survey-images/3956e71a-f74d-4ad4-bfdc-dbcff80ad79b/q_wet_harvest_photo/JPEG_20221117_095635_3064968044930364933.jpg,https://mavuno-files.s3-eu-west-1.amazonaws.com/survey-images/3956e71a-f74d-4ad4-bfdc-dbcff80ad79b/q_harvest_bags_photo/JPEG_20221117_095714_4073391942083198181.jpg,,,https://mavuno-files.s3-eu-west-1.amazonaws.com/survey-images/08ddc9c7-3391-4230-b471-5a6c888e5e7b/q_field_photo/JPEG_20221013_155732_7208173410601457688.jpg,8.3628916,9.2431948,6.075,https://mavuno-files.s3-eu-west-1.amazonaws.com/survey-images/3956e71a-f74d-4ad4-bfdc-dbcff80ad79b/q_box1_wet_weight_photo/JPEG_20221117_095155_6177168883078593633.jpg,5.525,https://mavuno-files.s3-eu-west-1.amazonaws.com/survey-images/3956e71a-f74d-4ad4-bfdc-dbcff80ad79b/q_box2_wet_weight_photo/JPEG_20221117_095430_197885293832327574.jpg,5.405,https://mavuno-files.s3-eu-west-1.amazonaws.com/survey-images/2e0d41b0-a7c4-414c-8184-d4c43ec92207/q_box1_dry_weight_photo/JPEG_20221117_111612_1181799675821336674.jpg,4.985,https://mavuno-files.s3-eu-west-1.amazonaws.com/survey-images/2e0d41b0-a7c4-414c-8184-d4c43ec92207/q_box2_dry_weight_photo/JPEG_20221117_111723_592430858483221208.jpg,1.35125,1.24625,used box 1 and 9686,1.29875,have average yields,2022.0_173_Client_AU,3,-1.1869857515114663,0.0178603306059511,,,,0.716907262802124,
47bb834a-4607-4e4d-aaea-215a814f01a1,Rice,2022.0,Nigeria,,,,,https://mavuno-files.s3-eu-west-1.amazonaws.com/survey-images/11c781b2-1979-4d22-803c-e9d0403decd6/q_field_photo/JPEG_20221017_155846_7073680087195764431.jpg,7.8302615,8.8128052,0.0,,0.0,,0.0,https://mavuno-files.s3-eu-west-1.amazonaws.com/survey-images/46939a2d-cd85-465a-9655-5cf8491242bd/q_box1_dry_weight_photo/JPEG_20221210_114848_314739627971138155.jpg,0.0,https://mavuno-files.s3-eu-west-1.amazonaws.com/survey-images/46939a2d-cd85-465a-9655-5cf8491242bd/q_box2_dry_weight_photo/JPEG_20221210_114904_2795677467642866187.jpg,0.0,0.0,used box 1 and 9713,0.0,have average yields,2022.0_102_Client_AU,2,-1.4836124603310137,-0.251366929178241,,,-0.0030406219884753,,
48137522-7471-422d-8db4-55979a99178c,Rice,2022.0,Nigeria,https://mavuno-files.s3-eu-west-1.amazonaws.com/survey-images/c0cb48e8-307c-4727-b1ad-f30593a8f4ca/q_wet_harvest_photo/JPEG_20221018_130400_6001813536667546505.jpg,https://mavuno-files.s3-eu-west-1.amazonaws.com/survey-images/c0cb48e8-307c-4727-b1ad-f30593a8f4ca/q_harvest_bags_photo/JPEG_20221018_130416_6426132136877364349.jpg,,,https://mavuno-files.s3-eu-west-1.amazonaws.com/survey-images/458ae73a-dd1f-4330-8a4f-93ab1dee5149/q_field_photo/JPEG_20221018_113753_23164759572235214.jpg,11.53443562,8.9633682,15.88,https://mavuno-files.s3-eu-west-1.amazonaws.com/survey-images/c0cb48e8-307c-4727-b1ad-f30593a8f4ca/q_box1_wet_weight_photo/JPEG_20221018_125519_9037249786497469190.jpg,14.79,https://mavuno-files.s3-eu-west-1.amazonaws.com/survey-images/c0cb48e8-307c-4727-b1ad-f30593a8f4ca/q_box2_wet_weight_photo/JPEG_20221018_125700_1340305871897117295.jpg,12.43,https://mavuno-files.s3-eu-west-1.amazonaws.com/survey-images/75c2f8e5-6bc4-4835-8f9f-44dc9b1b6cf7/q_box1_dry_weight_photo/JPEG_20221104_083309_4847060285569014243.jpg,11.56,https://mavuno-files.s3-eu-west-1.amazonaws.com/survey-images/75c2f8e5-6bc4-4835-8f9f-44dc9b1b6cf7/q_box2_dry_weight_photo/JPEG_20221104_083358_2520942613936145650.jpg,3.1075,2.89,used box 1 and 9764,2.99875,have average yields,2022.0_201_Client_K,4,0.5792769222069695,-0.1571832780981792,,,,,3.037853956222534
48260caf-08d1-419f-82ca-5c93f0d0971b,Rice,2022.0,Nigeria,https://mavuno-files.s3-eu-west-1.amazonaws.com/survey-images/719c4cbd-2f24-4883-99d3-052bcb761967/q_wet_harvest_photo/JPEG_20221027_103434_2524007138971011791.jpg,https://mavuno-files.s3-eu-west-1.amazonaws.com/survey-images/719c4cbd-2f24-4883-99d3-052bcb761967/q_harvest_bags_photo/JPEG_20221027_103444_1536877422889454140.jpg,,,https://mavuno-files.s3-eu-west-1.amazonaws.com/survey-images/acf4cb71-31a2-4186-aa1c-b0fdfeeedfa2/q_field_photo/JPEG_20221027_100326_2569836820598694876.jpg,12.56615578,8.939249776,13.56,https://mavuno-files.s3-eu-west-1.amazonaws.com/survey-images/719c4cbd-2f24-4883-99d3-052bcb761967/q_box1_wet_weight_photo/JPEG_20221027_103057_9019307002828382459.jpg,14.29,https://mavuno-files.s3-eu-west-1.amazonaws.com/survey-images/719c4cbd-2f24-4883-99d3-052bcb761967/q_box2_wet_weight_photo/JPEG_20221027_103332_4606999540163362749.jpg,11.15,https://mavuno-files.s3-eu-west-1.amazonaws.com/survey-images/0818ec94-ecc2-4764-8891-020ac6c9eea2/q_box1_dry_weight_photo/JPEG_20221102_091315_7389151984110700213.jpg,12.06,https://mavuno-files.s3-eu-west-1.amazonaws.com/survey-images/0818ec94-ecc2-4764-8891-020ac6c9eea2/q_box2_dry_weight_photo/JPEG_20221102_091411_2612970457892626529.jpg,2.7875,3.015,used box 1 and 9776,2.90125,have average yields,2022.0_7_Client_K,0,1.1538515763310555,-0.1722703926656155,2.6992855072021484,,,,
48266562-aab3-4e78-81bf-22e693cbb8da,Rice,2022.0,Nigeria,https://mavuno-files.s3-eu-west-1.amazonaws.com/survey-images/54acc14a-41d8-4827-bc2a-76ab5a859bdb/q_wet_harvest_photo/JPEG_20221101_143928_3345139447924832727.jpg,https://mavuno-files.s3-eu-west-1.amazonaws.com/survey-images/54acc14a-41d8-4827-bc2a-76ab5a859bdb/q_harvest_bags_photo/JPEG_20221101_144102_5705803072211989300.jpg,,,https://mavuno-files.s3-eu-west-1.amazonaws.com/survey-images/35c4c6ef-2fb1-4703-a7aa-6397a9efcbf3/q_field_photo/JPEG_20221024_090339_2583852535631470938.jpg,8.5644361,8.4202839,5.01,https://mavuno-files.s3-eu-west-1.amazonaws.com/survey-images/54acc14a-41d8-4827-bc2a-76ab5a859bdb/q_box1_wet_weight_photo/JPEG_20221101_143039_9149275212185893142.jpg,3.06,https://mavuno-files.s3-eu-west-1.amazonaws.com/survey-images/54acc14a-41d8-4827-bc2a-76ab5a859bdb/q_box2_wet_weight_photo/JPEG_20221101_143425_4559366678811055651.jpg,4.52,https://mavuno-files.s3-eu-west-1.amazonaws.com/survey-images/9e197d4d-9201-4a13-bced-ec390a1168ef/q_box1_dry_weight_photo/JPEG_20221105_122728_8441118555391032203.jpg,2.625,https://mavuno-files.s3-eu-west-1.amazonaws.com/survey-images/9e197d4d-9201-4a13-bced-ec390a1168ef/q_box2_dry_weight_photo/JPEG_20221105_130300_3007003548490877198.jpg,1.13,0.65625,used box 1 and 9777,0.893125,have average yields,2022.0_169_Client_AU,1,-1.0747437251677026,-0.4969059338519807,,2.045328617095948,,,
486810e5-ba68-423f-9bfa-610070ecd4ed,Rice,2022.0,Nigeria,,,,,https://mavuno-files.s3-eu-west-1.amazonaws.com/survey-images/5cade623-15cf-4392-a96a-849c020562dd/q_field_photo/JPEG_20221115_165126_311078064.jpg,12.6311642,10.3694422,0.0,,0.0,,0.0,,0.0,,0.0,0.0,used box 1 and 9816,0.0,have average yields,2022.0_105_Client_BN,2,1.1900553764357789,0.7223766603245858,,,0.7085635662078857,,
488b5307-d444-47c6-a41e-3d039ef3d3ad,Rice,2022.0,Nigeria,,,,,https://mavuno-files.s3-eu-west-1.amazonaws.com/survey-images/830710c4-f1c4-46e3-817b-2b6a9183c7e0/q_field_photo/JPEG_20221017_144018_8082791520959761401.jpg,7.8612383,8.8966733,0.0,,0.0,,0.0,https://mavuno-files.s3-eu-west-1.amazonaws.com/survey-images/96f45ac5-f532-4969-bc9e-99a6cb31bae6/q_box1_dry_weight_photo/JPEG_20221206_125845_5689492984052277690.jpg,0.0,https://mavuno-files.s3-eu-west-1.amazonaws.com/survey-images/96f45ac5-f532-4969-bc9e-99a6cb31bae6/q_box2_dry_weight_photo/JPEG_20221206_125913_8884998423070261406.jpg,0.0,0.0,used box 1 and 9840,0.0,have average yields,2022.0_102_Client_AU,0,-1.466361189263604,-0.1989038149526494,0.0620447881519794,,,,
49679fae-69e3-4e78-9d88-422aea87f9e4,Rice,2022.0,Nigeria,https://mavuno-files.s3-eu-west-1.amazonaws.com/survey-images/3761a03b-9832-4bb3-8b52-1e05fb632ff2/q_wet_harvest_photo/JPEG_20221025_083704_8892553714654963814.jpg,https://mavuno-files.s3-eu-west-1.amazonaws.com/survey-images/3761a03b-9832-4bb3-8b52-1e05fb632ff2/q_harvest_bags_photo/JPEG_20221025_083718_5239087872498369181.jpg,,,https://mavuno-files.s3-eu-west-1.amazonaws.com/survey-images/260db887-8681-41e2-adf7-f8a7ac00bda8/q_field_photo/JPEG_20221025_072628_2113819627594567258.jpg,11.90864305,7.924312279,15.23,https://mavuno-files.s3-eu-west-1.amazonaws.com/survey-images/3761a03b-9832-4bb3-8b52-1e05fb632ff2/q_box1_wet_weight_photo/JPEG_20221025_083502_2389857408811815430.jpg,14.37,https://mavuno-files.s3-eu-west-1.amazonaws.com/survey-images/3761a03b-9832-4bb3-8b52-1e05fb632ff2/q_box2_wet_weight_photo/JPEG_20221025_083610_4328406618733315056.jpg,12.68,https://mavuno-files.s3-eu-west-1.amazonaws.com/survey-images/69f3effe-2bb1-4536-8357-acf79c6794d4/q_box1_dry_weight_photo/JPEG_20221127_151717_5580750487118744658.jpg,11.72,https://mavuno-files.s3-eu-west-1.amazonaws.com/survey-images/69f3effe-2bb1-4536-8357-acf79c6794d4/q_box2_dry_weight_photo/JPEG_20221127_151753_6164386853327895396.jpg,3.17,2.93,used box 1 and 9948,3.05,have average yields,2022.0_74_Client_K,0,0.7876765571069146,-0.8071575766717745,3.0395193099975586,,,,
4981f860-5ed5-4835-898f-6fc4d0a7b94f,Rice,2022.0,Nigeria,https://mavuno-files.s3-eu-west-1.amazonaws.com/survey-images/aa6933f3-412f-4a69-bfe8-cfcdfdecc834/q_wet_harvest_photo/JPEG_20221125_111749_8365901807088267513.jpg,https://mavuno-files.s3-eu-west-1.amazonaws.com/survey-images/aa6933f3-412f-4a69-bfe8-cfcdfdecc834/q_harvest_bags_photo/JPEG_20221125_111853_9106811665417440998.jpg,,,https://mavuno-files.s3-eu-west-1.amazonaws.com/survey-images/15435ffa-6900-43fb-bbc0-55397c92f1e4/q_field_photo/JPEG_20221103_100903_1571073585608301977.jpg,7.8279917,8.6905983,0.315,https://mavuno-files.s3-eu-west-1.amazonaws.com/survey-images/aa6933f3-412f-4a69-bfe8-cfcdfdecc834/q_box1_wet_weight_photo/JPEG_20221125_110202_2833054035680697980.jpg,0.925,https://mavuno-files.s3-eu-west-1.amazonaws.com/survey-images/aa6933f3-412f-4a69-bfe8-cfcdfdecc834/q_box2_wet_weight_photo/JPEG_20221125_111026_6480078026511205115.jpg,0.155,https://mavuno-files.s3-eu-west-1.amazonaws.com/survey-images/4f9b3808-5ef3-4492-a5ca-90e082d67f49/q_box1_dry_weight_photo/JPEG_20221125_113114_1741003915799618595.jpg,0.405,https://mavuno-files.s3-eu-west-1.amazonaws.com/survey-images/4f9b3808-5ef3-4492-a5ca-90e082d67f49/q_box2_dry_weight_photo/JPEG_20221125_113840_8502438553731679660.jpg,0.03875,0.10125,used box 1 and 9964,0.07,have average yields,2022.0_102_Client_AU,2,-1.4848765332846048,-0.3278126165594436,,,0.1121829599142074,,
49e4a9b2-a313-4f81-8f51-11e990dbaf4f,Rice,2022.0,Nigeria,https://mavuno-files.s3-eu-west-1.amazonaws.com/survey-images/ce522f87-60b3-496b-9727-f5a632f974e2/q_wet_harvest_photo/JPEG_20221110_122047_5364868745024836178.jpg,https://mavuno-files.s3-eu-west-1.amazonaws.com/survey-images/ce522f87-60b3-496b-9727-f5a632f974e2/q_harvest_bags_photo/JPEG_20221110_122134_3497787114354074117.jpg,,,https://mavuno-files.s3-eu-west-1.amazonaws.com/survey-images/b8ba3e83-a2b6-456a-8e8f-9a30c96d042d/q_field_photo/JPEG_20221109_095536_2399967108773594655.jpg,10.01235,11.211485,1.19,https://mavuno-files.s3-eu-west-1.amazonaws.com/survey-images/ce522f87-60b3-496b-9727-f5a632f974e2/q_box1_wet_weight_photo/JPEG_20221110_120949_6609034217697674050.jpg,0.625,https://mavuno-files.s3-eu-west-1.amazonaws.com/survey-images/ce522f87-60b3-496b-9727-f5a632f974e2/q_box2_wet_weight_photo/JPEG_20221110_121659_6628698955194903503.jpg,0.47,https://mavuno-files.s3-eu-west-1.amazonaws.com/survey-images/035ea538-f393-47cc-b8a2-72686d5dd271/q_box1_dry_weight_photo/JPEG_20221118_133754_5281334294500898114.jpg,0.48,https://mavuno-files.s3-eu-west-1.amazonaws.com/survey-images/035ea538-f393-47cc-b8a2-72686d5dd271/q_box2_dry_weight_photo/JPEG_20221118_134612_7177169714835179626.jpg,0.1175,0.12,used box 1 and 10016,0.11875,have average yields,2022.0_52_Client_S,2,-0.2683868654801342,1.2491107534927492,,,-0.0257774144411087,,
4ad2a41b-cfc9-4deb-8332-557fecefca69,Rice,2022.0,Nigeria,https://mavuno-files.s3-eu-west-1.amazonaws.com/survey-images/aa389d10-ac26-4aee-98bd-34283c806729/q_wet_harvest_photo/JPEG_20221116_164010_1226955917658905374.jpg,https://mavuno-files.s3-eu-west-1.amazonaws.com/survey-images/aa389d10-ac26-4aee-98bd-34283c806729/q_harvest_bags_photo/JPEG_20221116_164059_1788357353709575883.jpg,,,https://mavuno-files.s3-eu-west-1.amazonaws.com/survey-images/48d00ac0-0aaf-4fe5-9c41-b4a02df43b06/q_field_photo/JPEG_20221116_132618_2856051166730878114.jpg,10.0379068,11.1960387,1.04,https://mavuno-files.s3-eu-west-1.amazonaws.com/survey-images/aa389d10-ac26-4aee-98bd-34283c806729/q_box1_wet_weight_photo/JPEG_20221116_162919_5067866092266274340.jpg,1.215,https://mavuno-files.s3-eu-west-1.amazonaws.com/survey-images/aa389d10-ac26-4aee-98bd-34283c806729/q_box2_wet_weight_photo/JPEG_20221116_163713_3250406960003748750.jpg,1.01,https://mavuno-files.s3-eu-west-1.amazonaws.com/survey-images/c3b50129-c81f-44ff-9615-c51f1b23ea0b/q_box1_dry_weight_photo/JPEG_20221129_141848_919276840870014805.jpg,1.185,https://mavuno-files.s3-eu-west-1.amazonaws.com/survey-images/c3b50129-c81f-44ff-9615-c51f1b23ea0b/q_box2_dry_weight_photo/JPEG_20221129_142118_5436039250222827197.jpg,0.2525,0.29625,used box 1 and 10150,0.274375,have average yields,2022.0_200_Client_S,2,-0.2541540433546863,1.239448426561977,,,0.5617915391921997,,
4b4d2bdd-ffaa-4e30-8bbb-2ecfd31e2f79,Rice,2022.0,Nigeria,https://mavuno-files.s3-eu-west-1.amazonaws.com/survey-images/74799a9b-b445-4aae-a135-1ccbbd6a18e6/q_wet_harvest_photo/JPEG_20221028_102756_8216388499897151439.jpg,https://mavuno-files.s3-eu-west-1.amazonaws.com/survey-images/74799a9b-b445-4aae-a135-1ccbbd6a18e6/q_harvest_bags_photo/JPEG_20221028_102803_1329865977119929969.jpg,,,https://mavuno-files.s3-eu-west-1.amazonaws.com/survey-images/d67c235a-b897-4d3a-8140-5056a6fb6d73/q_field_photo/JPEG_20221028_093859_1083277554732743758.jpg,11.77140061,9.591976069,14.88,https://mavuno-files.s3-eu-west-1.amazonaws.com/survey-images/74799a9b-b445-4aae-a135-1ccbbd6a18e6/q_box1_wet_weight_photo/JPEG_20221028_102545_4576728551557939232.jpg,16.11,https://mavuno-files.s3-eu-west-1.amazonaws.com/survey-images/74799a9b-b445-4aae-a135-1ccbbd6a18e6/q_box2_wet_weight_photo/JPEG_20221028_102708_8021045157749221269.jpg,11.72,https://mavuno-files.s3-eu-west-1.amazonaws.com/survey-images/acc5b990-0f1b-4d9c-861f-f7d8d30efcb5/q_box1_dry_weight_photo/JPEG_20211201_132010_665974843334377107.jpg,13.24,https://mavuno-files.s3-eu-west-1.amazonaws.com/survey-images/acc5b990-0f1b-4d9c-861f-f7d8d30efcb5/q_box2_dry_weight_photo/JPEG_20211201_132050_2354876915708337265.jpg,2.93,3.31,used box 1 and 10210,3.12,have average yields,2022.0_56_Client_K,1,0.711244952344878,0.2360380591498639,,2.487169027328491,,,
4b58f115-83c4-4103-a1c0-4b8a0bd51609,Rice,2022.0,Nigeria,,,,,https://mavuno-files.s3-eu-west-1.amazonaws.com/survey-images/de57cf4d-7f90-4c61-a8cb-29d663569f74/q_field_photo/JPEG_20221115_160544_1421130744.jpg,12.630847,10.367722,0.0,,0.0,,0.0,,0.0,,0.0,0.0,used box 1 and 10216,0.0,have average yields,2022.0_105_Client_BN,2,1.1898787247744516,0.7213006010232443,,,0.211308941245079,,
4c038d99-6b81-4dea-a409-d0d3e24c9dae,Rice,2022.0,Nigeria,https://mavuno-files.s3-eu-west-1.amazonaws.com/survey-images/6395f3c5-5eb1-4561-920e-b001fb715688/q_wet_harvest_photo/JPEG_20221027_171928_1486761091322969314.jpg,https://mavuno-files.s3-eu-west-1.amazonaws.com/survey-images/6395f3c5-5eb1-4561-920e-b001fb715688/q_harvest_bags_photo/JPEG_20221027_172040_4772338453656173935.jpg,,,https://mavuno-files.s3-eu-west-1.amazonaws.com/survey-images/4763a2c9-746c-48b8-a35b-860c01d02a75/q_field_photo/JPEG_20221022_174021_2307075413546061742.jpg,10.6869311,11.4824077,9.575,https://mavuno-files.s3-eu-west-1.amazonaws.com/survey-images/6395f3c5-5eb1-4561-920e-b001fb715688/q_box1_wet_weight_photo/JPEG_20221027_171059_2310604884904102662.jpg,7.49,https://mavuno-files.s3-eu-west-1.amazonaws.com/survey-images/6395f3c5-5eb1-4561-920e-b001fb715688/q_box2_wet_weight_photo/JPEG_20221027_171539_8657831571486789784.jpg,8.135,https://mavuno-files.s3-eu-west-1.amazonaws.com/survey-images/024f38d0-7e3a-477b-97c8-52710517345d/q_box1_dry_weight_photo/JPEG_20221027_172414_3530068383632341505.jpg,6.555,https://mavuno-files.s3-eu-west-1.amazonaws.com/survey-images/024f38d0-7e3a-477b-97c8-52710517345d/q_box2_dry_weight_photo/JPEG_20221027_172743_4569429781212838016.jpg,2.03375,1.63875,used box 1 and 10325,1.83625,have average yields,2022.0_200_Client_S,1,0.1072936894206693,1.4185845886744886,,1.62660551071167,,,
4cb8a278-4e54-4377-a434-2cc92c98d3aa,Rice,2022.0,Nigeria,https://mavuno-files.s3-eu-west-1.amazonaws.com/survey-images/6c904e60-df20-418b-91a6-2b4c785ec136/q_wet_harvest_photo/JPEG_20221028_133658_2232291200489462180.jpg,https://mavuno-files.s3-eu-west-1.amazonaws.com/survey-images/6c904e60-df20-418b-91a6-2b4c785ec136/q_harvest_bags_photo/JPEG_20221028_133710_1469544264149926456.jpg,,,https://mavuno-files.s3-eu-west-1.amazonaws.com/survey-images/8abf34e4-c015-4910-a0fc-1e2786caae0b/q_field_photo/JPEG_20221028_123353_5629030876721123785.jpg,11.76652806,9.598127045,17.14,https://mavuno-files.s3-eu-west-1.amazonaws.com/survey-images/6c904e60-df20-418b-91a6-2b4c785ec136/q_box1_wet_weight_photo/JPEG_20221028_133419_8290444787222534571.jpg,15.47,https://mavuno-files.s3-eu-west-1.amazonaws.com/survey-images/6c904e60-df20-418b-91a6-2b4c785ec136/q_box2_wet_weight_photo/JPEG_20221028_133603_1610926782154563242.jpg,14.19,https://mavuno-files.s3-eu-west-1.amazonaws.com/survey-images/c4db1096-f6da-455d-b248-a0e6a98a6cbe/q_box1_dry_weight_photo/JPEG_20211201_150446_3008437968572982197.jpg,12.39,https://mavuno-files.s3-eu-west-1.amazonaws.com/survey-images/c4db1096-f6da-455d-b248-a0e6a98a6cbe/q_box2_dry_weight_photo/JPEG_20211201_150542_8748900728179040764.jpg,3.5475,3.0975,used box 1 and 10412,3.3225,have average yields,2022.0_56_Client_K,4,0.7085313834533363,0.2398857599620548,,,,,2.491975784301758
4ce436ae-c5a4-4b75-832e-672083f58cea,Rice,2022.0,Nigeria,,,,,https://mavuno-files.s3-eu-west-1.amazonaws.com/survey-images/65b88420-c7ec-4c93-920f-b9977e8a0129/q_field_photo/JPEG_20221115_070531_1414382153.jpg,12.6251361,10.3665969,0.0,,0.0,,0.0,,0.0,,0.0,0.0,used box 1 and 10425,0.0,have average yields,2022.0_105_Client_BN,3,1.186698270888355,0.7205968024417184,,,,0.5941342115402222,
4d82a26b-143b-4119-83ee-21c83f11f53d,Rice,2022.0,Nigeria,https://mavuno-files.s3-eu-west-1.amazonaws.com/survey-images/f8c63352-bf2f-4c20-ac7f-0f7f71ec5ef0/q_wet_harvest_photo/JPEG_20221120_100735_8942512843807929193.jpg,https://mavuno-files.s3-eu-west-1.amazonaws.com/survey-images/f8c63352-bf2f-4c20-ac7f-0f7f71ec5ef0/q_harvest_bags_photo/JPEG_20221120_100807_8414814374598593660.jpg,,,https://mavuno-files.s3-eu-west-1.amazonaws.com/survey-images/c5167a55-bb3d-4a2f-a15e-88c059c50762/q_field_photo/JPEG_20221027_102441_8786550745041788682.jpg,9.8252324,6.7081125,7.375,https://mavuno-files.s3-eu-west-1.amazonaws.com/survey-images/f8c63352-bf2f-4c20-ac7f-0f7f71ec5ef0/q_box1_wet_weight_photo/JPEG_20221120_100522_496830137714511968.jpg,7.155,https://mavuno-files.s3-eu-west-1.amazonaws.com/survey-images/f8c63352-bf2f-4c20-ac7f-0f7f71ec5ef0/q_box2_wet_weight_photo/JPEG_20221120_100658_9118954820400734329.jpg,6.05,https://mavuno-files.s3-eu-west-1.amazonaws.com/survey-images/39be6b50-d581-4caa-8a3e-517f35df6e70/q_box1_dry_weight_photo/JPEG_20221120_101037_8297825397218102590.jpg,6.13,https://mavuno-files.s3-eu-west-1.amazonaws.com/survey-images/39be6b50-d581-4caa-8a3e-517f35df6e70/q_box2_dry_weight_photo/JPEG_20221120_101203_8300900359704795672.jpg,1.5125,1.5325,used box 1 and 10510,1.5225,have average yields,2022.0_17_Client_P,3,-0.3725944156171096,-1.567942999577695,,,,2.1929962635040283,
4d90a18e-9048-47d0-8d65-56a48b93b7e4,Rice,2022.0,Nigeria,https://mavuno-files.s3-eu-west-1.amazonaws.com/survey-images/f82879e3-0ee8-4e6a-98c1-459956eac08f/q_wet_harvest_photo/JPEG_20221021_130645_6161099185404973658.jpg,https://mavuno-files.s3-eu-west-1.amazonaws.com/survey-images/f82879e3-0ee8-4e6a-98c1-459956eac08f/q_harvest_bags_photo/JPEG_20221021_130700_5896163735517695207.jpg,,,https://mavuno-files.s3-eu-west-1.amazonaws.com/survey-images/1ed6db68-eb86-4844-b28c-ff2aabc62b1f/q_field_photo/JPEG_20221021_114235_2674383069970735124.jpg,11.54202858,8.971802406,15.78,https://mavuno-files.s3-eu-west-1.amazonaws.com/survey-images/f82879e3-0ee8-4e6a-98c1-459956eac08f/q_box1_wet_weight_photo/JPEG_20221021_130433_1333684782868909290.jpg,14.7,https://mavuno-files.s3-eu-west-1.amazonaws.com/survey-images/f82879e3-0ee8-4e6a-98c1-459956eac08f/q_box2_wet_weight_photo/JPEG_20221021_130546_539540953837426075.jpg,13.28,https://mavuno-files.s3-eu-west-1.amazonaws.com/survey-images/0cc98eee-b171-4a49-bb2f-ed3a5cf5eba6/q_box1_dry_weight_photo/JPEG_20221120_092347_5467638016228680842.jpg,12.04,https://mavuno-files.s3-eu-west-1.amazonaws.com/survey-images/0cc98eee-b171-4a49-bb2f-ed3a5cf5eba6/q_box2_dry_weight_photo/JPEG_20221120_092450_6542857725652599174.jpg,3.32,3.01,used box 1 and 10526,3.165,have average yields,2022.0_201_Client_K,4,0.5835055129963344,-0.1519073184331791,,,,,0.8265290856361389
4da67626-e938-4d52-9f61-602e49d94b0e,Rice,2022.0,Nigeria,https://mavuno-files.s3-eu-west-1.amazonaws.com/survey-images/cc4c2fcf-27df-4f3e-aa29-48fce0f1724b/q_wet_harvest_photo/JPEG_20220907_151812_1226929149.jpg,https://mavuno-files.s3-eu-west-1.amazonaws.com/survey-images/cc4c2fcf-27df-4f3e-aa29-48fce0f1724b/q_harvest_bags_photo/JPEG_20220907_151837_281807100.jpg,,,https://mavuno-files.s3-eu-west-1.amazonaws.com/survey-images/22581ec9-8a55-4f00-b1ee-0b0f2ddd77f1/q_field_photo/JPEG_20220906_094653_80557444.jpg,12.6408058,10.3088401,12.79,https://mavuno-files.s3-eu-west-1.amazonaws.com/survey-images/cc4c2fcf-27df-4f3e-aa29-48fce0f1724b/q_box1_wet_weight_photo/JPEG_20220907_151425_388556067.jpg,12.79,https://mavuno-files.s3-eu-west-1.amazonaws.com/survey-images/cc4c2fcf-27df-4f3e-aa29-48fce0f1724b/q_box2_wet_weight_photo/JPEG_20220907_151611_892685223.jpg,10.9,,11.56,,2.725,2.89,used box 1 and 10540,2.8075,have average yields,2022.0_105_Client_BS,1,1.1954248740960771,0.6844674326848664,,2.7737886905670166,,,
4db50466-67f5-4e4c-b02d-27cb65cfced4,Rice,2022.0,Nigeria,https://mavuno-files.s3-eu-west-1.amazonaws.com/survey-images/dfbe238e-fc95-4a6d-9f18-8464122bdca1/q_wet_harvest_photo/JPEG_20221203_100151_1043981169773435221.jpg,https://mavuno-files.s3-eu-west-1.amazonaws.com/survey-images/dfbe238e-fc95-4a6d-9f18-8464122bdca1/q_harvest_bags_photo/JPEG_20221203_100212_7732581432077184497.jpg,,,https://mavuno-files.s3-eu-west-1.amazonaws.com/survey-images/7f97cc7e-098f-45f6-ac88-9140ce82f475/q_field_photo/JPEG_20221201_124801_5853841881450028534.jpg,11.12717263,4.574012102,5.85,https://mavuno-files.s3-eu-west-1.amazonaws.com/survey-images/dfbe238e-fc95-4a6d-9f18-8464122bdca1/q_box1_wet_weight_photo/JPEG_20221203_095753_842440341152805731.jpg,5.62,https://mavuno-files.s3-eu-west-1.amazonaws.com/survey-images/dfbe238e-fc95-4a6d-9f18-8464122bdca1/q_box2_wet_weight_photo/JPEG_20221203_095932_5742211078365058335.jpg,5.795,https://mavuno-files.s3-eu-west-1.amazonaws.com/survey-images/40134510-a64c-4356-a7b4-0df6cd621ec9/q_box1_dry_weight_photo/JPEG_20221210_122311_6512702810566994926.jpg,5.54,https://mavuno-files.s3-eu-west-1.amazonaws.com/survey-images/40134510-a64c-4356-a7b4-0df6cd621ec9/q_box2_dry_weight_photo/JPEG_20221210_122407_2307125308125989504.jpg,1.44875,1.385,used box 1 and 10549,1.416875,have average yields,2022.0_129_Client_P,4,0.3524683352575871,-2.902914853586003,,,,,1.5299584865570068
4e67eb55-ae74-4af0-a789-61ead5fd2c2a,Rice,2022.0,Nigeria,https://mavuno-files.s3-eu-west-1.amazonaws.com/survey-images/f82c18dd-2965-4846-bbd3-12f047b93e3e/q_wet_harvest_photo/JPEG_20221117_104230_3049351531237199495.jpg,https://mavuno-files.s3-eu-west-1.amazonaws.com/survey-images/f82c18dd-2965-4846-bbd3-12f047b93e3e/q_harvest_bags_photo/JPEG_20221117_104314_2457478879646063593.jpg,,,https://mavuno-files.s3-eu-west-1.amazonaws.com/survey-images/6dacdf1b-f528-460d-94f3-bb24ea66a5a6/q_field_photo/JPEG_20221105_123230_5684397470883539363.jpg,8.3659579,9.2429946,2.195,https://mavuno-files.s3-eu-west-1.amazonaws.com/survey-images/f82c18dd-2965-4846-bbd3-12f047b93e3e/q_box1_wet_weight_photo/JPEG_20221117_103701_5815036104215160585.jpg,2.225,https://mavuno-files.s3-eu-west-1.amazonaws.com/survey-images/f82c18dd-2965-4846-bbd3-12f047b93e3e/q_box2_wet_weight_photo/JPEG_20221117_103936_618347540834793937.jpg,1.52,https://mavuno-files.s3-eu-west-1.amazonaws.com/survey-images/0c7b3bd1-82d6-4510-86eb-89a1daaf4e60/q_box1_dry_weight_photo/JPEG_20221117_114740_2383972225640034368.jpg,1.845,https://mavuno-files.s3-eu-west-1.amazonaws.com/survey-images/0c7b3bd1-82d6-4510-86eb-89a1daaf4e60/q_box2_dry_weight_photo/JPEG_20221117_114847_8314665283754434201.jpg,0.38,0.46125,used box 1 and 10634,0.420625,have average yields,2022.0_173_Client_AU,1,-1.1852781002216624,0.0177350968702642,,1.2010338306427002,,,
50333745-1fd9-44fa-8803-eef40785d4ce,Rice,2022.0,Nigeria,https://mavuno-files.s3-eu-west-1.amazonaws.com/survey-images/683a1c8f-9db4-4785-94f0-c67004905c27/q_wet_harvest_photo/JPEG_20221127_121448_1744260235603769189.jpg,https://mavuno-files.s3-eu-west-1.amazonaws.com/survey-images/683a1c8f-9db4-4785-94f0-c67004905c27/q_harvest_bags_photo/JPEG_20221127_121503_6786409144936965799.jpg,,,https://mavuno-files.s3-eu-west-1.amazonaws.com/survey-images/0f4bfa51-78f6-4feb-8282-2096b6cb85ea/q_field_photo/JPEG_20221028_110703_6253279120189431898.jpg,7.7361113,9.3042029,8.325,https://mavuno-files.s3-eu-west-1.amazonaws.com/survey-images/683a1c8f-9db4-4785-94f0-c67004905c27/q_box1_wet_weight_photo/JPEG_20221127_121147_7279282089472631653.jpg,10.06,https://mavuno-files.s3-eu-west-1.amazonaws.com/survey-images/683a1c8f-9db4-4785-94f0-c67004905c27/q_box2_wet_weight_photo/JPEG_20221127_121351_6679874620842484511.jpg,8.22,https://mavuno-files.s3-eu-west-1.amazonaws.com/survey-images/e83a5984-3cfa-4f4f-ab25-fb433b4b2da0/q_box1_dry_weight_photo/JPEG_20221127_121712_7706738918187344233.jpg,9.84,https://mavuno-files.s3-eu-west-1.amazonaws.com/survey-images/e83a5984-3cfa-4f4f-ab25-fb433b4b2da0/q_box2_dry_weight_photo/JPEG_20221127_121833_1136811081175811047.jpg,2.055,2.46,used box 1 and 10861,2.2575,have average yields,2022.0_5_Client_AU,4,-1.5360455916180027,0.0560235287586019,,,,,1.8742281198501587
50890029-f853-47ab-9758-b3a72a54a515,Rice,2022.0,Nigeria,https://mavuno-files.s3-eu-west-1.amazonaws.com/survey-images/9aad165b-0260-4ea4-9e00-5e9ec1bb9e4a/q_wet_harvest_photo/JPEG_20221124_152815_8745281256112460813.jpg,https://mavuno-files.s3-eu-west-1.amazonaws.com/survey-images/9aad165b-0260-4ea4-9e00-5e9ec1bb9e4a/q_harvest_bags_photo/JPEG_20221124_152952_3969560312526426053.jpg,,,https://mavuno-files.s3-eu-west-1.amazonaws.com/survey-images/94822d11-2c53-46a5-8640-e9253752f3ff/q_field_photo/JPEG_20221014_071043_63124454287672813.jpg,8.0706826,8.1195257,1.53,https://mavuno-files.s3-eu-west-1.amazonaws.com/survey-images/9aad165b-0260-4ea4-9e00-5e9ec1bb9e4a/q_box1_wet_weight_photo/JPEG_20221124_152014_6361711807202423511.jpg,1.29,https://mavuno-files.s3-eu-west-1.amazonaws.com/survey-images/9aad165b-0260-4ea4-9e00-5e9ec1bb9e4a/q_box2_wet_weight_photo/JPEG_20221124_153831_8447003895132419588.jpg,0.825,https://mavuno-files.s3-eu-west-1.amazonaws.com/survey-images/4470ca3a-0a18-44dc-8259-72be71a0fc90/q_box1_dry_weight_photo/JPEG_20221125_083716_4088677672868400473.jpg,0.75,https://mavuno-files.s3-eu-west-1.amazonaws.com/survey-images/4470ca3a-0a18-44dc-8259-72be71a0fc90/q_box2_dry_weight_photo/JPEG_20221125_084011_5455291372168135681.jpg,0.20625,0.1875,used box 1 and 10908,0.196875,have average yields,2022.0_101_Client_AU,0,-1.3497196900505222,-0.6850431612469404,0.4202546179294586,,,,
5136240b-0193-4ab5-ae15-7c1ee92485e6,Rice,2022.0,Nigeria,https://mavuno-files.s3-eu-west-1.amazonaws.com/survey-images/b022cea1-6415-4443-a482-a29b4747d0d2/q_wet_harvest_photo/JPEG_20221017_101816_714364482974091119.jpg,https://mavuno-files.s3-eu-west-1.amazonaws.com/survey-images/b022cea1-6415-4443-a482-a29b4747d0d2/q_harvest_bags_photo/JPEG_20221017_101921_1605340001546647023.jpg,,,https://mavuno-files.s3-eu-west-1.amazonaws.com/survey-images/0b35431d-25a1-490f-be8f-50a240d1c2de/q_field_photo/JPEG_20221017_084312_3740502692773889822.jpg,11.22123927,8.935690485,17.03,https://mavuno-files.s3-eu-west-1.amazonaws.com/survey-images/b022cea1-6415-4443-a482-a29b4747d0d2/q_box1_wet_weight_photo/JPEG_20221017_100725_5308957791044192160.jpg,15.91,https://mavuno-files.s3-eu-west-1.amazonaws.com/survey-images/b022cea1-6415-4443-a482-a29b4747d0d2/q_box2_wet_weight_photo/JPEG_20221017_101044_7405569824820192872.jpg,14.28,https://mavuno-files.s3-eu-west-1.amazonaws.com/survey-images/549e649c-8fc8-4d62-9ec9-f1b8fa84e933/q_box1_dry_weight_photo/JPEG_20221101_074441_6245396899963269096.jpg,13.34,https://mavuno-files.s3-eu-west-1.amazonaws.com/survey-images/549e649c-8fc8-4d62-9ec9-f1b8fa84e933/q_box2_dry_weight_photo/JPEG_20221101_074607_3748792933354205873.jpg,3.57,3.335,used box 1 and 10973,3.4525,have average yields,2022.0_201_Client_K,2,0.404854931195205,-0.174496882717198,,,0.9570460915565492,,
517eb27b-52df-4168-b5dd-28049fbbb97b,Rice,2022.0,Nigeria,https://mavuno-files.s3-eu-west-1.amazonaws.com/survey-images/82e1ffa4-dba6-42c9-aeef-1d469609709e/q_wet_harvest_photo/JPEG_20221017_090724_5863726890090391313.jpg,https://mavuno-files.s3-eu-west-1.amazonaws.com/survey-images/82e1ffa4-dba6-42c9-aeef-1d469609709e/q_harvest_bags_photo/JPEG_20221017_090859_1480404030039074912.jpg,,,https://mavuno-files.s3-eu-west-1.amazonaws.com/survey-images/0c4a4b9a-b745-474f-952c-d468537b5aed/q_field_photo/JPEG_20221017_071017_7072610174783157212.jpg,11.37960874,9.526418187,16.65,https://mavuno-files.s3-eu-west-1.amazonaws.com/survey-images/82e1ffa4-dba6-42c9-aeef-1d469609709e/q_box1_wet_weight_photo/JPEG_20221017_090032_6256601476968244689.jpg,17.31,https://mavuno-files.s3-eu-west-1.amazonaws.com/survey-images/82e1ffa4-dba6-42c9-aeef-1d469609709e/q_box2_wet_weight_photo/JPEG_20221017_090237_3941190896858264878.jpg,14.89,https://mavuno-files.s3-eu-west-1.amazonaws.com/survey-images/c8ca5e69-ffab-4e1d-91ab-ef80748a13a5/q_box1_dry_weight_photo/JPEG_20221029_092510_7120514762769033626.jpg,15.24,https://mavuno-files.s3-eu-west-1.amazonaws.com/survey-images/c8ca5e69-ffab-4e1d-91ab-ef80748a13a5/q_box2_dry_weight_photo/JPEG_20221029_092557_360880700465622828.jpg,3.7225,3.81,used box 1 and 11017,3.76625,have average yields,2022.0_7_Client_K,0,0.493052377534787,0.1950287761000063,2.684088706970215,,,,
518cf315-f73a-4f93-ae29-37134cfdf61c,Rice,2022.0,Nigeria,https://mavuno-files.s3-eu-west-1.amazonaws.com/survey-images/bd06b22a-2071-4717-a309-bb5af2b49d66/q_wet_harvest_photo/JPEG_20221019_103452_7268288149908356534.jpg,https://mavuno-files.s3-eu-west-1.amazonaws.com/survey-images/bd06b22a-2071-4717-a309-bb5af2b49d66/q_harvest_bags_photo/JPEG_20221019_103512_8291107526743861006.jpg,,,https://mavuno-files.s3-eu-west-1.amazonaws.com/survey-images/12aacc50-64a5-4309-9933-313f87925ff1/q_field_photo/JPEG_20221019_094201_7771841818449031528.jpg,10.8921782,10.14502075,14.94,https://mavuno-files.s3-eu-west-1.amazonaws.com/survey-images/bd06b22a-2071-4717-a309-bb5af2b49d66/q_box1_wet_weight_photo/JPEG_20221019_103056_3682707252265225149.jpg,15.4,https://mavuno-files.s3-eu-west-1.amazonaws.com/survey-images/bd06b22a-2071-4717-a309-bb5af2b49d66/q_box2_wet_weight_photo/JPEG_20221019_103306_8326062901446299216.jpg,11.67,https://mavuno-files.s3-eu-west-1.amazonaws.com/survey-images/223bd08e-591a-4578-8d6a-ad61ddbaf23e/q_box1_dry_weight_photo/JPEG_20221105_092625_8455705985110450684.jpg,12.44,https://mavuno-files.s3-eu-west-1.amazonaws.com/survey-images/223bd08e-591a-4578-8d6a-ad61ddbaf23e/q_box2_dry_weight_photo/JPEG_20221105_092803_5284948276441379111.jpg,2.9175,3.11,used box 1 and 11023,3.01375,have average yields,2022.0_179_Client_K,1,0.2215977285047473,0.5819913628631811,,2.765427350997925,,,
51ba9af6-77a3-4fed-858f-b4a54327e08c,Rice,2022.0,Nigeria,https://mavuno-files.s3-eu-west-1.amazonaws.com/survey-images/4091399a-ae8f-43e8-93b2-3ac60d576b4b/q_wet_harvest_photo/JPEG_20221020_003027_5719434384322983769.jpg,https://mavuno-files.s3-eu-west-1.amazonaws.com/survey-images/4091399a-ae8f-43e8-93b2-3ac60d576b4b/q_harvest_bags_photo/JPEG_20221020_003116_7936922645731448562.jpg,,,https://mavuno-files.s3-eu-west-1.amazonaws.com/survey-images/becbf824-fdf7-4d24-bcbd-e739ac93e035/q_field_photo/JPEG_20221020_194845_8020995690143631817.jpg,12.54899777,10.58603257,15.61,https://mavuno-files.s3-eu-west-1.amazonaws.com/survey-images/4091399a-ae8f-43e8-93b2-3ac60d576b4b/q_box1_wet_weight_photo/JPEG_20221020_002641_22265857395442543.jpg,15.53,https://mavuno-files.s3-eu-west-1.amazonaws.com/survey-images/4091399a-ae8f-43e8-93b2-3ac60d576b4b/q_box2_wet_weight_photo/JPEG_20221020_002841_9209389995131122797.jpg,13.12,https://mavuno-files.s3-eu-west-1.amazonaws.com/survey-images/6a456a1c-7138-4fbd-8a3a-5ea33784dac4/q_box1_dry_weight_photo/JPEG_20221024_082611_5280550630404778827.jpg,13.23,https://mavuno-files.s3-eu-west-1.amazonaws.com/survey-images/6a456a1c-7138-4fbd-8a3a-5ea33784dac4/q_box2_dry_weight_photo/JPEG_20221024_082926_6632339966519130905.jpg,3.28,3.3075,used box 1 and 11048,3.29375,have average yields,2022.0_105_Client_K,2,1.1442961192958765,0.8578632794500117,,,2.270397901535034,,
51c6b964-7dd1-43c6-8017-c1b3d8650a5e,Rice,2022.0,Nigeria,,,,,https://mavuno-files.s3-eu-west-1.amazonaws.com/survey-images/7f4f9120-4e83-4f17-b290-5e3f8e3e4cca/q_field_photo/JPEG_20220829_123830_5290054805793756258.jpg,6.4471983,8.514675,0.0,,0.0,,0.0,,0.0,,0.0,0.0,used box 1 and 11057,0.0,have average yields,2022.0_98_Client_AY,4,-2.253853355664251,-0.4378602292136345,,,,,1.3828160762786865
51f9337e-151b-43bc-832d-6c7c714aa1b5,Rice,2022.0,Nigeria,https://mavuno-files.s3-eu-west-1.amazonaws.com/survey-images/60e0cf17-5691-46da-9e8b-ce2b30b4c4b6/q_wet_harvest_photo/JPEG_20220830_124709_649120816826172854.jpg,https://mavuno-files.s3-eu-west-1.amazonaws.com/survey-images/60e0cf17-5691-46da-9e8b-ce2b30b4c4b6/q_harvest_bags_photo/JPEG_20220830_124759_7740388375859932512.jpg,,,https://mavuno-files.s3-eu-west-1.amazonaws.com/survey-images/4c469394-af52-4fba-8862-0d322a9883d9/q_field_photo/JPEG_20220830_111434_8556072641913406831.jpg,6.450322,8.5148422,1.44,https://mavuno-files.s3-eu-west-1.amazonaws.com/survey-images/60e0cf17-5691-46da-9e8b-ce2b30b4c4b6/q_box1_wet_weight_photo/JPEG_20220830_124423_6464028360766862548.jpg,1.135,https://mavuno-files.s3-eu-west-1.amazonaws.com/survey-images/60e0cf17-5691-46da-9e8b-ce2b30b4c4b6/q_box2_wet_weight_photo/JPEG_20220830_124553_8638755862172758488.jpg,1.26,https://mavuno-files.s3-eu-west-1.amazonaws.com/survey-images/d7af1d34-bb87-465e-bb4f-379c0d05c732/q_box1_dry_weight_photo/JPEG_20220921_163111_140662797731549594.jpg,1.085,https://mavuno-files.s3-eu-west-1.amazonaws.com/survey-images/d7af1d34-bb87-465e-bb4f-379c0d05c732/q_box2_dry_weight_photo/JPEG_20220921_163223_4166307529026364165.jpg,0.315,0.27125,used box 1 and 11076,0.293125,have average yields,2022.0_98_Client_AY,0,-2.2521137377749514,-0.4377556384014125,2.2122607231140137,,,,
521b75b2-f470-45fd-b879-c0f866682fc1,Rice,2022.0,Nigeria,https://mavuno-files.s3-eu-west-1.amazonaws.com/survey-images/b73e01d7-b39a-49ac-9776-0754b20acf49/q_wet_harvest_photo/JPEG_20221201_131424_4860479559341756808.jpg,https://mavuno-files.s3-eu-west-1.amazonaws.com/survey-images/b73e01d7-b39a-49ac-9776-0754b20acf49/q_harvest_bags_photo/JPEG_20221201_131447_779153725019761338.jpg,,,https://mavuno-files.s3-eu-west-1.amazonaws.com/survey-images/7bf6ee3c-e20b-47aa-907a-8349adf1295e/q_field_photo/JPEG_20221016_125527_5628202191550257553.jpg,7.5886821,8.1389693,0.0,https://mavuno-files.s3-eu-west-1.amazonaws.com/survey-images/b73e01d7-b39a-49ac-9776-0754b20acf49/q_box1_wet_weight_photo/JPEG_20221201_131054_8114451116629326470.jpg,1.215,https://mavuno-files.s3-eu-west-1.amazonaws.com/survey-images/b73e01d7-b39a-49ac-9776-0754b20acf49/q_box2_wet_weight_photo/JPEG_20221201_131228_1958043931459315463.jpg,0.0,https://mavuno-files.s3-eu-west-1.amazonaws.com/survey-images/b0f368c9-fe8e-41f3-9a41-38c803855f3a/q_box1_dry_weight_photo/JPEG_20221201_131635_8324557882177491014.jpg,1.215,https://mavuno-files.s3-eu-west-1.amazonaws.com/survey-images/b0f368c9-fe8e-41f3-9a41-38c803855f3a/q_box2_dry_weight_photo/JPEG_20221201_131718_2952689907161446844.jpg,0.0,0.30375,used box 1 and 11092,0.151875,have average yields,2022.0_135_Client_AU,0,-1.618150298768235,-0.6728803507414365,0.2004713863134384,,,,
52681a66-b3ca-4220-9c1f-0c2d19d0e0a0,Rice,2022.0,Nigeria,https://mavuno-files.s3-eu-west-1.amazonaws.com/survey-images/d4991348-6b83-40e5-be79-2f6b6125e16b/q_wet_harvest_photo/JPEG_20221122_151446_3344277947748817138.jpg,https://mavuno-files.s3-eu-west-1.amazonaws.com/survey-images/d4991348-6b83-40e5-be79-2f6b6125e16b/q_harvest_bags_photo/JPEG_20221122_151504_8263885182440636600.jpg,,,https://mavuno-files.s3-eu-west-1.amazonaws.com/survey-images/bb1b68bb-4670-4451-9cd9-bfdc26fc1cd6/q_field_photo/JPEG_20221122_124617_1660959790678672811.jpg,10.52572,5.4775192,8.21,https://mavuno-files.s3-eu-west-1.amazonaws.com/survey-images/d4991348-6b83-40e5-be79-2f6b6125e16b/q_box1_wet_weight_photo/JPEG_20221122_150952_6719716434451468922.jpg,8.05,https://mavuno-files.s3-eu-west-1.amazonaws.com/survey-images/d4991348-6b83-40e5-be79-2f6b6125e16b/q_box2_wet_weight_photo/JPEG_20221122_151237_2417061703656651248.jpg,7.17,https://mavuno-files.s3-eu-west-1.amazonaws.com/survey-images/5fae1fdc-5208-433f-8e4b-267fc2cc1a78/q_box1_dry_weight_photo/JPEG_20221129_183306_6639690616205012863.jpg,6.895,https://mavuno-files.s3-eu-west-1.amazonaws.com/survey-images/5fae1fdc-5208-433f-8e4b-267fc2cc1a78/q_box2_dry_weight_photo/JPEG_20221129_183443_6149743911381818200.jpg,1.7925,1.72375,used box 1 and 11127,1.758125,have average yields,2022.0_85_Client_P,2,0.0175137126259308,-2.3377321907379525,,,0.6547233462333679,,
540d306e-0d3a-45e0-8c45-322a9fdb12c6,Rice,2022.0,Nigeria,https://mavuno-files.s3-eu-west-1.amazonaws.com/survey-images/3660b639-dc2a-42d6-b426-33e5b21c2246/q_wet_harvest_photo/JPEG_20221214_111254_2726644919616775922.jpg,https://mavuno-files.s3-eu-west-1.amazonaws.com/survey-images/3660b639-dc2a-42d6-b426-33e5b21c2246/q_harvest_bags_photo/JPEG_20221214_111310_4645125600624702983.jpg,,,https://mavuno-files.s3-eu-west-1.amazonaws.com/survey-images/7ac979f4-02ae-4e3d-a459-44366b7f055f/q_field_photo/JPEG_20221214_110504_3527030868012537668.jpg,7.8073683,8.56609,6.92,https://mavuno-files.s3-eu-west-1.amazonaws.com/survey-images/3660b639-dc2a-42d6-b426-33e5b21c2246/q_box1_wet_weight_photo/JPEG_20221214_111104_6575170182730161330.jpg,5.99,https://mavuno-files.s3-eu-west-1.amazonaws.com/survey-images/3660b639-dc2a-42d6-b426-33e5b21c2246/q_box2_wet_weight_photo/JPEG_20221214_111226_3370909795353869053.jpg,5.855,https://mavuno-files.s3-eu-west-1.amazonaws.com/survey-images/3b65597b-f759-4d63-881a-28163b76fb31/q_box1_dry_weight_photo/JPEG_20221214_111518_7327926263247726248.jpg,5.145,https://mavuno-files.s3-eu-west-1.amazonaws.com/survey-images/3b65597b-f759-4d63-881a-28163b76fb31/q_box2_dry_weight_photo/JPEG_20221214_111621_8135872550606923052.jpg,1.46375,1.28625,used box 1 and 11349,1.375,have average yields,2022.0_106_Client_AU,2,-1.4963618985815887,-0.405697928912223,,,1.281607985496521,,
541dd4c2-8c1b-4339-8711-326e1fc6a093,Rice,2022.0,Nigeria,,,,,https://mavuno-files.s3-eu-west-1.amazonaws.com/survey-images/87784964-d729-4eca-903a-0f5609613c8f/q_field_photo/JPEG_20221115_092305_810728492.jpg,12.6194925,10.3652889,0.0,,0.0,,0.0,,0.0,,0.0,0.0,used box 1 and 11363,0.0,have average yields,2022.0_105_Client_BN,1,1.1835552970048016,0.7197785920207471,,0.3924125432968139,,,
5474022f-fd7d-46ff-b301-b9b788967646,Rice,2022.0,Nigeria,https://mavuno-files.s3-eu-west-1.amazonaws.com/survey-images/4e364f1d-e0fe-481e-9c75-edf68580ec9f/q_wet_harvest_photo/JPEG_20221126_120124_9181189039233722755.jpg,https://mavuno-files.s3-eu-west-1.amazonaws.com/survey-images/4e364f1d-e0fe-481e-9c75-edf68580ec9f/q_harvest_bags_photo/JPEG_20221126_120148_9179817314370544173.jpg,,,https://mavuno-files.s3-eu-west-1.amazonaws.com/survey-images/081c35fe-415d-4cb2-9ade-f5dacae68201/q_field_photo/JPEG_20221025_135603_3017048709835788778.jpg,12.3096217,9.643465,9.45,https://mavuno-files.s3-eu-west-1.amazonaws.com/survey-images/4e364f1d-e0fe-481e-9c75-edf68580ec9f/q_box1_wet_weight_photo/JPEG_20221126_115514_1818385784545763079.jpg,9.29,https://mavuno-files.s3-eu-west-1.amazonaws.com/survey-images/4e364f1d-e0fe-481e-9c75-edf68580ec9f/q_box2_wet_weight_photo/JPEG_20221126_115848_1100722601330817875.jpg,9.42,https://mavuno-files.s3-eu-west-1.amazonaws.com/survey-images/30caf31d-f02e-4bec-85e9-f808003e8a79/q_box1_dry_weight_photo/JPEG_20221126_120601_7141810703693959654.jpg,9.29,https://mavuno-files.s3-eu-west-1.amazonaws.com/survey-images/30caf31d-f02e-4bec-85e9-f808003e8a79/q_box2_dry_weight_photo/JPEG_20221126_120809_5498759316091663445.jpg,2.355,2.3225,used box 1 and 11415,2.33875,have average yields,2022.0_53_Client_BY,4,1.010985336044502,0.2682466064808119,,,,,1.9306987524032593
549bebdc-8c13-4f58-8b2d-95c7381e8e44,Rice,2022.0,Nigeria,https://mavuno-files.s3-eu-west-1.amazonaws.com/survey-images/ce95c977-2194-4d7c-9fea-20273ddac7ad/q_wet_harvest_photo/JPEG_20221031_122018_502738422769057316.jpg,https://mavuno-files.s3-eu-west-1.amazonaws.com/survey-images/ce95c977-2194-4d7c-9fea-20273ddac7ad/q_harvest_bags_photo/JPEG_20221031_122100_8968398618268100697.jpg,,,https://mavuno-files.s3-eu-west-1.amazonaws.com/survey-images/82e80a76-ee7d-4beb-a2b9-a5b98ea56241/q_field_photo/JPEG_20221031_120302_7854227313560691098.jpg,7.7724637,8.9041921,0.0,,0.0,,0.0,,0.0,,0.0,0.0,used box 1 and 11439,0.0,have average yields,2022.0_102_Client_AU,1,-1.5158005983859422,-0.1942004812269616,,-0.119224727153778,,,
5507ad7e-7c14-4d7e-911f-e61754f68f03,Rice,2022.0,Nigeria,https://mavuno-files.s3-eu-west-1.amazonaws.com/survey-images/9cedadfd-fcd6-414f-b433-542d95087988/q_wet_harvest_photo/JPEG_20220719_163719_5888908739533520285.jpg,https://mavuno-files.s3-eu-west-1.amazonaws.com/survey-images/9cedadfd-fcd6-414f-b433-542d95087988/q_harvest_bags_photo/JPEG_20220719_163800_1544639248310534627.jpg,,,https://mavuno-files.s3-eu-west-1.amazonaws.com/survey-images/8bcfa337-7c78-4b58-8fab-f76a35c01cd0/q_field_photo/JPEG_20220716_124526_6098474438399469737.jpg,12.5953152,10.537875,2.09,https://mavuno-files.s3-eu-west-1.amazonaws.com/survey-images/9cedadfd-fcd6-414f-b433-542d95087988/q_box1_wet_weight_photo/JPEG_20220719_163459_6170559461210744806.jpg,1.805,https://mavuno-files.s3-eu-west-1.amazonaws.com/survey-images/9cedadfd-fcd6-414f-b433-542d95087988/q_box2_wet_weight_photo/JPEG_20220719_163615_4209539032710446155.jpg,2.07,https://mavuno-files.s3-eu-west-1.amazonaws.com/survey-images/db5f80f3-5708-473d-8505-5bbacf538267/q_box1_dry_weight_photo/JPEG_20220814_100301_4927909828613664430.jpg,1.78,https://mavuno-files.s3-eu-west-1.amazonaws.com/survey-images/db5f80f3-5708-473d-8505-5bbacf538267/q_box2_dry_weight_photo/JPEG_20220814_100656_337249743628233277.jpg,0.5175,0.445,used box 1 and 11492,0.48125,have average yields,2022.0_105_Client_BW,3,1.170090731395117,0.827738642123818,,,,0.30899578332901,
55f3761b-8bdd-41bc-802b-0e4666be18d1,Rice,2022.0,Nigeria,https://mavuno-files.s3-eu-west-1.amazonaws.com/survey-images/e684ffc2-b75d-423e-8182-12f07c977f80/q_wet_harvest_photo/JPEG_20221026_111625_4960747965660953881.jpg,https://mavuno-files.s3-eu-west-1.amazonaws.com/survey-images/e684ffc2-b75d-423e-8182-12f07c977f80/q_harvest_bags_photo/JPEG_20221026_111636_8394524338105849746.jpg,,,https://mavuno-files.s3-eu-west-1.amazonaws.com/survey-images/7784e67b-f1c5-4058-98fe-b5ea1b5f79a5/q_field_photo/JPEG_20221026_095636_1201147044020360982.jpg,11.90432181,7.916906364,14.53,https://mavuno-files.s3-eu-west-1.amazonaws.com/survey-images/e684ffc2-b75d-423e-8182-12f07c977f80/q_box1_wet_weight_photo/JPEG_20221026_111411_4925470764541609009.jpg,13.77,https://mavuno-files.s3-eu-west-1.amazonaws.com/survey-images/e684ffc2-b75d-423e-8182-12f07c977f80/q_box2_wet_weight_photo/JPEG_20221026_111513_4952251730939800678.jpg,11.96,https://mavuno-files.s3-eu-west-1.amazonaws.com/survey-images/d4ce3919-e2b2-4b1f-be97-90e26f4b27fe/q_box1_dry_weight_photo/JPEG_20221121_152333_6525674577672122452.jpg,10.68,https://mavuno-files.s3-eu-west-1.amazonaws.com/survey-images/d4ce3919-e2b2-4b1f-be97-90e26f4b27fe/q_box2_dry_weight_photo/JPEG_20221121_152425_9082682247783822944.jpg,2.99,2.67,used box 1 and 11604,2.83,have average yields,2022.0_74_Client_K,0,0.7852700179360732,-0.811790295960634,2.383537769317627,,,,
56542112-b1f9-4f8a-b32c-412b87fd9a0c,Rice,2022.0,Nigeria,https://mavuno-files.s3-eu-west-1.amazonaws.com/survey-images/c9b73ab1-6f9c-48a4-8815-7548e7c62e7c/q_wet_harvest_photo/JPEG_20221020_162235_8368488291451415429.jpg,https://mavuno-files.s3-eu-west-1.amazonaws.com/survey-images/c9b73ab1-6f9c-48a4-8815-7548e7c62e7c/q_harvest_bags_photo/JPEG_20221020_162317_6518155202073179583.jpg,,,https://mavuno-files.s3-eu-west-1.amazonaws.com/survey-images/947b49fe-3093-44eb-a644-cbe7cf8f2c95/q_field_photo/JPEG_20221020_153621_2485826091348214687.jpg,12.55539313,10.5687511,15.47,https://mavuno-files.s3-eu-west-1.amazonaws.com/survey-images/c9b73ab1-6f9c-48a4-8815-7548e7c62e7c/q_box1_wet_weight_photo/JPEG_20221020_161834_8021342587934272044.jpg,15.55,https://mavuno-files.s3-eu-west-1.amazonaws.com/survey-images/c9b73ab1-6f9c-48a4-8815-7548e7c62e7c/q_box2_wet_weight_photo/JPEG_20221020_162056_3130198224795593693.jpg,13.62,https://mavuno-files.s3-eu-west-1.amazonaws.com/survey-images/1a5b8306-7138-483f-aa62-81a724f71095/q_box1_dry_weight_photo/JPEG_20221024_102003_385922216167792414.jpg,13.36,https://mavuno-files.s3-eu-west-1.amazonaws.com/survey-images/1a5b8306-7138-483f-aa62-81a724f71095/q_box2_dry_weight_photo/JPEG_20221024_102119_3113087053550174758.jpg,3.405,3.34,used box 1 and 11659,3.3725,have average yields,2022.0_105_Client_K,1,1.1478577553891358,0.8470529745236316,,3.0550076961517334,,,
5658a650-1b5a-411b-9d7d-8553ce40a92e,Rice,2022.0,Nigeria,https://mavuno-files.s3-eu-west-1.amazonaws.com/survey-images/7e63c9f5-069a-4020-93c2-9b75858835b1/q_wet_harvest_photo/JPEG_20221028_175335_323930725589907083.jpg,https://mavuno-files.s3-eu-west-1.amazonaws.com/survey-images/7e63c9f5-069a-4020-93c2-9b75858835b1/q_harvest_bags_photo/JPEG_20221028_175414_7453976022442950543.jpg,,,https://mavuno-files.s3-eu-west-1.amazonaws.com/survey-images/412e6713-15e9-4c5d-82b7-4708d1694d29/q_field_photo/JPEG_20221028_173503_3198179286859179649.jpg,9.7789636,11.1372892,2.74,https://mavuno-files.s3-eu-west-1.amazonaws.com/survey-images/7e63c9f5-069a-4020-93c2-9b75858835b1/q_box1_wet_weight_photo/JPEG_20221028_174543_6985652360548699978.jpg,2.66,https://mavuno-files.s3-eu-west-1.amazonaws.com/survey-images/7e63c9f5-069a-4020-93c2-9b75858835b1/q_box2_wet_weight_photo/JPEG_20221028_175122_6755990587468021203.jpg,1.91,https://mavuno-files.s3-eu-west-1.amazonaws.com/survey-images/cf944f25-0762-40c8-82a4-8663fb981633/q_box1_dry_weight_photo/JPEG_20221030_163800_4280282059892377689.jpg,1.815,https://mavuno-files.s3-eu-west-1.amazonaws.com/survey-images/cf944f25-0762-40c8-82a4-8663fb981633/q_box2_dry_weight_photo/JPEG_20221030_164004_3361050116746156545.jpg,0.4775,0.45375,used box 1 and 11661,0.465625,have average yields,2022.0_52_Client_S,4,-0.3983619452122824,1.202698080134713,,,,,1.1487879753112793
565b6210-8144-4b1e-96a1-8a6b33014a73,Rice,2022.0,Nigeria,,,,,https://mavuno-files.s3-eu-west-1.amazonaws.com/survey-images/a5b88d95-0ac9-4913-ad16-e3a9a95a6e05/q_field_photo/JPEG_20221115_162957_1963656204.jpg,12.6313208,10.3690792,0.0,,0.0,,0.0,,0.0,,0.0,0.0,used box 1 and 11663,0.0,have average yields,2022.0_105_Client_BN,1,1.1901425884476435,0.722149588166472,,-0.2243719100952148,,,
566231d7-4ed1-4da3-a677-44cc71d5f221,Rice,2022.0,Nigeria,,,,,https://mavuno-files.s3-eu-west-1.amazonaws.com/survey-images/b4b05bb8-4832-4b4e-81da-c4d6763183b2/q_field_photo/JPEG_20221115_094327_516364989.jpg,12.6202425,10.3658189,0.0,,0.0,,0.0,,0.0,,0.0,0.0,used box 1 and 11668,0.0,have average yields,2022.0_105_Client_BN,4,1.183972979053966,0.7201101298824565,,,,,0.42232733964920044
56e673cf-5160-40a8-af88-6b18f85d5bb6,Rice,2022.0,Nigeria,https://mavuno-files.s3-eu-west-1.amazonaws.com/survey-images/39ee324a-ee5a-4f54-aa40-89919cccc042/q_wet_harvest_photo/JPEG_20221119_175559_3260217984149433542.jpg,https://mavuno-files.s3-eu-west-1.amazonaws.com/survey-images/39ee324a-ee5a-4f54-aa40-89919cccc042/q_harvest_bags_photo/JPEG_20221119_175632_6215892234298193803.jpg,,,https://mavuno-files.s3-eu-west-1.amazonaws.com/survey-images/b90472ca-f98a-4eb5-b03e-f02911cc9d6e/q_field_photo/JPEG_20221103_170606_6369388968245483485.jpg,8.5796627,8.5565055,7.835,https://mavuno-files.s3-eu-west-1.amazonaws.com/survey-images/39ee324a-ee5a-4f54-aa40-89919cccc042/q_box1_wet_weight_photo/JPEG_20221119_174549_6027902995348116781.jpg,5.495,https://mavuno-files.s3-eu-west-1.amazonaws.com/survey-images/39ee324a-ee5a-4f54-aa40-89919cccc042/q_box2_wet_weight_photo/JPEG_20221119_175222_6163729010804766094.jpg,3.16,https://mavuno-files.s3-eu-west-1.amazonaws.com/survey-images/6db7537e-aea3-44c7-8690-5282612eb9bc/q_box1_dry_weight_photo/JPEG_20221119_180429_1710742469829882579.jpg,2.955,https://mavuno-files.s3-eu-west-1.amazonaws.com/survey-images/6db7537e-aea3-44c7-8690-5282612eb9bc/q_box2_dry_weight_photo/JPEG_20221119_181048_3505074886969617437.jpg,0.79,0.73875,used box 1 and 11735,0.764375,have average yields,2022.0_169_Client_AU,4,-1.0662638885146265,-0.4116934470924992,,,,,1.9437907934188843
56ea26e0-8e10-448a-9b51-139097d7b6da,Rice,2022.0,Nigeria,,,,,https://mavuno-files.s3-eu-west-1.amazonaws.com/survey-images/34cad31d-7fa9-4c4d-a882-ec0cd8ad4824/q_field_photo/JPEG_20221023_145017_3144221939743003672.jpg,12.3132158,9.6492148,0.0,,0.0,,0.0,,0.0,,0.0,0.0,used box 1 and 11736,0.0,have average yields,2022.0_53_Client_BY,1,1.0129869241150384,0.2718433544001546,,0.5995676517486572,,,
5738782e-50c6-41ec-88c6-a42d20fe68d7,Rice,2022.0,Nigeria,https://mavuno-files.s3-eu-west-1.amazonaws.com/survey-images/90a03241-0195-43f7-80f3-4aa2076a2458/q_wet_harvest_photo/JPEG_20221114_104610_6611655753860627100.jpg,https://mavuno-files.s3-eu-west-1.amazonaws.com/survey-images/90a03241-0195-43f7-80f3-4aa2076a2458/q_harvest_bags_photo/JPEG_20221114_104948_8828657159540732571.jpg,,,https://mavuno-files.s3-eu-west-1.amazonaws.com/survey-images/f706486e-a85b-4e54-b753-4dca9d3bd929/q_field_photo/JPEG_20221031_123930_3050090469765433627.jpg,8.11474,9.1368983,5.9,https://mavuno-files.s3-eu-west-1.amazonaws.com/survey-images/90a03241-0195-43f7-80f3-4aa2076a2458/q_box1_wet_weight_photo/JPEG_20221114_103043_3336744053636549386.jpg,5.235,https://mavuno-files.s3-eu-west-1.amazonaws.com/survey-images/90a03241-0195-43f7-80f3-4aa2076a2458/q_box2_wet_weight_photo/JPEG_20221114_104045_8131360627419197627.jpg,5.6,https://mavuno-files.s3-eu-west-1.amazonaws.com/survey-images/697d1c81-97a2-4ad8-9a74-b838a90c0baa/q_box1_dry_weight_photo/JPEG_20221114_114922_3776493086087584943.jpg,4.68,https://mavuno-files.s3-eu-west-1.amazonaws.com/survey-images/697d1c81-97a2-4ad8-9a74-b838a90c0baa/q_box2_dry_weight_photo/JPEG_20221114_115301_5148098120294215433.jpg,1.4,1.17,used box 1 and 11776,1.285,have average yields,2022.0_173_Client_AU,3,-1.3251837099000456,-0.0486327152753855,,,,1.316150784492493,
577c37bf-0a58-4f5c-956e-19eebfc4551e,Rice,2022.0,Nigeria,https://mavuno-files.s3-eu-west-1.amazonaws.com/survey-images/b08ca7ac-8271-4ec2-848e-e983ea43ccc2/q_wet_harvest_photo/JPEG_20221022_084620_2865343625314375703.jpg,https://mavuno-files.s3-eu-west-1.amazonaws.com/survey-images/b08ca7ac-8271-4ec2-848e-e983ea43ccc2/q_harvest_bags_photo/JPEG_20221022_084636_519114861193896062.jpg,,,https://mavuno-files.s3-eu-west-1.amazonaws.com/survey-images/cde4f5d3-a59d-40bd-9e8e-3e5c08f74952/q_field_photo/JPEG_20221022_073734_4989166497866373359.jpg,10.78683012,10.0176812,16.17,https://mavuno-files.s3-eu-west-1.amazonaws.com/survey-images/b08ca7ac-8271-4ec2-848e-e983ea43ccc2/q_box1_wet_weight_photo/JPEG_20221022_084313_2900852348007986504.jpg,15.59,https://mavuno-files.s3-eu-west-1.amazonaws.com/survey-images/b08ca7ac-8271-4ec2-848e-e983ea43ccc2/q_box2_wet_weight_photo/JPEG_20221022_084448_2589096049196159869.jpg,13.13,https://mavuno-files.s3-eu-west-1.amazonaws.com/survey-images/791eea14-e7f4-4b3c-92df-bfd2597f7022/q_box1_dry_weight_photo/JPEG_20221107_111652_1231996736802670302.jpg,12.13,https://mavuno-files.s3-eu-west-1.amazonaws.com/survey-images/791eea14-e7f4-4b3c-92df-bfd2597f7022/q_box2_dry_weight_photo/JPEG_20221107_111756_3889393232153189212.jpg,3.2825,3.0325,used box 1 and 11824,3.1575,have average yields,2022.0_179_Client_K,4,0.1629283925981611,0.5023349815085846,,,,,2.192115545272827
577e7128-f6d0-4340-a0c5-65f544cea589,Rice,2022.0,Nigeria,,,,,https://mavuno-files.s3-eu-west-1.amazonaws.com/survey-images/18cc92ac-03bf-4800-bfb2-d398286f714b/q_field_photo/JPEG_20221115_084244_2106972434.jpg,12.6239226,10.3711498,0.0,,0.0,,0.0,,0.0,,0.0,0.0,used box 1 and 11826,0.0,have average yields,2022.0_105_Client_BN,3,1.1860224613328063,0.7234448377824225,,,,0.2189809828996658,
586f0287-9149-40f4-8a05-b145a3c53b16,Rice,2022.0,Nigeria,https://mavuno-files.s3-eu-west-1.amazonaws.com/survey-images/91385e34-c0b0-4849-b2fa-6ab1680e7380/q_wet_harvest_photo/JPEG_20221018_150749_8265977934778716518.jpg,https://mavuno-files.s3-eu-west-1.amazonaws.com/survey-images/91385e34-c0b0-4849-b2fa-6ab1680e7380/q_harvest_bags_photo/JPEG_20221018_150801_8401364852561772552.jpg,,,https://mavuno-files.s3-eu-west-1.amazonaws.com/survey-images/c830d167-d353-43d3-84bd-bfa2286dfc2f/q_field_photo/JPEG_20221018_135536_7559256891160738855.jpg,11.53984539,8.949448541,16.52,https://mavuno-files.s3-eu-west-1.amazonaws.com/survey-images/91385e34-c0b0-4849-b2fa-6ab1680e7380/q_box1_wet_weight_photo/JPEG_20221018_150543_2409384012057777435.jpg,15.3,https://mavuno-files.s3-eu-west-1.amazonaws.com/survey-images/91385e34-c0b0-4849-b2fa-6ab1680e7380/q_box2_wet_weight_photo/JPEG_20221018_150657_1353042903331491982.jpg,13.25,https://mavuno-files.s3-eu-west-1.amazonaws.com/survey-images/fe2f0999-35a6-4c4f-a0b7-af5a1b378da4/q_box1_dry_weight_photo/JPEG_20221104_101856_7667380678126832440.jpg,12.17,https://mavuno-files.s3-eu-west-1.amazonaws.com/survey-images/fe2f0999-35a6-4c4f-a0b7-af5a1b378da4/q_box2_dry_weight_photo/JPEG_20221104_101948_8660788190027549858.jpg,3.3125,3.0425,used box 1 and 11957,3.1775,have average yields,2022.0_201_Client_K,1,0.5822896739657805,-0.1658906252313351,,2.913026809692383,,,
58809357-da3b-4892-bfa4-4cb6959c5780,Rice,2022.0,Nigeria,https://mavuno-files.s3-eu-west-1.amazonaws.com/survey-images/e92b5c81-b3c5-48b6-90b7-d4240b1e63c7/q_wet_harvest_photo/JPEG_20221027_141217_6530277610412875479.jpg,https://mavuno-files.s3-eu-west-1.amazonaws.com/survey-images/e92b5c81-b3c5-48b6-90b7-d4240b1e63c7/q_harvest_bags_photo/JPEG_20221027_141228_5169395656979528095.jpg,,,https://mavuno-files.s3-eu-west-1.amazonaws.com/survey-images/005b4cf0-0a24-4b64-8068-7446cd651035/q_field_photo/JPEG_20221027_130006_6149643688735563694.jpg,11.89941292,7.933057286,14.41,https://mavuno-files.s3-eu-west-1.amazonaws.com/survey-images/e92b5c81-b3c5-48b6-90b7-d4240b1e63c7/q_box1_wet_weight_photo/JPEG_20221027_141034_1356816223047294427.jpg,15.14,https://mavuno-files.s3-eu-west-1.amazonaws.com/survey-images/e92b5c81-b3c5-48b6-90b7-d4240b1e63c7/q_box2_wet_weight_photo/JPEG_20221027_141123_5590879482672022796.jpg,12.13,https://mavuno-files.s3-eu-west-1.amazonaws.com/survey-images/1e9a08e5-c591-4427-9373-631114f092cb/q_box1_dry_weight_photo/JPEG_20221122_130535_1570349093345777326.jpg,13.36,https://mavuno-files.s3-eu-west-1.amazonaws.com/survey-images/1e9a08e5-c591-4427-9373-631114f092cb/q_box2_dry_weight_photo/JPEG_20221122_130917_7868774463559768208.jpg,3.0325,3.34,used box 1 and 11966,3.18625,have average yields,2022.0_74_Client_K,0,0.7825362109569755,-0.80168719757478,3.276295185089112,,,,
589f5a74-ecab-4ad7-ab39-597b6f793604,Rice,2022.0,Nigeria,https://mavuno-files.s3-eu-west-1.amazonaws.com/survey-images/1f7b9417-ec57-4940-99ab-504bdbb175eb/q_wet_harvest_photo/JPEG_20221128_131426_1234478952637259645.jpg,https://mavuno-files.s3-eu-west-1.amazonaws.com/survey-images/1f7b9417-ec57-4940-99ab-504bdbb175eb/q_harvest_bags_photo/JPEG_20221128_131433_7395449196710591997.jpg,,,https://mavuno-files.s3-eu-west-1.amazonaws.com/survey-images/7955276d-3fee-4c3e-a581-24ca2a030d99/q_field_photo/JPEG_20221022_122330_7372049400232185131.jpg,7.6037274,9.3284059,0.0,,0.0,,0.0,,0.0,,0.0,0.0,used box 1 and 11989,0.0,have average yields,2022.0_5_Client_AU,1,-1.6097714297891763,0.0711635492622498,,0.3893820345401764,,,
58bd639e-15c8-4531-86e3-89bb85d56283,Rice,2022.0,Nigeria,https://mavuno-files.s3-eu-west-1.amazonaws.com/survey-images/710db275-710a-4f4f-ad67-3aea09c43632/q_wet_harvest_photo/JPEG_20221112_114700_214447989717620557.jpg,https://mavuno-files.s3-eu-west-1.amazonaws.com/survey-images/710db275-710a-4f4f-ad67-3aea09c43632/q_harvest_bags_photo/JPEG_20221112_114751_7822377009874538679.jpg,,,https://mavuno-files.s3-eu-west-1.amazonaws.com/survey-images/5e7dc42c-0f8c-461f-81a8-941151bd4c65/q_field_photo/JPEG_20221112_112242_9054897721572822845.jpg,10.7112118,11.4836165,0.0,,0.0,,0.0,,0.0,,0.0,0.0,used box 1 and 12007,0.0,have average yields,2022.0_200_Client_S,2,0.1208158394621978,1.4193407452164388,,,0.065463475883007,,
58c24ad0-6a12-40e5-86b4-a1f10aeecee6,Rice,2022.0,Nigeria,https://mavuno-files.s3-eu-west-1.amazonaws.com/survey-images/4fc11c0b-5605-4b37-87ce-07835d9eb896/q_wet_harvest_photo/JPEG_20221020_161027_2980246547057712870.jpg,https://mavuno-files.s3-eu-west-1.amazonaws.com/survey-images/4fc11c0b-5605-4b37-87ce-07835d9eb896/q_harvest_bags_photo/JPEG_20221020_161045_3772964394747037643.jpg,,,https://mavuno-files.s3-eu-west-1.amazonaws.com/survey-images/efb2caf3-df44-4c27-ba9b-277b8b3b525c/q_field_photo/JPEG_20221020_150311_8164743206113918315.jpg,11.53471419,8.94398421,15.83,https://mavuno-files.s3-eu-west-1.amazonaws.com/survey-images/4fc11c0b-5605-4b37-87ce-07835d9eb896/q_box1_wet_weight_photo/JPEG_20221020_160811_7407771724034907884.jpg,14.94,https://mavuno-files.s3-eu-west-1.amazonaws.com/survey-images/4fc11c0b-5605-4b37-87ce-07835d9eb896/q_box2_wet_weight_photo/JPEG_20221020_160941_2065089666197841620.jpg,12.22,https://mavuno-files.s3-eu-west-1.amazonaws.com/survey-images/63bba65d-401a-4380-b6e1-3827e889e5fc/q_box1_dry_weight_photo/JPEG_20221113_112457_2650623585170320465.jpg,11.67,https://mavuno-files.s3-eu-west-1.amazonaws.com/survey-images/63bba65d-401a-4380-b6e1-3827e889e5fc/q_box2_dry_weight_photo/JPEG_20221113_112546_3434380995926610145.jpg,3.055,2.9175,used box 1 and 12010,2.98625,have average yields,2022.0_201_Client_K,0,0.5794320604582175,-0.1693087999773884,3.588714361190796,,,,
58e096c9-2402-4fdf-8ec0-49fce2d979b3,Rice,2022.0,Nigeria,https://mavuno-files.s3-eu-west-1.amazonaws.com/survey-images/56becd72-0381-4012-88b5-e5fbdc167161/q_wet_harvest_photo/JPEG_20221123_110534_8352577394816557171.jpg,https://mavuno-files.s3-eu-west-1.amazonaws.com/survey-images/56becd72-0381-4012-88b5-e5fbdc167161/q_harvest_bags_photo/JPEG_20221123_110622_5659592252540406528.jpg,,,https://mavuno-files.s3-eu-west-1.amazonaws.com/survey-images/030fa740-7a4e-49ab-8737-3e5c5224ed46/q_field_photo/JPEG_20221011_112826_4472756021532839004.jpg,8.1463458,8.2459539,1.56,https://mavuno-files.s3-eu-west-1.amazonaws.com/survey-images/56becd72-0381-4012-88b5-e5fbdc167161/q_box1_wet_weight_photo/JPEG_20221123_105600_9003979589008032620.jpg,2.02,https://mavuno-files.s3-eu-west-1.amazonaws.com/survey-images/56becd72-0381-4012-88b5-e5fbdc167161/q_box2_wet_weight_photo/JPEG_20221123_110254_2943504472940087760.jpg,0.99,https://mavuno-files.s3-eu-west-1.amazonaws.com/survey-images/5a4cace6-6779-41a0-98ca-41e1062f2973/q_box1_dry_weight_photo/JPEG_20221125_151824_8811344339580026087.jpg,1.3,https://mavuno-files.s3-eu-west-1.amazonaws.com/survey-images/5a4cace6-6779-41a0-98ca-41e1062f2973/q_box2_dry_weight_photo/JPEG_20221125_152124_6729133023590967583.jpg,0.2475,0.325,used box 1 and 12035,0.28625,have average yields,2022.0_101_Client_AU,1,-1.3075821428207364,-0.6059568686286995,,0.567436158657074,,,
58e77428-6a2e-46ff-8065-749b367a1333,Rice,2022.0,Nigeria,https://mavuno-files.s3-eu-west-1.amazonaws.com/survey-images/69e25a79-1bba-4360-b242-ab963f917766/q_wet_harvest_photo/JPEG_20221022_181403_355994769131806004.jpg,https://mavuno-files.s3-eu-west-1.amazonaws.com/survey-images/69e25a79-1bba-4360-b242-ab963f917766/q_harvest_bags_photo/JPEG_20221022_181459_7454618018614376958.jpg,,,https://mavuno-files.s3-eu-west-1.amazonaws.com/survey-images/e87d34c2-c10d-4cd8-9bbb-75f721f561ea/q_field_photo/JPEG_20221018_163057_9161581954153246227.jpg,12.26361528,10.345251,14.43,https://mavuno-files.s3-eu-west-1.amazonaws.com/survey-images/69e25a79-1bba-4360-b242-ab963f917766/q_box1_wet_weight_photo/JPEG_20221022_180632_3952143100899098090.jpg,15.64,https://mavuno-files.s3-eu-west-1.amazonaws.com/survey-images/69e25a79-1bba-4360-b242-ab963f917766/q_box2_wet_weight_photo/JPEG_20221022_181141_5443432077056174812.jpg,13.1,https://mavuno-files.s3-eu-west-1.amazonaws.com/survey-images/bdfc8f6c-c5d5-4ec5-b5ce-3d13e47cdd45/q_box1_dry_weight_photo/JPEG_20221029_144921_408255297616140700.jpg,14.24,https://mavuno-files.s3-eu-west-1.amazonaws.com/survey-images/bdfc8f6c-c5d5-4ec5-b5ce-3d13e47cdd45/q_box2_dry_weight_photo/JPEG_20221029_145051_7478451145606166087.jpg,3.275,3.56,used box 1 and 12040,3.4175,have average yields,2022.0_13_Client_K,4,0.9853639283374092,0.707244021229934,,,,,2.9231042861938477
59057279-aed7-443d-920d-e46b0a38b501,Rice,2022.0,Nigeria,https://mavuno-files.s3-eu-west-1.amazonaws.com/survey-images/781de955-020d-4a3f-b619-6c46e7d5a3f0/q_wet_harvest_photo/JPEG_20221129_101646_1231122452216488905.jpg,https://mavuno-files.s3-eu-west-1.amazonaws.com/survey-images/781de955-020d-4a3f-b619-6c46e7d5a3f0/q_harvest_bags_photo/JPEG_20221129_101655_7846253286017570943.jpg,,,https://mavuno-files.s3-eu-west-1.amazonaws.com/survey-images/48632389-83c7-4060-867e-f957f2f1be3c/q_field_photo/JPEG_20221027_121307_3132332375935318324.jpg,7.5785406,9.4136697,7.105,https://mavuno-files.s3-eu-west-1.amazonaws.com/survey-images/781de955-020d-4a3f-b619-6c46e7d5a3f0/q_box1_wet_weight_photo/JPEG_20221129_101312_1748783805221074066.jpg,7.02,https://mavuno-files.s3-eu-west-1.amazonaws.com/survey-images/781de955-020d-4a3f-b619-6c46e7d5a3f0/q_box2_wet_weight_photo/JPEG_20221129_101611_9032450535452523621.jpg,6.925,https://mavuno-files.s3-eu-west-1.amazonaws.com/survey-images/e07f518e-945c-4a78-ac2b-ea64bce99acb/q_box1_dry_weight_photo/JPEG_20221129_101907_7734693506027978347.jpg,6.925,https://mavuno-files.s3-eu-west-1.amazonaws.com/survey-images/e07f518e-945c-4a78-ac2b-ea64bce99acb/q_box2_dry_weight_photo/JPEG_20221129_102020_3576087310700158618.jpg,1.73125,1.73125,used box 1 and 12059,1.73125,have average yields,2022.0_5_Client_AU,3,-1.6237981954370364,0.1244997340417783,,,,0.706308126449585,
5a0d39d1-2f27-4bc1-85fb-b0f57d09e996,Rice,2022.0,Nigeria,https://mavuno-files.s3-eu-west-1.amazonaws.com/survey-images/ff62b8ae-145c-47d2-adcb-aaf929294849/q_wet_harvest_photo/JPEG_20221019_131854_2183759944019143879.jpg,https://mavuno-files.s3-eu-west-1.amazonaws.com/survey-images/ff62b8ae-145c-47d2-adcb-aaf929294849/q_harvest_bags_photo/JPEG_20221019_131912_6040453041207020283.jpg,,,https://mavuno-files.s3-eu-west-1.amazonaws.com/survey-images/69105a33-6917-406e-8017-685f052fd473/q_field_photo/JPEG_20221019_113534_1056790284463348125.jpg,10.89037727,10.10937788,15.37,https://mavuno-files.s3-eu-west-1.amazonaws.com/survey-images/ff62b8ae-145c-47d2-adcb-aaf929294849/q_box1_wet_weight_photo/JPEG_20221019_131618_7877760218260627347.jpg,16.28,https://mavuno-files.s3-eu-west-1.amazonaws.com/survey-images/ff62b8ae-145c-47d2-adcb-aaf929294849/q_box2_wet_weight_photo/JPEG_20221019_131731_8002881889900440098.jpg,12.27,https://mavuno-files.s3-eu-west-1.amazonaws.com/survey-images/7088861e-764a-4b50-b32c-18654a37e96a/q_box1_dry_weight_photo/JPEG_20221105_110954_1897206586009692124.jpg,13.0,https://mavuno-files.s3-eu-west-1.amazonaws.com/survey-images/7088861e-764a-4b50-b32c-18654a37e96a/q_box2_dry_weight_photo/JPEG_20221105_111128_603626062836772418.jpg,3.0675,3.25,used box 1 and 12212,3.15875,have average yields,2022.0_179_Client_K,2,0.2205947736610117,0.5596952102123172,,,2.9417879581451416,,
5a240e56-86a3-4078-8dc4-673fbb93ea2d,Rice,2022.0,Nigeria,https://mavuno-files.s3-eu-west-1.amazonaws.com/survey-images/4af08698-dbf6-499f-a412-e7ae9a8d9c24/q_wet_harvest_photo/JPEG_20221207_131337_3897338502988356054.jpg,https://mavuno-files.s3-eu-west-1.amazonaws.com/survey-images/4af08698-dbf6-499f-a412-e7ae9a8d9c24/q_harvest_bags_photo/JPEG_20221207_131433_4180238810583818399.jpg,,,https://mavuno-files.s3-eu-west-1.amazonaws.com/survey-images/e8b086bd-337c-4dd4-8398-0393cbe2986a/q_field_photo/JPEG_20221028_142232_4379751827733146594.jpg,9.716424,6.9126883,9.12,https://mavuno-files.s3-eu-west-1.amazonaws.com/survey-images/4af08698-dbf6-499f-a412-e7ae9a8d9c24/q_box1_wet_weight_photo/JPEG_20221207_130750_7461612371795686918.jpg,9.8,https://mavuno-files.s3-eu-west-1.amazonaws.com/survey-images/4af08698-dbf6-499f-a412-e7ae9a8d9c24/q_box2_wet_weight_photo/JPEG_20221207_131024_7866642651113160599.jpg,8.115,https://mavuno-files.s3-eu-west-1.amazonaws.com/survey-images/92bc953b-7339-4f24-8d4b-41ec34818e78/q_box1_dry_weight_photo/JPEG_20221208_144703_3176469280472647200.jpg,8.025,https://mavuno-files.s3-eu-west-1.amazonaws.com/survey-images/92bc953b-7339-4f24-8d4b-41ec34818e78/q_box2_dry_weight_photo/JPEG_20221208_144824_6787975328859789974.jpg,2.02875,2.00625,used box 1 and 12221,2.0175,have average yields,2022.0_17_Client_P,0,-0.4331908362548489,-1.4399720122393418,0.8861859440803528,,,,
5ac2ce8a-6e31-4a85-8d9b-2637011b136b,Rice,2022.0,Nigeria,https://mavuno-files.s3-eu-west-1.amazonaws.com/survey-images/90d5d872-b50e-4957-b43b-4c795c0b96b9/q_wet_harvest_photo/JPEG_20221117_110606_532835309321823156.jpg,https://mavuno-files.s3-eu-west-1.amazonaws.com/survey-images/90d5d872-b50e-4957-b43b-4c795c0b96b9/q_harvest_bags_photo/JPEG_20221117_110646_6609100665010654784.jpg,,,https://mavuno-files.s3-eu-west-1.amazonaws.com/survey-images/85aa056b-bfd9-46b5-85cb-4eb66e86ee87/q_field_photo/JPEG_20221105_125904_2224240135078224456.jpg,8.3643808,9.2456091,4.06,https://mavuno-files.s3-eu-west-1.amazonaws.com/survey-images/90d5d872-b50e-4957-b43b-4c795c0b96b9/q_box1_wet_weight_photo/JPEG_20221117_110131_5740131096482039463.jpg,3.185,https://mavuno-files.s3-eu-west-1.amazonaws.com/survey-images/90d5d872-b50e-4957-b43b-4c795c0b96b9/q_box2_wet_weight_photo/JPEG_20221117_110336_7128244925120872060.jpg,3.73,https://mavuno-files.s3-eu-west-1.amazonaws.com/survey-images/77ab2185-cb0b-48c4-b96e-a8be6c039ee3/q_box1_dry_weight_photo/JPEG_20221117_114311_4901540392461750925.jpg,3.0,https://mavuno-files.s3-eu-west-1.amazonaws.com/survey-images/77ab2185-cb0b-48c4-b96e-a8be6c039ee3/q_box2_dry_weight_photo/JPEG_20221117_114415_5687875111018208479.jpg,0.9325,0.75,used box 1 and 12297,0.84125,have average yields,2022.0_173_Client_AU,4,-1.1861564020346456,0.019370579397504,,,,,0.658635675907135
5adb7f35-11cf-42cf-aab7-3c93a64e66d8,Rice,2022.0,Nigeria,https://mavuno-files.s3-eu-west-1.amazonaws.com/survey-images/029518b3-f3e3-443d-8df7-a111eabf5289/q_wet_harvest_photo/JPEG_20221208_172735_4793119330523295465.jpg,https://mavuno-files.s3-eu-west-1.amazonaws.com/survey-images/029518b3-f3e3-443d-8df7-a111eabf5289/q_harvest_bags_photo/JPEG_20221208_172930_3070684112805563717.jpg,,,https://mavuno-files.s3-eu-west-1.amazonaws.com/survey-images/2b978c81-3819-44d6-9f75-cf4ed222168f/q_field_photo/JPEG_20221113_163446_3140546558659241708.jpg,9.7549075,6.7934913,8.34,https://mavuno-files.s3-eu-west-1.amazonaws.com/survey-images/029518b3-f3e3-443d-8df7-a111eabf5289/q_box1_wet_weight_photo/JPEG_20221208_172541_7307927238225687224.jpg,8.015,https://mavuno-files.s3-eu-west-1.amazonaws.com/survey-images/029518b3-f3e3-443d-8df7-a111eabf5289/q_box2_wet_weight_photo/JPEG_20221208_172643_4842817345049305717.jpg,7.555,https://mavuno-files.s3-eu-west-1.amazonaws.com/survey-images/4b927446-731e-4b9f-af97-28a0828c99db/q_box1_dry_weight_photo/JPEG_20221209_161618_8750767301452701116.jpg,7.36,https://mavuno-files.s3-eu-west-1.amazonaws.com/survey-images/4b927446-731e-4b9f-af97-28a0828c99db/q_box2_dry_weight_photo/JPEG_20221209_161805_4972835686108370828.jpg,1.88875,1.84,used box 1 and 12311,1.864375,have average yields,2022.0_17_Client_P,1,-0.4117590134028226,-1.514534877337607,,1.643543004989624,,,
5b155d4f-fd1d-44be-9a04-e5091899d679,Rice,2022.0,Nigeria,https://mavuno-files.s3-eu-west-1.amazonaws.com/survey-images/b3f0a439-7bc9-4a37-984a-a4e27473f737/q_wet_harvest_photo/JPEG_20221027_113546_8655798106635986615.jpg,https://mavuno-files.s3-eu-west-1.amazonaws.com/survey-images/b3f0a439-7bc9-4a37-984a-a4e27473f737/q_harvest_bags_photo/JPEG_20221027_113554_5063319254086890779.jpg,,,https://mavuno-files.s3-eu-west-1.amazonaws.com/survey-images/09adf488-67a0-43ad-bf61-2030c3600cb9/q_field_photo/JPEG_20221027_101332_6025827380854503131.jpg,11.8839449,7.912044525,15.5,https://mavuno-files.s3-eu-west-1.amazonaws.com/survey-images/b3f0a439-7bc9-4a37-984a-a4e27473f737/q_box1_wet_weight_photo/JPEG_20221027_113320_6708263342725185968.jpg,14.27,https://mavuno-files.s3-eu-west-1.amazonaws.com/survey-images/b3f0a439-7bc9-4a37-984a-a4e27473f737/q_box2_wet_weight_photo/JPEG_20221027_113426_8796132603590661563.jpg,13.19,https://mavuno-files.s3-eu-west-1.amazonaws.com/survey-images/b2c1b5d8-ea0b-4493-a5f5-a7213d70a7c4/q_box1_dry_weight_photo/JPEG_20221122_113317_640799244107755461.jpg,11.45,https://mavuno-files.s3-eu-west-1.amazonaws.com/survey-images/b2c1b5d8-ea0b-4493-a5f5-a7213d70a7c4/q_box2_dry_weight_photo/JPEG_20221122_113407_4468744285004318638.jpg,3.2975,2.8625,used box 1 and 12344,3.08,have average yields,2022.0_74_Client_K,2,0.77392192523682,-0.8148315859720143,,,2.7298054695129395,,
5b58fd58-5d60-4982-8f57-41efac39d9c6,Rice,2022.0,Nigeria,,,,,https://mavuno-files.s3-eu-west-1.amazonaws.com/survey-images/a069c107-f9f4-466b-a116-192f507d1a59/q_field_photo/JPEG_20220906_100626_1905709825.jpg,12.6409001,10.3090391,15.44,,15.12,,15.18,,15.06,,3.795,3.765,used box 1 and 12386,3.78,have average yields,2022.0_105_Client_BS,4,1.1954773906523917,0.6845919157687912,,,,,3.5279958248138428
5b5d3b3c-dd60-4f1a-b91a-7c260c6b61bb,Rice,2022.0,Nigeria,https://mavuno-files.s3-eu-west-1.amazonaws.com/survey-images/8e21c0cb-59c8-4660-991b-11e29e846e6f/q_wet_harvest_photo/JPEG_20221021_014323_2379247830177901920.jpg,https://mavuno-files.s3-eu-west-1.amazonaws.com/survey-images/8e21c0cb-59c8-4660-991b-11e29e846e6f/q_harvest_bags_photo/JPEG_20221021_014409_5558405605258524355.jpg,,,https://mavuno-files.s3-eu-west-1.amazonaws.com/survey-images/968e990d-990f-430b-86bf-c84d00ed9095/q_field_photo/JPEG_20221021_000848_5056622083836441788.jpg,12.52381795,10.54359399,14.46,https://mavuno-files.s3-eu-west-1.amazonaws.com/survey-images/8e21c0cb-59c8-4660-991b-11e29e846e6f/q_box1_wet_weight_photo/JPEG_20221021_013907_5182146626778169407.jpg,15.35,https://mavuno-files.s3-eu-west-1.amazonaws.com/survey-images/8e21c0cb-59c8-4660-991b-11e29e846e6f/q_box2_wet_weight_photo/JPEG_20221021_014144_7761644412627488614.jpg,12.46,https://mavuno-files.s3-eu-west-1.amazonaws.com/survey-images/cbc65e15-0a66-4d48-a869-bcb9d8ed8e71/q_box1_dry_weight_photo/JPEG_20221024_110203_2786164896569271157.jpg,12.84,https://mavuno-files.s3-eu-west-1.amazonaws.com/survey-images/cbc65e15-0a66-4d48-a869-bcb9d8ed8e71/q_box2_dry_weight_photo/JPEG_20221024_110329_5694657371293864097.jpg,3.115,3.21,used box 1 and 12387,3.1625,have average yields,2022.0_105_Client_K,4,1.1302732408756206,0.8313161170591631,,,,,3.007880926132202
5b664783-58bd-42a6-abc0-5c123542583a,Rice,2022.0,Nigeria,https://mavuno-files.s3-eu-west-1.amazonaws.com/survey-images/a9656d1c-b21e-40fe-9e13-11c32262ec11/q_wet_harvest_photo/JPEG_20221018_105949_7213158317864861881.jpg,https://mavuno-files.s3-eu-west-1.amazonaws.com/survey-images/a9656d1c-b21e-40fe-9e13-11c32262ec11/q_harvest_bags_photo/JPEG_20221018_110049_6989147736501263190.jpg,,,https://mavuno-files.s3-eu-west-1.amazonaws.com/survey-images/aff52424-986c-4455-af89-afa12ad49e6f/q_field_photo/JPEG_20221018_072501_3084782116265913318.jpg,12.55124477,10.55737015,15.32,https://mavuno-files.s3-eu-west-1.amazonaws.com/survey-images/a9656d1c-b21e-40fe-9e13-11c32262ec11/q_box1_wet_weight_photo/JPEG_20221018_105544_428315911958178525.jpg,15.43,https://mavuno-files.s3-eu-west-1.amazonaws.com/survey-images/a9656d1c-b21e-40fe-9e13-11c32262ec11/q_box2_wet_weight_photo/JPEG_20221018_105811_7010605132128899908.jpg,12.74,https://mavuno-files.s3-eu-west-1.amazonaws.com/survey-images/1de3a52a-f6fb-4b82-88a3-d9a6594d37d9/q_box1_dry_weight_photo/JPEG_20221023_071415_8475988825597886658.jpg,12.69,https://mavuno-files.s3-eu-west-1.amazonaws.com/survey-images/1de3a52a-f6fb-4b82-88a3-d9a6594d37d9/q_box2_dry_weight_photo/JPEG_20221023_071725_4285239641781052302.jpg,3.185,3.1725,used box 1 and 12395,3.17875,have average yields,2022.0_105_Client_K,2,1.1455474947151731,0.8399336993779478,,,2.7314531803131104,,
5b73e59d-1a6e-4b71-ab7b-86e9696f56ad,Rice,2022.0,Nigeria,,,,,https://mavuno-files.s3-eu-west-1.amazonaws.com/survey-images/63e8f509-565a-4944-a5d7-e3607d408a40/q_field_photo/JPEG_20221119_165449_994782756751110169.jpg,11.108697,9.297783002,17.43,,17.33,,12.28,https://mavuno-files.s3-eu-west-1.amazonaws.com/survey-images/1b8df743-a19a-429a-9e73-0ab0355fd583/q_box1_dry_weight_photo/JPEG_20221204_141818_4596616284656578909.jpg,12.42,https://mavuno-files.s3-eu-west-1.amazonaws.com/survey-images/1b8df743-a19a-429a-9e73-0ab0355fd583/q_box2_dry_weight_photo/JPEG_20221204_141907_6086032548181704105.jpg,3.07,3.105,used box 1 and 12400,3.0875,have average yields,2022.0_197_Client_K,1,0.3421790832602478,0.05200760563538,,2.7432358264923096,,,
5ba820ec-9795-4079-b1ce-171112427850,Rice,2022.0,Nigeria,https://mavuno-files.s3-eu-west-1.amazonaws.com/survey-images/4604fbf5-c9aa-4927-ae3a-e3f1a8bc5fb0/q_wet_harvest_photo/JPEG_20221128_091005_5878934812669696102.jpg,https://mavuno-files.s3-eu-west-1.amazonaws.com/survey-images/4604fbf5-c9aa-4927-ae3a-e3f1a8bc5fb0/q_harvest_bags_photo/JPEG_20221128_091042_5143609581222277388.jpg,,,https://mavuno-files.s3-eu-west-1.amazonaws.com/survey-images/969612b7-686d-43ce-84a1-f395c32251a6/q_field_photo/JPEG_20221019_105216_4424222851113046132.jpg,7.586081,9.3802001,2.01,https://mavuno-files.s3-eu-west-1.amazonaws.com/survey-images/4604fbf5-c9aa-4927-ae3a-e3f1a8bc5fb0/q_box1_wet_weight_photo/JPEG_20221128_090628_6063194368083581153.jpg,3.395,https://mavuno-files.s3-eu-west-1.amazonaws.com/survey-images/4604fbf5-c9aa-4927-ae3a-e3f1a8bc5fb0/q_box2_wet_weight_photo/JPEG_20221128_090908_3554428364356141255.jpg,1.94,https://mavuno-files.s3-eu-west-1.amazonaws.com/survey-images/373e37ea-8143-4d9d-88d1-a0b780445d1e/q_box1_dry_weight_photo/JPEG_20221128_091338_1051731375018510607.jpg,3.27,https://mavuno-files.s3-eu-west-1.amazonaws.com/survey-images/373e37ea-8143-4d9d-88d1-a0b780445d1e/q_box2_dry_weight_photo/JPEG_20221128_091439_6999476629321234350.jpg,0.485,0.8175,used box 1 and 12428,0.65125,have average yields,2022.0_5_Client_AU,2,-1.6195988758056772,0.1035630555205663,,,0.3118321299552917,,
5be8a330-b7ef-4b1d-ae3c-0763a0b29b36,Rice,2022.0,Nigeria,https://mavuno-files.s3-eu-west-1.amazonaws.com/survey-images/6f152ddf-ccbb-4e87-811f-7dc2f712cbf8/q_wet_harvest_photo/JPEG_20221031_132004_803976421152291118.jpg,https://mavuno-files.s3-eu-west-1.amazonaws.com/survey-images/6f152ddf-ccbb-4e87-811f-7dc2f712cbf8/q_harvest_bags_photo/JPEG_20221031_132047_8036987846227848606.jpg,,,https://mavuno-files.s3-eu-west-1.amazonaws.com/survey-images/460275dc-b9a8-4636-8ed3-e9326fd54389/q_field_photo/JPEG_20221031_130424_4159511377498086586.jpg,7.7720268,8.9045511,0.0,,0.0,,0.0,,0.0,,0.0,0.0,used box 1 and 12466,0.0,have average yields,2022.0_102_Client_AU,4,-1.5160439121023157,-0.1939759112413883,,,,,2.1874966621398926
5c691f8a-43cf-4777-a95d-1819d0fc0aa9,Rice,2022.0,Nigeria,https://mavuno-files.s3-eu-west-1.amazonaws.com/survey-images/dd842534-f70c-4e57-93d1-055207d7da9a/q_wet_harvest_photo/JPEG_20221026_155658_1673851899889054931.jpg,https://mavuno-files.s3-eu-west-1.amazonaws.com/survey-images/dd842534-f70c-4e57-93d1-055207d7da9a/q_harvest_bags_photo/JPEG_20221026_155709_3793493745846673667.jpg,,,https://mavuno-files.s3-eu-west-1.amazonaws.com/survey-images/2cf182b3-8c66-4073-8a91-178fccdb37a6/q_field_photo/JPEG_20221026_145337_3424977717549571478.jpg,11.89777879,7.918404713,15.25,https://mavuno-files.s3-eu-west-1.amazonaws.com/survey-images/dd842534-f70c-4e57-93d1-055207d7da9a/q_box1_wet_weight_photo/JPEG_20221026_155449_4690857663673541944.jpg,14.36,https://mavuno-files.s3-eu-west-1.amazonaws.com/survey-images/dd842534-f70c-4e57-93d1-055207d7da9a/q_box2_wet_weight_photo/JPEG_20221026_155550_3772126214300969164.jpg,13.19,https://mavuno-files.s3-eu-west-1.amazonaws.com/survey-images/202d0023-b51a-40b0-bbaf-b430fba5d159/q_box1_dry_weight_photo/JPEG_20221121_180543_2975160513374928046.jpg,11.21,https://mavuno-files.s3-eu-west-1.amazonaws.com/survey-images/202d0023-b51a-40b0-bbaf-b430fba5d159/q_box2_dry_weight_photo/JPEG_20221121_180628_3550738982485354873.jpg,3.2975,2.8025,used box 1 and 12534,3.05,have average yields,2022.0_74_Client_K,3,0.7816261486009743,-0.8108530140294014,,,,2.996429681777954,
5cf602b1-b1b2-45d2-bd11-0242ad8d01fb,Rice,2022.0,Nigeria,https://mavuno-files.s3-eu-west-1.amazonaws.com/survey-images/1ff378fc-1ac9-4371-ab79-a1e9d227894e/q_wet_harvest_photo/JPEG_20221207_121947_1135331380202101452.jpg,https://mavuno-files.s3-eu-west-1.amazonaws.com/survey-images/1ff378fc-1ac9-4371-ab79-a1e9d227894e/q_harvest_bags_photo/JPEG_20221207_122030_5122097066983788834.jpg,,,https://mavuno-files.s3-eu-west-1.amazonaws.com/survey-images/69219191-abfe-4048-98bc-ff6e1043c641/q_field_photo/JPEG_20221028_153144_280175542254012041.jpg,9.7010618,6.9803581,8.58,https://mavuno-files.s3-eu-west-1.amazonaws.com/survey-images/1ff378fc-1ac9-4371-ab79-a1e9d227894e/q_box1_wet_weight_photo/JPEG_20221207_121533_8337321089919806502.jpg,8.865,https://mavuno-files.s3-eu-west-1.amazonaws.com/survey-images/1ff378fc-1ac9-4371-ab79-a1e9d227894e/q_box2_wet_weight_photo/JPEG_20221207_121745_5814896494927178116.jpg,7.295,https://mavuno-files.s3-eu-west-1.amazonaws.com/survey-images/820ac4fb-d55a-4be1-b9cb-426a05efc248/q_box1_dry_weight_photo/JPEG_20221208_144047_8337291226322243132.jpg,7.125,https://mavuno-files.s3-eu-west-1.amazonaws.com/survey-images/820ac4fb-d55a-4be1-b9cb-426a05efc248/q_box2_dry_weight_photo/JPEG_20221208_144233_862239141492030995.jpg,1.82375,1.78125,used box 1 and 12603,1.8025,have average yields,2022.0_17_Client_P,4,-0.4417461898224143,-1.3976416333822683,,,,,2.0385959148406982
5de53888-e85a-424f-8b12-496403e6fcb5,Rice,2022.0,Nigeria,https://mavuno-files.s3-eu-west-1.amazonaws.com/survey-images/01468acc-b66c-4049-a005-e6a883cbf8da/q_wet_harvest_photo/JPEG_20221129_143939_5183337588199866752.jpg,https://mavuno-files.s3-eu-west-1.amazonaws.com/survey-images/01468acc-b66c-4049-a005-e6a883cbf8da/q_harvest_bags_photo/JPEG_20221129_144004_7601259037812407202.jpg,,,https://mavuno-files.s3-eu-west-1.amazonaws.com/survey-images/92295a8b-7714-4902-93da-31c1316d99c9/q_field_photo/JPEG_20221124_121254_5872721103358279826.jpg,8.5859481,8.8227433,8.77,https://mavuno-files.s3-eu-west-1.amazonaws.com/survey-images/01468acc-b66c-4049-a005-e6a883cbf8da/q_box1_wet_weight_photo/JPEG_20221129_143619_8115478718115987114.jpg,7.335,https://mavuno-files.s3-eu-west-1.amazonaws.com/survey-images/01468acc-b66c-4049-a005-e6a883cbf8da/q_box2_wet_weight_photo/JPEG_20221129_143840_335104087835985643.jpg,5.365,https://mavuno-files.s3-eu-west-1.amazonaws.com/survey-images/c3b52fbd-7c6c-43fd-815d-27d125728e45/q_box1_dry_weight_photo/JPEG_20221129_144306_3713755977467597928.jpg,3.66,https://mavuno-files.s3-eu-west-1.amazonaws.com/survey-images/c3b52fbd-7c6c-43fd-815d-27d125728e45/q_box2_dry_weight_photo/JPEG_20221129_144555_8269175094702944110.jpg,1.34125,0.915,used box 1 and 12703,1.128125,have average yields,2022.0_169_Client_AU,2,-1.062763490178869,-0.2451502189453227,,,1.7703099250793457,,
5f5b6e72-ba5b-49f5-9ff4-ec2e4fda9563,Rice,2022.0,Nigeria,https://mavuno-files.s3-eu-west-1.amazonaws.com/survey-images/33888845-df40-4495-9f9d-ae037bfcf746/q_wet_harvest_photo/JPEG_20221109_092808_1472107831534350729.jpg,https://mavuno-files.s3-eu-west-1.amazonaws.com/survey-images/33888845-df40-4495-9f9d-ae037bfcf746/q_harvest_bags_photo/JPEG_20221109_152048_5707752879597172886.jpg,,,https://mavuno-files.s3-eu-west-1.amazonaws.com/survey-images/01ded519-4dee-4dc3-a677-782d5eb4f2ad/q_field_photo/JPEG_20221109_093827_5912653149761821002.jpg,10.0123276,11.2114528,1.65,https://mavuno-files.s3-eu-west-1.amazonaws.com/survey-images/33888845-df40-4495-9f9d-ae037bfcf746/q_box1_wet_weight_photo/JPEG_20221109_092043_8205624808398145034.jpg,1.53,https://mavuno-files.s3-eu-west-1.amazonaws.com/survey-images/33888845-df40-4495-9f9d-ae037bfcf746/q_box2_wet_weight_photo/JPEG_20221109_092634_7905604075070944481.jpg,0.79,https://mavuno-files.s3-eu-west-1.amazonaws.com/survey-images/673612f7-8438-406a-91fa-3f3b358e7bea/q_box1_dry_weight_photo/JPEG_20221114_070135_5299129155497935624.jpg,0.81,https://mavuno-files.s3-eu-west-1.amazonaws.com/survey-images/673612f7-8438-406a-91fa-3f3b358e7bea/q_box2_dry_weight_photo/JPEG_20221114_070645_8776268951350137100.jpg,0.1975,0.2025,used box 1 and 12887,0.2,have average yields,2022.0_52_Client_S,3,-0.2683993402506686,1.2490906110037927,,,,0.9894279837608336,
5faba12d-2637-4d34-84f6-f02005ab1e0b,Rice,2022.0,Nigeria,https://mavuno-files.s3-eu-west-1.amazonaws.com/survey-images/a9888c69-20b7-42f2-876f-b29b3b8b06da/q_wet_harvest_photo/JPEG_20221111_101806_30673297879646838.jpg,https://mavuno-files.s3-eu-west-1.amazonaws.com/survey-images/a9888c69-20b7-42f2-876f-b29b3b8b06da/q_harvest_bags_photo/JPEG_20221111_101855_4998314930063614948.jpg,,,https://mavuno-files.s3-eu-west-1.amazonaws.com/survey-images/930a893f-762d-485b-898d-d60603d12e1d/q_field_photo/JPEG_20221029_133630_4197094547607534149.jpg,9.2637853,12.4734486,3.935,https://mavuno-files.s3-eu-west-1.amazonaws.com/survey-images/a9888c69-20b7-42f2-876f-b29b3b8b06da/q_box1_wet_weight_photo/JPEG_20221111_101233_6348322508177117100.jpg,3.815,https://mavuno-files.s3-eu-west-1.amazonaws.com/survey-images/a9888c69-20b7-42f2-876f-b29b3b8b06da/q_box2_wet_weight_photo/JPEG_20221111_101544_469052227387940164.jpg,3.245,https://mavuno-files.s3-eu-west-1.amazonaws.com/survey-images/b2fb3c86-8ad3-4fb6-aff4-cda1d070e182/q_box1_dry_weight_photo/JPEG_20221116_080435_2827077700354839901.jpg,2.985,https://mavuno-files.s3-eu-west-1.amazonaws.com/survey-images/b2fb3c86-8ad3-4fb6-aff4-cda1d070e182/q_box2_dry_weight_photo/JPEG_20221116_080703_3080460484793432720.jpg,0.81125,0.74625,used box 1 and 12930,0.77875,have average yields,2022.0_28_Client_S,3,-0.6852695825843531,2.038523420470284,,,,0.9972482323646544,
5fd80da3-2168-4255-a6fa-08fe8ec560da,Rice,2022.0,Nigeria,https://mavuno-files.s3-eu-west-1.amazonaws.com/survey-images/83171eb8-31b3-4d3f-8fc8-9ae77eb2227a/q_wet_harvest_photo/JPEG_20221021_151144_5027393827281459101.jpg,https://mavuno-files.s3-eu-west-1.amazonaws.com/survey-images/83171eb8-31b3-4d3f-8fc8-9ae77eb2227a/q_harvest_bags_photo/JPEG_20221021_151214_3777667793686118508.jpg,,,https://mavuno-files.s3-eu-west-1.amazonaws.com/survey-images/7bbe5a30-e526-419a-928a-c07b43062f03/q_field_photo/JPEG_20221021_135611_6105985918415070168.jpg,11.53771539,8.972735815,16.32,https://mavuno-files.s3-eu-west-1.amazonaws.com/survey-images/83171eb8-31b3-4d3f-8fc8-9ae77eb2227a/q_box1_wet_weight_photo/JPEG_20221021_150740_3959050856719320294.jpg,16.41,https://mavuno-files.s3-eu-west-1.amazonaws.com/survey-images/83171eb8-31b3-4d3f-8fc8-9ae77eb2227a/q_box2_wet_weight_photo/JPEG_20221021_150843_6775124256689948552.jpg,13.12,https://mavuno-files.s3-eu-west-1.amazonaws.com/survey-images/66dcdf7c-0844-4ebc-87dc-803e7fe81a0e/q_box1_dry_weight_photo/JPEG_20221120_114323_2177421205332565947.jpg,13.31,https://mavuno-files.s3-eu-west-1.amazonaws.com/survey-images/66dcdf7c-0844-4ebc-87dc-803e7fe81a0e/q_box2_dry_weight_photo/JPEG_20221120_114428_7266931106113571179.jpg,3.28,3.3275,used box 1 and 12954,3.30375,have average yields,2022.0_201_Client_K,2,0.5811034569461538,-0.1513234308408026,,,3.219776153564453,,
5fdf5902-ed3a-4336-945b-eba893b6d4dd,Rice,2022.0,Nigeria,https://mavuno-files.s3-eu-west-1.amazonaws.com/survey-images/c21472aa-b102-401d-b753-cdb2119d896a/q_wet_harvest_photo/JPEG_20221020_152051_319778718880443217.jpg,https://mavuno-files.s3-eu-west-1.amazonaws.com/survey-images/c21472aa-b102-401d-b753-cdb2119d896a/q_harvest_bags_photo/JPEG_20221020_152057_1798011492270757127.jpg,,,https://mavuno-files.s3-eu-west-1.amazonaws.com/survey-images/ae435e54-43a3-455c-a12a-5a45c84f65a7/q_field_photo/JPEG_20221020_135641_4291385840853675514.jpg,11.69022549,8.130458817,14.01,https://mavuno-files.s3-eu-west-1.amazonaws.com/survey-images/c21472aa-b102-401d-b753-cdb2119d896a/q_box1_wet_weight_photo/JPEG_20221020_151718_1285356274271052032.jpg,13.76,https://mavuno-files.s3-eu-west-1.amazonaws.com/survey-images/c21472aa-b102-401d-b753-cdb2119d896a/q_box2_wet_weight_photo/JPEG_20221020_151904_5495091609754070123.jpg,11.88,https://mavuno-files.s3-eu-west-1.amazonaws.com/survey-images/c030d157-5021-44cb-b14e-30346d6635c7/q_box1_dry_weight_photo/JPEG_20221126_073422_6791417775319762376.jpg,10.79,https://mavuno-files.s3-eu-west-1.amazonaws.com/survey-images/c030d157-5021-44cb-b14e-30346d6635c7/q_box2_dry_weight_photo/JPEG_20221126_073520_8244027380152751663.jpg,2.97,2.6975,used box 1 and 12956,2.83375,have average yields,2022.0_74_Client_K,3,0.6660377650611848,-0.6782040249601676,,,,3.071550846099853,
5fef182c-3e0a-4ac4-a0f3-6b2f78101abd,Rice,2022.0,Nigeria,https://mavuno-files.s3-eu-west-1.amazonaws.com/survey-images/ce0b3d3b-94c4-42ad-9388-c6d8aa25a219/q_wet_harvest_photo/JPEG_20221201_121030_6572411954093066188.jpg,https://mavuno-files.s3-eu-west-1.amazonaws.com/survey-images/ce0b3d3b-94c4-42ad-9388-c6d8aa25a219/q_harvest_bags_photo/JPEG_20221201_121132_7318353371942594632.jpg,,,https://mavuno-files.s3-eu-west-1.amazonaws.com/survey-images/058c7779-431e-45c5-a69a-8556a0bac015/q_field_photo/JPEG_20221016_111000_5344878135157357008.jpg,7.5896222,8.1519572,1.19,https://mavuno-files.s3-eu-west-1.amazonaws.com/survey-images/ce0b3d3b-94c4-42ad-9388-c6d8aa25a219/q_box1_wet_weight_photo/JPEG_20221201_120813_8111126721596400570.jpg,0.73,https://mavuno-files.s3-eu-west-1.amazonaws.com/survey-images/ce0b3d3b-94c4-42ad-9388-c6d8aa25a219/q_box2_wet_weight_photo/JPEG_20221201_120933_8126725011619155468.jpg,0.915,https://mavuno-files.s3-eu-west-1.amazonaws.com/survey-images/fd8c4866-2cce-4e58-8b35-c905f71f3c35/q_box1_dry_weight_photo/JPEG_20221201_121327_9132785635432654332.jpg,0.7,https://mavuno-files.s3-eu-west-1.amazonaws.com/survey-images/fd8c4866-2cce-4e58-8b35-c905f71f3c35/q_box2_dry_weight_photo/JPEG_20221201_121704_6689265780707702374.jpg,0.22875,0.175,used box 1 and 12968,0.201875,have average yields,2022.0_135_Client_AU,1,-1.6176267482423423,-0.6647558590544829,,0.7867064476013184,,,
605412fa-ac5e-4a06-9df2-0d5d28c847ef,Rice,2022.0,Nigeria,https://mavuno-files.s3-eu-west-1.amazonaws.com/survey-images/f1394d10-ba17-4332-850b-da35be8e3596/q_wet_harvest_photo/JPEG_20221209_164621_7396084666388385641.jpg,https://mavuno-files.s3-eu-west-1.amazonaws.com/survey-images/f1394d10-ba17-4332-850b-da35be8e3596/q_harvest_bags_photo/JPEG_20221209_164711_6149775263328425502.jpg,,,https://mavuno-files.s3-eu-west-1.amazonaws.com/survey-images/edffb33b-969b-4aa4-a1b3-c2bb1949d533/q_field_photo/JPEG_20221117_103128_8968714517782705473.jpg,11.9744717,8.8689017,7.48,https://mavuno-files.s3-eu-west-1.amazonaws.com/survey-images/f1394d10-ba17-4332-850b-da35be8e3596/q_box1_wet_weight_photo/JPEG_20221209_164125_1203722371305226749.jpg,7.85,https://mavuno-files.s3-eu-west-1.amazonaws.com/survey-images/f1394d10-ba17-4332-850b-da35be8e3596/q_box2_wet_weight_photo/JPEG_20221209_164428_8918011531280948860.jpg,6.425,https://mavuno-files.s3-eu-west-1.amazonaws.com/survey-images/4b686c25-ad27-40e0-9f8e-c06b17e91a63/q_box1_dry_weight_photo/JPEG_20221210_073836_2835605369844669907.jpg,6.01,https://mavuno-files.s3-eu-west-1.amazonaws.com/survey-images/4b686c25-ad27-40e0-9f8e-c06b17e91a63/q_box2_dry_weight_photo/JPEG_20221210_074250_7847135144720870595.jpg,1.60625,1.5025,used box 1 and 13027,1.554375,have average yields,2022.0_56_Client_P,1,0.8243371510078865,-0.2162761486889259,,2.032366991043091,,,
606a369b-0e64-4cc8-ae12-63894c436367,Rice,2022.0,Nigeria,,,,,https://mavuno-files.s3-eu-west-1.amazonaws.com/survey-images/b9f6da55-2f2f-4d3a-a318-e99534f65467/q_field_photo/JPEG_20220719_095330_147830081026421021.jpg,12.5912723,10.5397109,0.0,,0.0,,0.0,,0.0,,0.0,0.0,used box 1 and 13045,0.0,have average yields,2022.0_105_Client_BW,4,1.1678392023863613,0.8288870767659137,,,,,0.011314036324620247
607109c1-3153-40e6-881f-49224a35f285,Rice,2022.0,Nigeria,,,,,https://mavuno-files.s3-eu-west-1.amazonaws.com/survey-images/a9ea708a-dfad-4808-8bd9-831a315f54c7/q_field_photo/JPEG_20221020_100839_6990670789495537817.jpg,11.11036237,9.297897667,18.64,,19.36,,13.67,https://mavuno-files.s3-eu-west-1.amazonaws.com/survey-images/4282486c-a658-498a-97b2-0b6aa39f34a8/q_box1_dry_weight_photo/JPEG_20221205_072844_1650592137031529729.jpg,14.34,https://mavuno-files.s3-eu-west-1.amazonaws.com/survey-images/4282486c-a658-498a-97b2-0b6aa39f34a8/q_box2_dry_weight_photo/JPEG_20221205_072955_2977544794586745982.jpg,3.4175,3.585,used box 1 and 13049,3.50125,have average yields,2022.0_197_Client_K,3,0.3431065434658712,0.0520793335389902,,,,3.076533555984497,
60c74a70-b02b-4494-a65e-f267d68066b0,Rice,2022.0,Nigeria,https://mavuno-files.s3-eu-west-1.amazonaws.com/survey-images/46c1e5a2-3ca9-4ac2-9f58-395d57f489e3/q_wet_harvest_photo/JPEG_20221025_103126_4298168389721223533.jpg,https://mavuno-files.s3-eu-west-1.amazonaws.com/survey-images/46c1e5a2-3ca9-4ac2-9f58-395d57f489e3/q_harvest_bags_photo/JPEG_20221025_103231_8736554435215882135.jpg,,,https://mavuno-files.s3-eu-west-1.amazonaws.com/survey-images/774651b6-67e5-4f08-a0aa-ed5b3de94780/q_field_photo/JPEG_20221119_121124_8741017140973098972.jpg,11.10657268,9.29713726,17.2,https://mavuno-files.s3-eu-west-1.amazonaws.com/survey-images/46c1e5a2-3ca9-4ac2-9f58-395d57f489e3/q_box1_wet_weight_photo/JPEG_20221025_102600_3696693462746692320.jpg,17.88,https://mavuno-files.s3-eu-west-1.amazonaws.com/survey-images/46c1e5a2-3ca9-4ac2-9f58-395d57f489e3/q_box2_wet_weight_photo/JPEG_20221025_102922_2550117585688904712.jpg,12.48,https://mavuno-files.s3-eu-west-1.amazonaws.com/survey-images/b8c091ce-6cf1-4de9-b994-a24975a818e7/q_box1_dry_weight_photo/JPEG_20221203_112545_2612712024383487059.jpg,12.55,https://mavuno-files.s3-eu-west-1.amazonaws.com/survey-images/b8c091ce-6cf1-4de9-b994-a24975a818e7/q_box2_dry_weight_photo/JPEG_20221203_112713_8412499803899241067.jpg,3.12,3.1375,used box 1 and 13099,3.12875,have average yields,2022.0_197_Client_K,4,0.3409960294860064,0.0516036661601058,,,,,3.1115591526031494
60cb2fff-b852-486e-81e8-04a439f1002a,Rice,2022.0,Nigeria,https://mavuno-files.s3-eu-west-1.amazonaws.com/survey-images/d802c0a2-e70e-4cb2-9780-bddb3999688e/q_wet_harvest_photo/JPEG_20221217_112642_7081505237617180484.jpg,https://mavuno-files.s3-eu-west-1.amazonaws.com/survey-images/d802c0a2-e70e-4cb2-9780-bddb3999688e/q_harvest_bags_photo/JPEG_20221217_112657_3784431949011479108.jpg,,,https://mavuno-files.s3-eu-west-1.amazonaws.com/survey-images/df4a1928-7e7b-4980-90b1-0fc537de0b61/q_field_photo/JPEG_20221217_111840_2963186217386318020.jpg,7.82458,8.6762187,5.605,https://mavuno-files.s3-eu-west-1.amazonaws.com/survey-images/d802c0a2-e70e-4cb2-9780-bddb3999688e/q_box1_wet_weight_photo/JPEG_20221217_112336_1385142496625255.jpg,5.795,https://mavuno-files.s3-eu-west-1.amazonaws.com/survey-images/d802c0a2-e70e-4cb2-9780-bddb3999688e/q_box2_wet_weight_photo/JPEG_20221217_112615_1758066533171661566.jpg,5.135,https://mavuno-files.s3-eu-west-1.amazonaws.com/survey-images/664631dc-3dcb-4c24-9d60-e053b55d80fe/q_box1_dry_weight_photo/JPEG_20221217_112956_2190427373445365775.jpg,5.37,https://mavuno-files.s3-eu-west-1.amazonaws.com/survey-images/664631dc-3dcb-4c24-9d60-e053b55d80fe/q_box2_dry_weight_photo/JPEG_20221217_113043_8700003256950240918.jpg,1.28375,1.3425,used box 1 and 13102,1.313125,have average yields,2022.0_106_Client_AU,4,-1.486776541080784,-0.3368076766277926,,,,,0.9814267754554749
6128a286-8252-4719-9b42-8a5c203b41b0,Rice,2022.0,Nigeria,,,,,https://mavuno-files.s3-eu-west-1.amazonaws.com/survey-images/8978099d-f80a-4444-8046-9c003a811b35/q_field_photo/JPEG_20221115_151611_1504770590.jpg,12.6294404,10.3675762,0.0,,0.0,,0.0,,0.0,,0.0,0.0,used box 1 and 13162,0.0,have average yields,2022.0_105_Client_BN,3,1.1890953760139789,0.7212093968341176,,,,0.4453057646751404,
613c39fd-e379-4c96-b7f7-aee39ff4990e,Rice,2022.0,Nigeria,https://mavuno-files.s3-eu-west-1.amazonaws.com/survey-images/1135653b-0787-40ca-961e-50dbef700b6b/q_wet_harvest_photo/JPEG_20221126_140316_8082965826502987854.jpg,https://mavuno-files.s3-eu-west-1.amazonaws.com/survey-images/1135653b-0787-40ca-961e-50dbef700b6b/q_harvest_bags_photo/JPEG_20221126_140330_9128058237841977127.jpg,,,https://mavuno-files.s3-eu-west-1.amazonaws.com/survey-images/17755039-c373-4ee2-a082-821061b5a746/q_field_photo/JPEG_20221021_142511_2189916162183969130.jpg,7.6873051,9.3505431,2.685,https://mavuno-files.s3-eu-west-1.amazonaws.com/survey-images/1135653b-0787-40ca-961e-50dbef700b6b/q_box1_wet_weight_photo/JPEG_20221126_135932_4918495815112524250.jpg,3.315,https://mavuno-files.s3-eu-west-1.amazonaws.com/survey-images/1135653b-0787-40ca-961e-50dbef700b6b/q_box2_wet_weight_photo/JPEG_20221126_140218_823763766173116258.jpg,2.54,https://mavuno-files.s3-eu-west-1.amazonaws.com/survey-images/21caa79e-0913-4089-94b2-0ba6e4848364/q_box1_dry_weight_photo/JPEG_20221126_140615_8142190396764006327.jpg,3.125,https://mavuno-files.s3-eu-west-1.amazonaws.com/survey-images/21caa79e-0913-4089-94b2-0ba6e4848364/q_box2_dry_weight_photo/JPEG_20221126_140729_361571377366102197.jpg,0.635,0.78125,used box 1 and 13178,0.708125,have average yields,2022.0_5_Client_AU,1,-1.563226223121909,0.0850113227569961,,1.9182192087173464,,,
61757c0f-0d53-496a-835d-a134c48c5b2c,Rice,2022.0,Nigeria,https://mavuno-files.s3-eu-west-1.amazonaws.com/survey-images/abf173cc-2429-4bdd-9b3c-4d824a804b8e/q_wet_harvest_photo/JPEG_20220907_155537_2009217211.jpg,https://mavuno-files.s3-eu-west-1.amazonaws.com/survey-images/abf173cc-2429-4bdd-9b3c-4d824a804b8e/q_harvest_bags_photo/JPEG_20220907_155559_924212203.jpg,,,https://mavuno-files.s3-eu-west-1.amazonaws.com/survey-images/f109f3dd-0a23-4e01-88cc-1384130291e4/q_field_photo/JPEG_20220815_104052_8252505945930160097.jpg,12.6383231,10.3044772,15.88,https://mavuno-files.s3-eu-west-1.amazonaws.com/survey-images/abf173cc-2429-4bdd-9b3c-4d824a804b8e/q_box1_wet_weight_photo/JPEG_20220907_155248_2000135297.jpg,12.35,https://mavuno-files.s3-eu-west-1.amazonaws.com/survey-images/abf173cc-2429-4bdd-9b3c-4d824a804b8e/q_box2_wet_weight_photo/JPEG_20220907_155500_131391551.jpg,15.84,https://mavuno-files.s3-eu-west-1.amazonaws.com/survey-images/48410151-8243-4f38-ac31-ddac2336cffa/q_box1_dry_weight_photo/JPEG_20220908_131225_290554141.jpg,12.17,https://mavuno-files.s3-eu-west-1.amazonaws.com/survey-images/48410151-8243-4f38-ac31-ddac2336cffa/q_box2_dry_weight_photo/JPEG_20220908_131532_1896890768.jpg,3.96,3.0425,used box 1 and 13206,3.50125,have average yields,2022.0_105_Client_BS,0,1.1940422351314623,0.6817382505398691,4.273098945617676,,,,
62acea5b-be82-46ee-bc07-9d073551da4e,Rice,2022.0,Nigeria,https://mavuno-files.s3-eu-west-1.amazonaws.com/survey-images/366b086a-01a0-4a64-9014-7ae16171ed77/q_wet_harvest_photo/JPEG_20221125_162326_5463214415347946918.jpg,https://mavuno-files.s3-eu-west-1.amazonaws.com/survey-images/366b086a-01a0-4a64-9014-7ae16171ed77/q_harvest_bags_photo/JPEG_20221125_162341_5884690902216776497.jpg,,,https://mavuno-files.s3-eu-west-1.amazonaws.com/survey-images/0a55c033-82f4-4eac-9836-f1f8f77d1599/q_field_photo/JPEG_20221119_170520_791950853303630027.jpg,11.1378588,4.5758293,9.905,https://mavuno-files.s3-eu-west-1.amazonaws.com/survey-images/366b086a-01a0-4a64-9014-7ae16171ed77/q_box1_wet_weight_photo/JPEG_20221125_162001_3354981179491382004.jpg,9.75,https://mavuno-files.s3-eu-west-1.amazonaws.com/survey-images/366b086a-01a0-4a64-9014-7ae16171ed77/q_box2_wet_weight_photo/JPEG_20221125_162143_424451415835973953.jpg,9.695,https://mavuno-files.s3-eu-west-1.amazonaws.com/survey-images/7a29295a-b997-4b76-bb0b-f511c943a939/q_box1_dry_weight_photo/JPEG_20221128_132632_8212218103236899632.jpg,9.36,https://mavuno-files.s3-eu-west-1.amazonaws.com/survey-images/7a29295a-b997-4b76-bb0b-f511c943a939/q_box2_dry_weight_photo/JPEG_20221128_132802_6856713189712759568.jpg,2.42375,2.34,used box 1 and 13355,2.381875,have average yields,2022.0_129_Client_P,2,0.3584195637686796,-2.901778117851624,,,0.8207496404647827,,
62f7a675-7168-4ebd-9f00-9a15022fb834,Rice,2022.0,Nigeria,https://mavuno-files.s3-eu-west-1.amazonaws.com/survey-images/f4c28b7c-3446-4b68-80b5-0a255016e17d/q_wet_harvest_photo/JPEG_20221117_123620_9035208804789084230.jpg,https://mavuno-files.s3-eu-west-1.amazonaws.com/survey-images/f4c28b7c-3446-4b68-80b5-0a255016e17d/q_harvest_bags_photo/JPEG_20221117_123635_5427653633010449349.jpg,,,https://mavuno-files.s3-eu-west-1.amazonaws.com/survey-images/4b59f492-1633-4fae-b797-4b9cb851f4ec/q_field_photo/JPEG_20221024_111444_3264662222598167026.jpg,12.3074361,9.6518691,13.14,https://mavuno-files.s3-eu-west-1.amazonaws.com/survey-images/f4c28b7c-3446-4b68-80b5-0a255016e17d/q_box1_wet_weight_photo/JPEG_20221117_122603_6371082203300147234.jpg,14.29,https://mavuno-files.s3-eu-west-1.amazonaws.com/survey-images/f4c28b7c-3446-4b68-80b5-0a255016e17d/q_box2_wet_weight_photo/JPEG_20221117_123358_4106880009012260156.jpg,12.27,https://mavuno-files.s3-eu-west-1.amazonaws.com/survey-images/1e7ddfe7-2065-473e-9ede-dc169884b223/q_box1_dry_weight_photo/JPEG_20221126_141456_2932538154064321360.jpg,13.14,https://mavuno-files.s3-eu-west-1.amazonaws.com/survey-images/1e7ddfe7-2065-473e-9ede-dc169884b223/q_box2_dry_weight_photo/JPEG_20221126_141723_2385248600193687503.jpg,3.0675,3.285,used box 1 and 13393,3.17625,have average yields,2022.0_53_Client_BY,2,1.0097681548622974,0.2735037335441803,,,2.7515454292297363,,
632e5957-1324-48dc-a19b-0d265a4a7023,Rice,2022.0,Nigeria,https://mavuno-files.s3-eu-west-1.amazonaws.com/survey-images/eeb89820-524e-41b0-96f5-19a644ce1922/q_wet_harvest_photo/JPEG_20221122_145630_675050295696682803.jpg,https://mavuno-files.s3-eu-west-1.amazonaws.com/survey-images/eeb89820-524e-41b0-96f5-19a644ce1922/q_harvest_bags_photo/JPEG_20221122_145646_1632830275697628456.jpg,,,https://mavuno-files.s3-eu-west-1.amazonaws.com/survey-images/56ffb15a-dc6f-4bf0-956e-5f8c8458c5c3/q_field_photo/JPEG_20221122_134237_7983322798638408841.jpg,10.5228851,5.4769267,8.49,https://mavuno-files.s3-eu-west-1.amazonaws.com/survey-images/eeb89820-524e-41b0-96f5-19a644ce1922/q_box1_wet_weight_photo/JPEG_20221122_144225_8615237951984716880.jpg,8.125,https://mavuno-files.s3-eu-west-1.amazonaws.com/survey-images/eeb89820-524e-41b0-96f5-19a644ce1922/q_box2_wet_weight_photo/JPEG_20221122_145424_4286935884878144206.jpg,6.935,https://mavuno-files.s3-eu-west-1.amazonaws.com/survey-images/fb362b80-fd3f-4706-b29c-d497ae7fb184/q_box1_dry_weight_photo/JPEG_20221207_173343_7454410289025637353.jpg,6.265,https://mavuno-files.s3-eu-west-1.amazonaws.com/survey-images/fb362b80-fd3f-4706-b29c-d497ae7fb184/q_box2_dry_weight_photo/JPEG_20221207_173423_4779081732604646465.jpg,1.73375,1.56625,used box 1 and 13413,1.65,have average yields,2022.0_85_Client_P,0,0.0159349301710291,-2.338102825045617,1.295221209526062,,,,
63304162-990b-4639-847a-ea20ef0386e5,Rice,2022.0,Nigeria,,,,,https://mavuno-files.s3-eu-west-1.amazonaws.com/survey-images/84cb31e3-51b6-49b4-bb40-905f4050457e/q_field_photo/JPEG_20221004_162656_5934836491402200697.jpg,6.4802483,8.5688183,0.0,,0.0,,0.0,,0.0,,0.0,0.0,used box 1 and 13415,0.0,have average yields,2022.0_98_Client_AY,1,-2.2354475000310714,-0.4039912595761865,,0.1657266169786453,,,
633d6779-6cab-4493-8186-e7896bc8c463,Rice,2022.0,Nigeria,,,,,https://mavuno-files.s3-eu-west-1.amazonaws.com/survey-images/5923a480-dfea-495e-aeb8-403d82c91d25/q_field_photo/JPEG_20221030_181130_4271575212768860477.jpg,7.9219438,8.2917303,0.0,,0.0,,0.0,,0.0,,0.0,0.0,used box 1 and 13421,0.0,have average yields,2022.0_101_Client_AU,3,-1.4325537257495349,-0.577321755849987,,,,-0.0522391721606254,
634733de-471c-426e-9837-3c6ab8a5bcd2,Rice,2022.0,Nigeria,https://mavuno-files.s3-eu-west-1.amazonaws.com/survey-images/16d7e427-8c76-4765-a8ba-97e12e575ce2/q_wet_harvest_photo/JPEG_20221114_134241_1212798325229959693.jpg,https://mavuno-files.s3-eu-west-1.amazonaws.com/survey-images/16d7e427-8c76-4765-a8ba-97e12e575ce2/q_harvest_bags_photo/JPEG_20221114_134334_7013307885426832293.jpg,,,https://mavuno-files.s3-eu-west-1.amazonaws.com/survey-images/558db5a5-a247-4a4a-81e5-802737601c80/q_field_photo/JPEG_20221024_094538_6014061921656274128.jpg,8.5638155,8.4204683,6.54,https://mavuno-files.s3-eu-west-1.amazonaws.com/survey-images/16d7e427-8c76-4765-a8ba-97e12e575ce2/q_box1_wet_weight_photo/JPEG_20221114_133040_5407612677260843973.jpg,5.25,https://mavuno-files.s3-eu-west-1.amazonaws.com/survey-images/16d7e427-8c76-4765-a8ba-97e12e575ce2/q_box2_wet_weight_photo/JPEG_20221114_133851_8730169713081846538.jpg,3.72,https://mavuno-files.s3-eu-west-1.amazonaws.com/survey-images/18dc49cd-4a55-4873-a64d-a07aabc9c334/q_box1_dry_weight_photo/JPEG_20221114_135335_2204571351516321597.jpg,2.405,https://mavuno-files.s3-eu-west-1.amazonaws.com/survey-images/18dc49cd-4a55-4873-a64d-a07aabc9c334/q_box2_dry_weight_photo/JPEG_20221114_135714_1308820446509584414.jpg,0.93,0.60125,used box 1 and 13430,0.765625,have average yields,2022.0_169_Client_AU,4,-1.075089343140651,-0.4967905836978313,,,,,0.6133825182914734
6354b8a2-85f6-4610-af31-077b8343c720,Rice,2022.0,Nigeria,https://mavuno-files.s3-eu-west-1.amazonaws.com/survey-images/34f8c8c8-5ae2-4c71-a349-f918b6708a00/q_wet_harvest_photo/JPEG_20221018_114340_3806096965098377387.jpg,https://mavuno-files.s3-eu-west-1.amazonaws.com/survey-images/34f8c8c8-5ae2-4c71-a349-f918b6708a00/q_harvest_bags_photo/JPEG_20221018_114434_6193272753661407420.jpg,,,https://mavuno-files.s3-eu-west-1.amazonaws.com/survey-images/4c4742c4-9ba2-497c-8a79-87854968d276/q_field_photo/JPEG_20221018_112939_8893482312423714702.jpg,12.3165333,9.9319296,0.0,,0.0,,0.0,,0.0,,0.0,0.0,used box 1 and 13437,0.0,have average yields,2022.0_53_Client_BY,4,1.014834471045842,0.448693656787657,,,,,0.44867703318595886
63b251f9-52de-494e-a31a-0dda4abc2b6d,Rice,2022.0,Nigeria,https://mavuno-files.s3-eu-west-1.amazonaws.com/survey-images/554c9bc5-5201-4ebd-aa94-02429b4e1c42/q_wet_harvest_photo/JPEG_20221026_083644_6014798783709837843.jpg,https://mavuno-files.s3-eu-west-1.amazonaws.com/survey-images/554c9bc5-5201-4ebd-aa94-02429b4e1c42/q_harvest_bags_photo/JPEG_20221026_083653_7690609207289241702.jpg,,,https://mavuno-files.s3-eu-west-1.amazonaws.com/survey-images/fe5bdebd-2e70-4254-9819-050ddec7b7a6/q_field_photo/JPEG_20221026_072315_6605920000534965668.jpg,11.9069309,7.919640876,13.8,https://mavuno-files.s3-eu-west-1.amazonaws.com/survey-images/554c9bc5-5201-4ebd-aa94-02429b4e1c42/q_box1_wet_weight_photo/JPEG_20221026_083347_1307240483168094606.jpg,13.21,https://mavuno-files.s3-eu-west-1.amazonaws.com/survey-images/554c9bc5-5201-4ebd-aa94-02429b4e1c42/q_box2_wet_weight_photo/JPEG_20221026_083558_8708380261624054470.jpg,10.49,https://mavuno-files.s3-eu-west-1.amazonaws.com/survey-images/ee690944-7522-4249-9fa0-8297aef7efaa/q_box1_dry_weight_photo/JPEG_20221121_140832_8249680063694251198.jpg,10.08,https://mavuno-files.s3-eu-west-1.amazonaws.com/survey-images/ee690944-7522-4249-9fa0-8297aef7efaa/q_box2_dry_weight_photo/JPEG_20221121_140949_5832853054738948478.jpg,2.6225,2.52,used box 1 and 13476,2.57125,have average yields,2022.0_74_Client_K,1,0.7867230446796124,-0.8100797407506406,,2.773395776748657,,,
63d978f3-5bbd-4bdc-99dc-20903a59c97e,Rice,2022.0,Nigeria,,,,,https://mavuno-files.s3-eu-west-1.amazonaws.com/survey-images/9e8452eb-167c-48ac-bfbd-faf783f1519d/q_field_photo/JPEG_20221030_142334_4251002617390809553.jpg,7.915811,8.3011292,0.0,,0.0,,0.0,,0.0,,0.0,0.0,used box 1 and 13506,0.0,have average yields,2022.0_101_Client_AU,2,-1.4359691397110228,-0.5714423384756224,,,-0.0155850304290652,,
63eee7ea-e36b-44eb-9c03-6a324b13608a,Rice,2022.0,Nigeria,https://mavuno-files.s3-eu-west-1.amazonaws.com/survey-images/57b92bf7-ca86-4d8a-9899-03c0f48714e3/q_wet_harvest_photo/JPEG_20221121_121046_1595353228628891526.jpg,https://mavuno-files.s3-eu-west-1.amazonaws.com/survey-images/57b92bf7-ca86-4d8a-9899-03c0f48714e3/q_harvest_bags_photo/JPEG_20221121_121159_8910691502118693483.jpg,,,https://mavuno-files.s3-eu-west-1.amazonaws.com/survey-images/19150e2d-46a3-4cfb-b864-1b32d8574834/q_field_photo/JPEG_20221116_111134_564443978547075387.jpg,10.0108249,11.1832817,2.02,https://mavuno-files.s3-eu-west-1.amazonaws.com/survey-images/57b92bf7-ca86-4d8a-9899-03c0f48714e3/q_box1_wet_weight_photo/JPEG_20221121_120515_3422919380486286303.jpg,2.445,https://mavuno-files.s3-eu-west-1.amazonaws.com/survey-images/57b92bf7-ca86-4d8a-9899-03c0f48714e3/q_box2_wet_weight_photo/JPEG_20221121_120757_6419369006432918808.jpg,1.06,https://mavuno-files.s3-eu-west-1.amazonaws.com/survey-images/987bec39-3038-4de5-bd81-7ae020b858d8/q_box1_dry_weight_photo/JPEG_20221201_120018_791622344732584624.jpg,2.05,https://mavuno-files.s3-eu-west-1.amazonaws.com/survey-images/987bec39-3038-4de5-bd81-7ae020b858d8/q_box2_dry_weight_photo/JPEG_20221201_120228_3555294171942526786.jpg,0.265,0.5125,used box 1 and 13517,0.38875,have average yields,2022.0_52_Client_S,2,-0.2692362080043752,1.231468372784964,,,0.6815474629402161,,
6491facd-42e0-43dc-9e31-966a9022df0b,Rice,2022.0,Nigeria,https://mavuno-files.s3-eu-west-1.amazonaws.com/survey-images/9bee21f4-51bb-4052-9395-df9afda2ec4e/q_wet_harvest_photo/JPEG_20221209_085815_5128376554513224381.jpg,https://mavuno-files.s3-eu-west-1.amazonaws.com/survey-images/9bee21f4-51bb-4052-9395-df9afda2ec4e/q_harvest_bags_photo/JPEG_20221209_085934_8568376011805901745.jpg,,,https://mavuno-files.s3-eu-west-1.amazonaws.com/survey-images/3f3d8d60-c016-4efc-a288-314231af925a/q_field_photo/JPEG_20221117_085426_3207313252773440385.jpg,11.9735728,8.8688327,9.135,https://mavuno-files.s3-eu-west-1.amazonaws.com/survey-images/9bee21f4-51bb-4052-9395-df9afda2ec4e/q_box1_wet_weight_photo/JPEG_20221209_084851_1515532106452596852.jpg,8.53,https://mavuno-files.s3-eu-west-1.amazonaws.com/survey-images/9bee21f4-51bb-4052-9395-df9afda2ec4e/q_box2_wet_weight_photo/JPEG_20221209_085619_3508462056718309392.jpg,8.065,https://mavuno-files.s3-eu-west-1.amazonaws.com/survey-images/5e6aae5c-300f-4c0c-b3bf-898a78d01fc9/q_box1_dry_weight_photo/JPEG_20221210_072719_3484690592728955065.jpg,7.01,https://mavuno-files.s3-eu-west-1.amazonaws.com/survey-images/5e6aae5c-300f-4c0c-b3bf-898a78d01fc9/q_box2_dry_weight_photo/JPEG_20221210_073053_1133250888989036409.jpg,2.01625,1.7525,used box 1 and 13605,1.884375,have average yields,2022.0_56_Client_P,1,0.8238365451492273,-0.2163193111652614,,1.3795976638793943,,,
64bde78b-3888-45ef-9d7b-e9c5b476bbb8,Rice,2022.0,Nigeria,https://mavuno-files.s3-eu-west-1.amazonaws.com/survey-images/3756d76e-7d5d-4acf-9ad4-884f2bdff033/q_wet_harvest_photo/JPEG_20221208_114430_6269786770118952859.jpg,https://mavuno-files.s3-eu-west-1.amazonaws.com/survey-images/3756d76e-7d5d-4acf-9ad4-884f2bdff033/q_harvest_bags_photo/JPEG_20221208_114508_768262350779302030.jpg,,,https://mavuno-files.s3-eu-west-1.amazonaws.com/survey-images/1c6cc11e-839e-4b45-9108-5d0a6c71a464/q_field_photo/JPEG_20221021_122131_6013929610439719418.jpg,7.9550275,8.6240173,0.17,https://mavuno-files.s3-eu-west-1.amazonaws.com/survey-images/3756d76e-7d5d-4acf-9ad4-884f2bdff033/q_box1_wet_weight_photo/JPEG_20221208_113612_5663522089580659948.jpg,0.76,https://mavuno-files.s3-eu-west-1.amazonaws.com/survey-images/3756d76e-7d5d-4acf-9ad4-884f2bdff033/q_box2_wet_weight_photo/JPEG_20221208_114152_7252232209725622665.jpg,0.16,https://mavuno-files.s3-eu-west-1.amazonaws.com/survey-images/dfc9654b-b527-46b5-a811-5c18cf326af4/q_box1_dry_weight_photo/JPEG_20221208_114916_4375806736646361039.jpg,0.275,https://mavuno-files.s3-eu-west-1.amazonaws.com/survey-images/dfc9654b-b527-46b5-a811-5c18cf326af4/q_box2_dry_weight_photo/JPEG_20221208_115137_4197240249197735540.jpg,0.04,0.06875,used box 1 and 13630,0.054375,have average yields,2022.0_102_Client_AU,3,-1.414129102269613,-0.3694619040508028,,,,0.2592640817165375,
64f1a6f4-12b4-45ed-9de1-bdfb438b8af5,Rice,2022.0,Nigeria,https://mavuno-files.s3-eu-west-1.amazonaws.com/survey-images/d8155572-71d0-42d3-af2e-b01630ac8b4b/q_wet_harvest_photo/JPEG_20221126_124817_5378749111530470771.jpg,https://mavuno-files.s3-eu-west-1.amazonaws.com/survey-images/d8155572-71d0-42d3-af2e-b01630ac8b4b/q_harvest_bags_photo/JPEG_20221126_124832_1529492346604646955.jpg,,,https://mavuno-files.s3-eu-west-1.amazonaws.com/survey-images/dc2e3a87-0a3f-4ca6-9ba1-e8f039e262ba/q_field_photo/JPEG_20221021_124837_5053989455864769109.jpg,7.6858933,9.3451292,,,0.755,https://mavuno-files.s3-eu-west-1.amazonaws.com/survey-images/d8155572-71d0-42d3-af2e-b01630ac8b4b/q_box2_wet_weight_photo/JPEG_20221126_124730_8651394068538060775.jpg,0.0,https://mavuno-files.s3-eu-west-1.amazonaws.com/survey-images/fc36e151-4713-4a40-80a6-15fbb597c84f/q_box1_dry_weight_photo/JPEG_20221126_125025_9060112241139210924.jpg,0.7,https://mavuno-files.s3-eu-west-1.amazonaws.com/survey-images/fc36e151-4713-4a40-80a6-15fbb597c84f/q_box2_dry_weight_photo/JPEG_20221126_125120_7815230541371765308.jpg,0.0,0.175,used box 1 and 13661,0.0875,have average yields,2022.0_5_Client_AU,1,-1.564012467811256,0.0816246947768002,,1.1606106758117676,,,
650bb095-a187-472d-84a7-cf52094d3dc5,Rice,2022.0,Nigeria,https://mavuno-files.s3-eu-west-1.amazonaws.com/survey-images/4412949b-1573-4181-b4d5-a83a1a769387/q_wet_harvest_photo/JPEG_20221020_173730_3383904198242226994.jpg,https://mavuno-files.s3-eu-west-1.amazonaws.com/survey-images/4412949b-1573-4181-b4d5-a83a1a769387/q_harvest_bags_photo/JPEG_20221020_173736_2547670450971850417.jpg,,,https://mavuno-files.s3-eu-west-1.amazonaws.com/survey-images/82cf1f11-9d42-498f-acd1-5a2804b5f727/q_field_photo/JPEG_20221020_161343_6955870367544250853.jpg,11.68843088,8.115578927,15.07,https://mavuno-files.s3-eu-west-1.amazonaws.com/survey-images/4412949b-1573-4181-b4d5-a83a1a769387/q_box1_wet_weight_photo/JPEG_20221020_173536_46643540332827031.jpg,14.46,https://mavuno-files.s3-eu-west-1.amazonaws.com/survey-images/4412949b-1573-4181-b4d5-a83a1a769387/q_box2_wet_weight_photo/JPEG_20221020_173626_6159500214149620366.jpg,12.93,https://mavuno-files.s3-eu-west-1.amazonaws.com/survey-images/073a9211-d662-4cda-999f-69e22e547548/q_box1_dry_weight_photo/JPEG_20221126_085918_8149112568397876394.jpg,11.6,https://mavuno-files.s3-eu-west-1.amazonaws.com/survey-images/073a9211-d662-4cda-999f-69e22e547548/q_box2_dry_weight_photo/JPEG_20221126_090010_8337403030396253830.jpg,3.2325,2.9,used box 1 and 13677,3.06625,have average yields,2022.0_74_Client_K,3,0.6650383298848506,-0.6875120380036754,,,,2.209972620010376,
65548642-04cb-4992-a538-d61dde4f686b,Rice,2022.0,Nigeria,https://mavuno-files.s3-eu-west-1.amazonaws.com/survey-images/c68bb27b-5c83-44a5-bcaf-5c4175489a44/q_wet_harvest_photo/JPEG_20221031_132646_4085029217171874235.jpg,https://mavuno-files.s3-eu-west-1.amazonaws.com/survey-images/c68bb27b-5c83-44a5-bcaf-5c4175489a44/q_harvest_bags_photo/JPEG_20221031_132729_6601934539084161237.jpg,,,https://mavuno-files.s3-eu-west-1.amazonaws.com/survey-images/3ee0a422-1a50-4763-833a-c9df676fb25b/q_field_photo/JPEG_20221031_130522_6507706863153185466.jpg,9.226815,12.5072267,0.0,,0.0,,0.0,,0.0,,0.0,0.0,used box 1 and 13717,0.0,have average yields,2022.0_28_Client_S,3,-0.7058586901339854,2.0596530790487364,,,,0.0682026147842407,
656dccad-ae2a-4d64-a52c-081437f324a1,Rice,2022.0,Nigeria,https://mavuno-files.s3-eu-west-1.amazonaws.com/survey-images/2a67d30d-28ca-48a1-8172-b1cc195e0367/q_wet_harvest_photo/JPEG_20221119_092411_7154865697094804290.jpg,https://mavuno-files.s3-eu-west-1.amazonaws.com/survey-images/2a67d30d-28ca-48a1-8172-b1cc195e0367/q_harvest_bags_photo/JPEG_20221119_092452_7915176649816753852.jpg,,,https://mavuno-files.s3-eu-west-1.amazonaws.com/survey-images/992bee57-1c0e-459d-b619-74fc4469ab89/q_field_photo/JPEG_20221114_090916_7911332982904174305.jpg,10.0180988,11.1841533,1.605,https://mavuno-files.s3-eu-west-1.amazonaws.com/survey-images/2a67d30d-28ca-48a1-8172-b1cc195e0367/q_box1_wet_weight_photo/JPEG_20221119_091538_5928251715711855681.jpg,1.965,https://mavuno-files.s3-eu-west-1.amazonaws.com/survey-images/2a67d30d-28ca-48a1-8172-b1cc195e0367/q_box2_wet_weight_photo/JPEG_20221119_092143_4151601472576567786.jpg,0.93,https://mavuno-files.s3-eu-west-1.amazonaws.com/survey-images/3deaa64b-b785-4769-a2f0-be925a7edebe/q_box1_dry_weight_photo/JPEG_20221129_105903_7752958227091230186.jpg,1.02,https://mavuno-files.s3-eu-west-1.amazonaws.com/survey-images/3deaa64b-b785-4769-a2f0-be925a7edebe/q_box2_dry_weight_photo/JPEG_20221129_110202_6012320787734152525.jpg,0.2325,0.255,used box 1 and 13732,0.24375,have average yields,2022.0_52_Client_S,3,-0.2651853047278182,1.232013596181691,,,,0.3241088986396789,
65ccc603-b29b-4d3f-bcb7-a79f0bc90110,Rice,2022.0,Nigeria,https://mavuno-files.s3-eu-west-1.amazonaws.com/survey-images/ba01499a-7139-46a0-aa40-f8a92833611b/q_wet_harvest_photo/JPEG_20221129_144237_2420610555981347011.jpg,https://mavuno-files.s3-eu-west-1.amazonaws.com/survey-images/ba01499a-7139-46a0-aa40-f8a92833611b/q_harvest_bags_photo/JPEG_20221129_144245_4433194909366176313.jpg,,,https://mavuno-files.s3-eu-west-1.amazonaws.com/survey-images/6f9ed35c-d9a5-4db9-aefb-63d633e6145b/q_field_photo/JPEG_20221129_134736_5161483577197173722.jpg,10.5252462,5.4777789,7.775,https://mavuno-files.s3-eu-west-1.amazonaws.com/survey-images/ba01499a-7139-46a0-aa40-f8a92833611b/q_box1_wet_weight_photo/JPEG_20221129_143840_972315867056334318.jpg,7.9,https://mavuno-files.s3-eu-west-1.amazonaws.com/survey-images/ba01499a-7139-46a0-aa40-f8a92833611b/q_box2_wet_weight_photo/JPEG_20221129_144111_64032218724137590.jpg,6.1,https://mavuno-files.s3-eu-west-1.amazonaws.com/survey-images/35332b69-6c05-406e-a35e-a4d6be73a759/q_box1_dry_weight_photo/JPEG_20221207_174832_4806791212567069108.jpg,6.495,https://mavuno-files.s3-eu-west-1.amazonaws.com/survey-images/35332b69-6c05-406e-a35e-a4d6be73a759/q_box2_dry_weight_photo/JPEG_20221207_174907_5277472977364856627.jpg,1.525,1.62375,used box 1 and 13769,1.574375,have average yields,2022.0_85_Client_P,3,0.0172498489527386,-2.337569737185716,,,,1.5799119472503662,
661d32ad-4719-4c21-87b8-c51f40ffe25e,Rice,2022.0,Nigeria,https://mavuno-files.s3-eu-west-1.amazonaws.com/survey-images/347c11c0-324d-43dd-86b2-ca14fdd6a700/q_wet_harvest_photo/JPEG_20221126_175030_5167785470442767994.jpg,https://mavuno-files.s3-eu-west-1.amazonaws.com/survey-images/347c11c0-324d-43dd-86b2-ca14fdd6a700/q_harvest_bags_photo/JPEG_20221126_175051_2656382589760950249.jpg,,,https://mavuno-files.s3-eu-west-1.amazonaws.com/survey-images/4c132c26-ebd1-40c5-818a-a87973b26fb8/q_field_photo/JPEG_20221028_100337_5282038681302576901.jpg,7.7272051,9.3163566,10.93,https://mavuno-files.s3-eu-west-1.amazonaws.com/survey-images/347c11c0-324d-43dd-86b2-ca14fdd6a700/q_box1_wet_weight_photo/JPEG_20221126_174649_9156074025989538931.jpg,10.0,https://mavuno-files.s3-eu-west-1.amazonaws.com/survey-images/347c11c0-324d-43dd-86b2-ca14fdd6a700/q_box2_wet_weight_photo/JPEG_20221126_174925_2685289328567979370.jpg,10.81,https://mavuno-files.s3-eu-west-1.amazonaws.com/survey-images/20551bec-f63c-4da1-9191-ca81d950fa5f/q_box1_dry_weight_photo/JPEG_20221127_133434_4807381888238793346.jpg,9.965,https://mavuno-files.s3-eu-west-1.amazonaws.com/survey-images/20551bec-f63c-4da1-9191-ca81d950fa5f/q_box2_dry_weight_photo/JPEG_20221127_133637_1057759825871497487.jpg,2.7025,2.49125,used box 1 and 13823,2.596875,have average yields,2022.0_5_Client_AU,2,-1.5410055381063608,0.0636261923620889,,,1.986274242401123,,
6656c21a-5214-4e7c-8248-5386d2a6d989,Rice,2022.0,Nigeria,https://mavuno-files.s3-eu-west-1.amazonaws.com/survey-images/8829b6a4-047a-451f-b4ec-fc7157b2e059/q_wet_harvest_photo/JPEG_20221018_110504_6347666419847997232.jpg,https://mavuno-files.s3-eu-west-1.amazonaws.com/survey-images/8829b6a4-047a-451f-b4ec-fc7157b2e059/q_harvest_bags_photo/JPEG_20221018_110523_1074214963977998549.jpg,,,https://mavuno-files.s3-eu-west-1.amazonaws.com/survey-images/4c495f84-b819-4561-896b-1b9964778509/q_field_photo/JPEG_20221018_095129_2404639900832137669.jpg,11.71238697,8.126736246,13.71,https://mavuno-files.s3-eu-west-1.amazonaws.com/survey-images/8829b6a4-047a-451f-b4ec-fc7157b2e059/q_box1_wet_weight_photo/JPEG_20221018_110306_5813541120306092019.jpg,13.89,https://mavuno-files.s3-eu-west-1.amazonaws.com/survey-images/8829b6a4-047a-451f-b4ec-fc7157b2e059/q_box2_wet_weight_photo/JPEG_20221018_110414_8659426119802734339.jpg,11.33,https://mavuno-files.s3-eu-west-1.amazonaws.com/survey-images/59a8b4d8-eaa3-4ba7-99f7-6a25ceb8f2b2/q_box1_dry_weight_photo/JPEG_20221123_113950_7821485338875431254.jpg,11.54,https://mavuno-files.s3-eu-west-1.amazonaws.com/survey-images/59a8b4d8-eaa3-4ba7-99f7-6a25ceb8f2b2/q_box2_dry_weight_photo/JPEG_20221123_114021_387387858417490258.jpg,2.8325,2.885,used box 1 and 13849,2.85875,have average yields,2022.0_74_Client_K,0,0.6783797015664078,-0.6805326536948811,2.665203094482422,,,,
66be69dc-d032-49ab-a279-f5df389392bd,Rice,2022.0,Nigeria,https://mavuno-files.s3-eu-west-1.amazonaws.com/survey-images/22f088cd-f7f4-4c50-9a4b-8ac7aabb94a9/q_wet_harvest_photo/JPEG_20221122_142551_6539404346215590171.jpg,https://mavuno-files.s3-eu-west-1.amazonaws.com/survey-images/22f088cd-f7f4-4c50-9a4b-8ac7aabb94a9/q_harvest_bags_photo/JPEG_20221122_142626_2023892392876621168.jpg,,,https://mavuno-files.s3-eu-west-1.amazonaws.com/survey-images/5705aa8f-9eda-49ee-bd89-107889c33607/q_field_photo/JPEG_20221122_115910_2321288035431960142.jpg,10.5240324,5.4774526,7.22,https://mavuno-files.s3-eu-west-1.amazonaws.com/survey-images/22f088cd-f7f4-4c50-9a4b-8ac7aabb94a9/q_box1_wet_weight_photo/JPEG_20221122_141448_3191481534232529582.jpg,7.77,https://mavuno-files.s3-eu-west-1.amazonaws.com/survey-images/22f088cd-f7f4-4c50-9a4b-8ac7aabb94a9/q_box2_wet_weight_photo/JPEG_20221122_142240_5242735342028480277.jpg,6.065,https://mavuno-files.s3-eu-west-1.amazonaws.com/survey-images/c1adbb60-a5c2-4800-bc8a-aa1ef571aa00/q_box1_dry_weight_photo/JPEG_20221129_181408_7784733806555164076.jpg,6.395,https://mavuno-files.s3-eu-west-1.amazonaws.com/survey-images/c1adbb60-a5c2-4800-bc8a-aa1ef571aa00/q_box2_dry_weight_photo/JPEG_20221129_181523_8194451688990893227.jpg,1.51625,1.59875,used box 1 and 13897,1.5575,have average yields,2022.0_85_Client_P,4,0.0165738723243707,-2.3377738519107627,,,,,1.7315192222595215
67002922-e777-4a40-b2d8-fa9a715ea48f,Rice,2022.0,Nigeria,https://mavuno-files.s3-eu-west-1.amazonaws.com/survey-images/81f0afa4-469f-44e6-bc31-c302cdbc0a26/q_wet_harvest_photo/JPEG_20221021_031648_6696853124928264347.jpg,https://mavuno-files.s3-eu-west-1.amazonaws.com/survey-images/81f0afa4-469f-44e6-bc31-c302cdbc0a26/q_harvest_bags_photo/JPEG_20221021_031733_179013173931651338.jpg,,,https://mavuno-files.s3-eu-west-1.amazonaws.com/survey-images/1f128c8f-3d6d-4be9-9458-dcac127cf48b/q_field_photo/JPEG_20221021_025417_6298751838580246254.jpg,12.52033155,10.53658471,16.72,https://mavuno-files.s3-eu-west-1.amazonaws.com/survey-images/81f0afa4-469f-44e6-bc31-c302cdbc0a26/q_box1_wet_weight_photo/JPEG_20221021_031231_4869832392311524774.jpg,17.41,https://mavuno-files.s3-eu-west-1.amazonaws.com/survey-images/81f0afa4-469f-44e6-bc31-c302cdbc0a26/q_box2_wet_weight_photo/JPEG_20221021_031421_7844781212955727987.jpg,12.81,https://mavuno-files.s3-eu-west-1.amazonaws.com/survey-images/28cbc378-1dc3-49e7-bb96-b69ed432c32a/q_box1_dry_weight_photo/JPEG_20221026_070618_6529165399207919528.jpg,13.03,https://mavuno-files.s3-eu-west-1.amazonaws.com/survey-images/28cbc378-1dc3-49e7-bb96-b69ed432c32a/q_box2_dry_weight_photo/JPEG_20221026_070826_257739233249129944.jpg,3.2025,3.2575,used box 1 and 13928,3.23,have average yields,2022.0_105_Client_K,1,1.1283316319473449,0.8269315100717727,,3.0843043327331543,,,
68658f77-de95-479d-b42e-77aa1113f2a2,Rice,2022.0,Nigeria,https://mavuno-files.s3-eu-west-1.amazonaws.com/survey-images/cd0c9ef4-f56e-489e-abfb-6e39edc1b022/q_wet_harvest_photo/JPEG_20221111_094021_3071276502925701068.jpg,https://mavuno-files.s3-eu-west-1.amazonaws.com/survey-images/cd0c9ef4-f56e-489e-abfb-6e39edc1b022/q_harvest_bags_photo/JPEG_20221111_094108_1586322864412812313.jpg,,,https://mavuno-files.s3-eu-west-1.amazonaws.com/survey-images/ad6fdfe9-d82d-4d9d-a9ca-ddc15a9680b6/q_field_photo/JPEG_20221110_102954_5694306389564020336.jpg,10.0122345,11.2113583,0.185,https://mavuno-files.s3-eu-west-1.amazonaws.com/survey-images/cd0c9ef4-f56e-489e-abfb-6e39edc1b022/q_box1_wet_weight_photo/JPEG_20221111_092122_8851383777481951132.jpg,0.81,https://mavuno-files.s3-eu-west-1.amazonaws.com/survey-images/cd0c9ef4-f56e-489e-abfb-6e39edc1b022/q_box2_wet_weight_photo/JPEG_20221111_093451_4653876010922414815.jpg,0.15,https://mavuno-files.s3-eu-west-1.amazonaws.com/survey-images/20bb3439-ca54-4dc2-8e1b-2f77db304e8d/q_box1_dry_weight_photo/JPEG_20221115_151646_7101477625100910733.jpg,0.225,https://mavuno-files.s3-eu-west-1.amazonaws.com/survey-images/20bb3439-ca54-4dc2-8e1b-2f77db304e8d/q_box2_dry_weight_photo/JPEG_20221115_152023_6869918336881747268.jpg,0.0375,0.05625,used box 1 and 14130,0.046875,have average yields,2022.0_52_Client_S,3,-0.2684511885157054,1.2490314971775074,,,,0.7670065760612488,
68cbcf80-89c2-428c-ad8e-f855bc7953ca,Rice,2022.0,Nigeria,https://mavuno-files.s3-eu-west-1.amazonaws.com/survey-images/6b2813ac-4e36-4fbd-83b0-4b5b03026032/q_wet_harvest_photo/JPEG_20221017_085309_7958793574516286057.jpg,https://mavuno-files.s3-eu-west-1.amazonaws.com/survey-images/6b2813ac-4e36-4fbd-83b0-4b5b03026032/q_harvest_bags_photo/JPEG_20221017_085327_1831574596715825751.jpg,,,https://mavuno-files.s3-eu-west-1.amazonaws.com/survey-images/daf8e526-077b-4589-be6b-c6109f052a33/q_field_photo/JPEG_20221017_072721_3934359495474945777.jpg,10.8683995,10.16675334,16.31,https://mavuno-files.s3-eu-west-1.amazonaws.com/survey-images/6b2813ac-4e36-4fbd-83b0-4b5b03026032/q_box1_wet_weight_photo/JPEG_20221017_085038_5289642770382769490.jpg,15.66,https://mavuno-files.s3-eu-west-1.amazonaws.com/survey-images/6b2813ac-4e36-4fbd-83b0-4b5b03026032/q_box2_wet_weight_photo/JPEG_20221017_085137_6577335009040387793.jpg,13.98,https://mavuno-files.s3-eu-west-1.amazonaws.com/survey-images/2d693220-98e9-4ce9-a667-4e8bae703713/q_box1_dry_weight_photo/JPEG_20221103_073547_8859830860898840825.jpg,12.43,https://mavuno-files.s3-eu-west-1.amazonaws.com/survey-images/2d693220-98e9-4ce9-a667-4e8bae703713/q_box2_dry_weight_photo/JPEG_20221103_073717_5497923285356147470.jpg,3.495,3.1075,used box 1 and 14193,3.30125,have average yields,2022.0_179_Client_K,4,0.208355146981459,0.5955860353499538,,,,,2.9375672340393066
68dee6b2-6321-46ac-bc89-1aa9d00749ad,Rice,2022.0,Nigeria,https://mavuno-files.s3-eu-west-1.amazonaws.com/survey-images/914dfab2-4313-44f6-80cf-50644f476994/q_wet_harvest_photo/JPEG_20221124_132910_5343016354419697381.jpg,https://mavuno-files.s3-eu-west-1.amazonaws.com/survey-images/914dfab2-4313-44f6-80cf-50644f476994/q_harvest_bags_photo/JPEG_20221124_133456_1885389284387742707.jpg,,,https://mavuno-files.s3-eu-west-1.amazonaws.com/survey-images/584d484d-a601-471f-b1b7-4de83f8b0126/q_field_photo/JPEG_20221123_090856_3560447856948289650.jpg,10.5981967,8.1370079,8.72,https://mavuno-files.s3-eu-west-1.amazonaws.com/survey-images/914dfab2-4313-44f6-80cf-50644f476994/q_box1_wet_weight_photo/JPEG_20221124_132405_7356292519942625552.jpg,8.025,https://mavuno-files.s3-eu-west-1.amazonaws.com/survey-images/914dfab2-4313-44f6-80cf-50644f476994/q_box2_wet_weight_photo/JPEG_20221124_133231_7532261160190003199.jpg,8.715,https://mavuno-files.s3-eu-west-1.amazonaws.com/survey-images/b4ce7dac-511e-4721-b36a-1f40967ea662/q_box1_dry_weight_photo/JPEG_20221124_135032_4119316860508759647.jpg,8.025,https://mavuno-files.s3-eu-west-1.amazonaws.com/survey-images/b4ce7dac-511e-4721-b36a-1f40967ea662/q_box2_dry_weight_photo/JPEG_20221124_135250_8303048473412017422.jpg,2.17875,2.00625,used box 1 and 14206,2.0925,have average yields,2022.0_104_Client_AD,1,0.0578766680561665,-0.6741072910470118,,2.033801794052124,,,
6912baf7-7a39-4845-88c2-f86e2c11ed3e,Rice,2022.0,Nigeria,https://mavuno-files.s3-eu-west-1.amazonaws.com/survey-images/148196b3-97f7-4269-aab1-d521ce8e6a76/q_wet_harvest_photo/JPEG_20221115_142227_371853764597629725.jpg,https://mavuno-files.s3-eu-west-1.amazonaws.com/survey-images/148196b3-97f7-4269-aab1-d521ce8e6a76/q_harvest_bags_photo/JPEG_20221115_142645_5213698841555400084.jpg,,,https://mavuno-files.s3-eu-west-1.amazonaws.com/survey-images/c3373ed3-09fd-47b6-b3fd-ffdf6205eea2/q_field_photo/JPEG_20221115_130929_1317593948212976915.jpg,11.9806367,8.880255,4.85,https://mavuno-files.s3-eu-west-1.amazonaws.com/survey-images/148196b3-97f7-4269-aab1-d521ce8e6a76/q_box1_wet_weight_photo/JPEG_20221115_141004_5980895789298474581.jpg,4.94,https://mavuno-files.s3-eu-west-1.amazonaws.com/survey-images/148196b3-97f7-4269-aab1-d521ce8e6a76/q_box2_wet_weight_photo/JPEG_20221115_141638_7634610900729469680.jpg,4.07,https://mavuno-files.s3-eu-west-1.amazonaws.com/survey-images/34e76c25-74c2-4567-a72b-bae45efc2ea7/q_box1_dry_weight_photo/JPEG_20221116_082707_3742912316628981564.jpg,3.88,https://mavuno-files.s3-eu-west-1.amazonaws.com/survey-images/34e76c25-74c2-4567-a72b-bae45efc2ea7/q_box2_dry_weight_photo/JPEG_20221116_083053_3406542462506412208.jpg,1.0175,0.97,used box 1 and 14231,0.99375,have average yields,2022.0_56_Client_P,2,0.8277704974520178,-0.2091741698109331,,,1.9751276969909668,,
6913a08e-384f-4e27-906d-729c59b1efc4,Rice,2022.0,Nigeria,https://mavuno-files.s3-eu-west-1.amazonaws.com/survey-images/806d0a92-6f93-41b9-b46e-3f808bed882f/q_wet_harvest_photo/JPEG_20221018_090027_4166895580049456706.jpg,https://mavuno-files.s3-eu-west-1.amazonaws.com/survey-images/806d0a92-6f93-41b9-b46e-3f808bed882f/q_harvest_bags_photo/JPEG_20221018_090300_5313462144415568509.jpg,,,https://mavuno-files.s3-eu-west-1.amazonaws.com/survey-images/2209536b-1e10-481d-9a26-c6e100238a87/q_field_photo/JPEG_20221018_070611_4769316482073986824.jpg,11.37242853,9.537104778,16.09,https://mavuno-files.s3-eu-west-1.amazonaws.com/survey-images/806d0a92-6f93-41b9-b46e-3f808bed882f/q_box1_wet_weight_photo/JPEG_20221018_085652_5808991268151928957.jpg,15.15,https://mavuno-files.s3-eu-west-1.amazonaws.com/survey-images/806d0a92-6f93-41b9-b46e-3f808bed882f/q_box2_wet_weight_photo/JPEG_20221018_085832_6669500608185349115.jpg,14.41,https://mavuno-files.s3-eu-west-1.amazonaws.com/survey-images/9efb2dbc-0a2c-4a98-8e6c-a62ced2ae079/q_box1_dry_weight_photo/JPEG_20221029_085352_4466815435105253456.jpg,13.51,https://mavuno-files.s3-eu-west-1.amazonaws.com/survey-images/9efb2dbc-0a2c-4a98-8e6c-a62ced2ae079/q_box2_dry_weight_photo/JPEG_20221029_085528_6402391968707350899.jpg,3.6025,3.3775,used box 1 and 14232,3.49,have average yields,2022.0_7_Client_K,3,0.4890536510998125,0.2017136997398064,,,,2.88024640083313,
697d0dac-d7c8-43d0-9da2-dee9f0c58330,Rice,2022.0,Nigeria,https://mavuno-files.s3-eu-west-1.amazonaws.com/survey-images/57d2b5ff-f4b0-4152-914b-7b56bb78e2fa/q_wet_harvest_photo/JPEG_20221208_175207_7444225178982950732.jpg,https://mavuno-files.s3-eu-west-1.amazonaws.com/survey-images/57d2b5ff-f4b0-4152-914b-7b56bb78e2fa/q_harvest_bags_photo/JPEG_20221208_175230_2155659617049139726.jpg,,,https://mavuno-files.s3-eu-west-1.amazonaws.com/survey-images/e7ab6f98-eecb-4dfa-9dcb-e5a2360b39fc/q_field_photo/JPEG_20221208_125929_4438845887159650911.jpg,9.754002,6.79342,7.015,https://mavuno-files.s3-eu-west-1.amazonaws.com/survey-images/57d2b5ff-f4b0-4152-914b-7b56bb78e2fa/q_box1_wet_weight_photo/JPEG_20221208_175017_8535426671898263707.jpg,7.06,https://mavuno-files.s3-eu-west-1.amazonaws.com/survey-images/57d2b5ff-f4b0-4152-914b-7b56bb78e2fa/q_box2_wet_weight_photo/JPEG_20221208_175123_2934584472588131044.jpg,6.875,https://mavuno-files.s3-eu-west-1.amazonaws.com/survey-images/560da22d-e4e6-4f45-8619-c9ee476cccca/q_box1_dry_weight_photo/JPEG_20221209_162737_4239509812736423263.jpg,6.945,https://mavuno-files.s3-eu-west-1.amazonaws.com/survey-images/560da22d-e4e6-4f45-8619-c9ee476cccca/q_box2_dry_weight_photo/JPEG_20221209_162838_468622593400755372.jpg,1.71875,1.73625,used box 1 and 14278,1.7275,have average yields,2022.0_17_Client_P,1,-0.4122632948635138,-1.514579478563154,,0.9619277119636536,,,
6a496645-6594-47c6-a698-5510bdee12bc,Rice,2022.0,Nigeria,,,,,https://mavuno-files.s3-eu-west-1.amazonaws.com/survey-images/2115e370-c8ff-440b-bea0-f1bccee3c667/q_field_photo/JPEG_20220719_101752_4705482481134604493.jpg,12.5923774,10.5402859,0.0,,0.0,,0.0,,0.0,,0.0,0.0,used box 1 and 14394,0.0,have average yields,2022.0_105_Client_BW,3,1.1684546429630702,0.8292467640687116,,,,-0.1042526811361312,
6ab1cb1f-62d0-4e1f-99e6-af372a2ab062,Rice,2022.0,Nigeria,https://mavuno-files.s3-eu-west-1.amazonaws.com/survey-images/e507cb84-509a-476d-9f8e-cb60bf19aa0e/q_wet_harvest_photo/JPEG_20221026_142324_8343551135884060731.jpg,https://mavuno-files.s3-eu-west-1.amazonaws.com/survey-images/e507cb84-509a-476d-9f8e-cb60bf19aa0e/q_harvest_bags_photo/JPEG_20221026_142411_9103407230355641132.jpg,,,https://mavuno-files.s3-eu-west-1.amazonaws.com/survey-images/33aca4a7-b780-4b45-911e-6a612d431b8d/q_field_photo/JPEG_20221026_134539_1845576321000585260.jpg,10.8885221,11.5216038,0.0,,0.0,,0.0,,0.0,,0.0,0.0,used box 1 and 14442,0.0,have average yields,2022.0_200_Client_S,1,0.2195616120514802,1.4431034399599916,,0.1704214215278625,,,
6b0245a6-467c-46d9-b33c-d9cb1e148b55,Rice,2022.0,Nigeria,https://mavuno-files.s3-eu-west-1.amazonaws.com/survey-images/6981bfbc-6548-43b3-b2e3-7fcf0bedc8c7/q_wet_harvest_photo/JPEG_20220907_142458_1212249312.jpg,https://mavuno-files.s3-eu-west-1.amazonaws.com/survey-images/6981bfbc-6548-43b3-b2e3-7fcf0bedc8c7/q_harvest_bags_photo/JPEG_20220907_142539_538651729.jpg,,,https://mavuno-files.s3-eu-west-1.amazonaws.com/survey-images/61a5a586-de68-4de6-b704-c3088cd005ad/q_field_photo/JPEG_20220817_110251_1223782459.jpg,12.6391055,10.3091505,13.48,https://mavuno-files.s3-eu-west-1.amazonaws.com/survey-images/6981bfbc-6548-43b3-b2e3-7fcf0bedc8c7/q_box1_wet_weight_photo/JPEG_20220907_141914_688340997.jpg,13.03,https://mavuno-files.s3-eu-west-1.amazonaws.com/survey-images/6981bfbc-6548-43b3-b2e3-7fcf0bedc8c7/q_box2_wet_weight_photo/JPEG_20220907_142248_538163513.jpg,13.26,https://mavuno-files.s3-eu-west-1.amazonaws.com/survey-images/6beca186-0b0c-4517-939b-8c4123504f4e/q_box1_dry_weight_photo/JPEG_20220908_124049_650985304.jpg,12.94,https://mavuno-files.s3-eu-west-1.amazonaws.com/survey-images/6beca186-0b0c-4517-939b-8c4123504f4e/q_box2_dry_weight_photo/JPEG_20220908_124158_115365251.jpg,3.315,3.235,used box 1 and 14494,3.275,have average yields,2022.0_105_Client_BS,2,1.1944779610451508,0.6846616012740634,,,2.51521635055542,,
6b02d233-3052-4eb9-9617-1aa977e41b1e,Rice,2022.0,Nigeria,,,,,https://mavuno-files.s3-eu-west-1.amazonaws.com/survey-images/ecd0018a-7a70-4df9-a972-fe00f93fc481/q_field_photo/JPEG_20221012_170440_183485938789647606.jpg,7.7987967,8.6940583,0.0,,0.0,,0.0,https://mavuno-files.s3-eu-west-1.amazonaws.com/survey-images/0babe972-215c-413b-9db1-b6e8e53d288f/q_box1_dry_weight_photo/JPEG_20221201_112721_4211623804716690074.jpg,0.0,https://mavuno-files.s3-eu-west-1.amazonaws.com/survey-images/0babe972-215c-413b-9db1-b6e8e53d288f/q_box2_dry_weight_photo/JPEG_20221201_112743_5960907928949538401.jpg,0.0,0.0,used box 1 and 14495,0.0,have average yields,2022.0_102_Client_AU,4,-1.5011355031850795,-0.3256482373113079,,,,,0.03734029084444046
6b679048-a9f9-440a-af20-1805847070c6,Rice,2022.0,Nigeria,https://mavuno-files.s3-eu-west-1.amazonaws.com/survey-images/de717ec6-bacd-4c7f-943b-639b3db250ae/q_wet_harvest_photo/JPEG_20221018_152748_4875164816053835115.jpg,https://mavuno-files.s3-eu-west-1.amazonaws.com/survey-images/de717ec6-bacd-4c7f-943b-639b3db250ae/q_harvest_bags_photo/JPEG_20221018_152829_4820485155711866056.jpg,,,https://mavuno-files.s3-eu-west-1.amazonaws.com/survey-images/a405b738-9fe9-4586-b94f-983e6970846c/q_field_photo/JPEG_20221018_151417_155584779169540427.jpg,12.3301243,9.932307,0.0,,0.0,,0.0,,0.0,,0.0,0.0,used box 1 and 14551,0.0,have average yields,2022.0_53_Client_BY,2,1.0224034266861006,0.4489297367669187,,,0.3532504439353943,,
6bbefc33-c1ce-477c-ab2b-86e31715d165,Rice,2022.0,Nigeria,,,,,https://mavuno-files.s3-eu-west-1.amazonaws.com/survey-images/0e47c9bb-7a01-42bd-9760-103111548287/q_field_photo/JPEG_20220906_113806_1805591783.jpg,12.6399804,10.3103801,13.8,https://mavuno-files.s3-eu-west-1.amazonaws.com/survey-images/a0afd34b-1477-4e12-b192-a2c772340904/q_box1_wet_weight_photo/JPEG_20221019_131106_1493211429.jpg,12.18,https://mavuno-files.s3-eu-west-1.amazonaws.com/survey-images/a0afd34b-1477-4e12-b192-a2c772340904/q_box2_wet_weight_photo/JPEG_20221019_131418_44627268.jpg,13.75,,12.18,,3.4375,3.045,used box 1 and 14601,3.24125,have average yields,2022.0_105_Client_BS,2,1.1949652010782368,0.6854307691132275,,,2.9709701538085938,,
6c380dfc-6553-4f6f-bce9-29a1578cfa84,Rice,2022.0,Nigeria,,,,,https://mavuno-files.s3-eu-west-1.amazonaws.com/survey-images/3795fb1c-da84-40b4-b112-c1490e34e411/q_field_photo/JPEG_20221024_123017_92297262433024937.jpg,11.75583836,9.629396908,0.0,,0.0,,0.0,,0.0,,0.0,0.0,used box 1 and 14671,0.0,have average yields,2022.0_56_Client_K,3,0.7025781890520653,0.2594464081034532,,,,0.359243094921112,
6c699274-20c9-4b7a-a044-d32ad4a02cb6,Rice,2022.0,Nigeria,https://mavuno-files.s3-eu-west-1.amazonaws.com/survey-images/a959a0d7-a881-4f1b-aa34-5933c7f45653/q_wet_harvest_photo/JPEG_20221021_052659_8956646174228530142.jpg,https://mavuno-files.s3-eu-west-1.amazonaws.com/survey-images/a959a0d7-a881-4f1b-aa34-5933c7f45653/q_harvest_bags_photo/JPEG_20221021_052750_5782573786873421650.jpg,,,https://mavuno-files.s3-eu-west-1.amazonaws.com/survey-images/52dcfc3c-68d2-4031-afb1-6d7ff91574cf/q_field_photo/JPEG_20221021_042353_1992500823837052063.jpg,12.527485,10.550581,14.71,https://mavuno-files.s3-eu-west-1.amazonaws.com/survey-images/a959a0d7-a881-4f1b-aa34-5933c7f45653/q_box1_wet_weight_photo/JPEG_20221021_052204_2842126485246071816.jpg,15.46,https://mavuno-files.s3-eu-west-1.amazonaws.com/survey-images/a959a0d7-a881-4f1b-aa34-5933c7f45653/q_box2_wet_weight_photo/JPEG_20221021_052528_4636095599754862605.jpg,13.26,https://mavuno-files.s3-eu-west-1.amazonaws.com/survey-images/befee2d7-b543-4f65-9270-221176c66d16/q_box1_dry_weight_photo/JPEG_20221026_081532_5585377624590114223.jpg,13.34,https://mavuno-files.s3-eu-west-1.amazonaws.com/survey-images/befee2d7-b543-4f65-9270-221176c66d16/q_box2_dry_weight_photo/JPEG_20221026_081732_4140638251130717213.jpg,3.315,3.335,used box 1 and 14699,3.325,have average yields,2022.0_105_Client_K,4,1.1323154554868056,0.8356867932009301,,,,,2.8815834522247314
6ca6202a-d1a8-4060-b2fe-a402421c183a,Rice,2022.0,Nigeria,https://mavuno-files.s3-eu-west-1.amazonaws.com/survey-images/25cbf79c-c58e-406d-82e0-557d0965a9fd/q_wet_harvest_photo/JPEG_20221109_124337_8206505948305784949.jpg,https://mavuno-files.s3-eu-west-1.amazonaws.com/survey-images/25cbf79c-c58e-406d-82e0-557d0965a9fd/q_harvest_bags_photo/JPEG_20221109_124943_6019034019866297845.jpg,,,https://mavuno-files.s3-eu-west-1.amazonaws.com/survey-images/00b4c10f-6a96-4852-85dc-9689985c515f/q_field_photo/JPEG_20221109_113725_7647836820117608015.jpg,10.0124216,11.2114096,1.935,https://mavuno-files.s3-eu-west-1.amazonaws.com/survey-images/25cbf79c-c58e-406d-82e0-557d0965a9fd/q_box1_wet_weight_photo/JPEG_20221109_123726_8283612014871606076.jpg,1.235,https://mavuno-files.s3-eu-west-1.amazonaws.com/survey-images/25cbf79c-c58e-406d-82e0-557d0965a9fd/q_box2_wet_weight_photo/JPEG_20221109_124046_2222639205613495454.jpg,1.08,https://mavuno-files.s3-eu-west-1.amazonaws.com/survey-images/9f3989f2-1360-4f2a-a091-a85528f38d7c/q_box1_dry_weight_photo/JPEG_20221115_121453_3417864348519714763.jpg,0.105,https://mavuno-files.s3-eu-west-1.amazonaws.com/survey-images/9f3989f2-1360-4f2a-a091-a85528f38d7c/q_box2_dry_weight_photo/JPEG_20221115_121702_8388061456414548225.jpg,0.27,0.02625,used box 1 and 14720,0.148125,have average yields,2022.0_52_Client_S,4,-0.2683469907671739,1.2490635875403475,,,,,0.32205694913864136
6cadb6c0-7b3e-4d1b-8e1f-00eadb2b20d7,Rice,2022.0,Nigeria,https://mavuno-files.s3-eu-west-1.amazonaws.com/survey-images/a30447a0-9fe2-4076-8de5-12f48290f45e/q_wet_harvest_photo/JPEG_20221017_090353_905758169982678584.jpg,https://mavuno-files.s3-eu-west-1.amazonaws.com/survey-images/a30447a0-9fe2-4076-8de5-12f48290f45e/q_harvest_bags_photo/JPEG_20221017_090403_7091870164581877275.jpg,,,https://mavuno-files.s3-eu-west-1.amazonaws.com/survey-images/bbce9ec5-f763-473c-b169-0e85c66c5d53/q_field_photo/JPEG_20221017_071617_8378167541600194977.jpg,12.05807555,9.619828127,14.59,https://mavuno-files.s3-eu-west-1.amazonaws.com/survey-images/a30447a0-9fe2-4076-8de5-12f48290f45e/q_box1_wet_weight_photo/JPEG_20221017_090137_6429434609389921476.jpg,14.79,https://mavuno-files.s3-eu-west-1.amazonaws.com/survey-images/a30447a0-9fe2-4076-8de5-12f48290f45e/q_box2_wet_weight_photo/JPEG_20221017_090243_1891885857022211199.jpg,12.33,https://mavuno-files.s3-eu-west-1.amazonaws.com/survey-images/752c9fac-9636-4f2e-ad7b-a61192324786/q_box1_dry_weight_photo/JPEG_20221202_072846_5005748870017479865.jpg,12.66,https://mavuno-files.s3-eu-west-1.amazonaws.com/survey-images/752c9fac-9636-4f2e-ad7b-a61192324786/q_box2_dry_weight_photo/JPEG_20221202_073002_5356587648981461449.jpg,3.0825,3.165,used box 1 and 14726,3.12375,have average yields,2022.0_56_Client_K,0,0.8708969208559347,0.253460722835721,2.78379487991333,,,,
6ccefcca-7db0-411b-bcfd-ec722ebd69c0,Rice,2022.0,Nigeria,https://mavuno-files.s3-eu-west-1.amazonaws.com/survey-images/149ca494-6ea2-45a1-9248-6329b30cbaca/q_wet_harvest_photo/JPEG_20221018_081933_649347173748939352.jpg,https://mavuno-files.s3-eu-west-1.amazonaws.com/survey-images/149ca494-6ea2-45a1-9248-6329b30cbaca/q_harvest_bags_photo/JPEG_20221018_082036_6117074932168692196.jpg,,,https://mavuno-files.s3-eu-west-1.amazonaws.com/survey-images/309b2ee6-51d3-4bb3-886f-d84f1724e750/q_field_photo/JPEG_20221017_070619_6100237666258626421.jpg,12.553068,10.56154,15.14,https://mavuno-files.s3-eu-west-1.amazonaws.com/survey-images/149ca494-6ea2-45a1-9248-6329b30cbaca/q_box1_wet_weight_photo/JPEG_20221018_081420_5418985637080963213.jpg,15.51,https://mavuno-files.s3-eu-west-1.amazonaws.com/survey-images/149ca494-6ea2-45a1-9248-6329b30cbaca/q_box2_wet_weight_photo/JPEG_20221018_081724_4631222366804153102.jpg,12.88,https://mavuno-files.s3-eu-west-1.amazonaws.com/survey-images/fcfeaa57-c454-4cd5-81ac-796dc427448d/q_box1_dry_weight_photo/JPEG_20221021_104317_961404754312228354.jpg,12.83,https://mavuno-files.s3-eu-west-1.amazonaws.com/survey-images/fcfeaa57-c454-4cd5-81ac-796dc427448d/q_box2_dry_weight_photo/JPEG_20221021_104456_4468633970932171850.jpg,3.22,3.2075,used box 1 and 14745,3.21375,have average yields,2022.0_105_Client_K,2,1.1465628686385037,0.8425421204206756,,,2.7144222259521484,,
6cd250c1-3081-450d-8891-95002c604b40,Rice,2022.0,Nigeria,https://mavuno-files.s3-eu-west-1.amazonaws.com/survey-images/6d557110-7334-4a96-8cfe-59c727b7e292/q_wet_harvest_photo/JPEG_20221021_084428_1598190087013729575.jpg,https://mavuno-files.s3-eu-west-1.amazonaws.com/survey-images/6d557110-7334-4a96-8cfe-59c727b7e292/q_harvest_bags_photo/JPEG_20221021_084514_3299575397949001428.jpg,,,https://mavuno-files.s3-eu-west-1.amazonaws.com/survey-images/9ee712eb-d1ce-4db6-84d0-4fd67088d363/q_field_photo/JPEG_20221021_072910_1771436140824218754.jpg,11.54263499,8.950856701,14.65,https://mavuno-files.s3-eu-west-1.amazonaws.com/survey-images/6d557110-7334-4a96-8cfe-59c727b7e292/q_box1_wet_weight_photo/JPEG_20221021_084220_4028629159475313014.jpg,13.86,https://mavuno-files.s3-eu-west-1.amazonaws.com/survey-images/6d557110-7334-4a96-8cfe-59c727b7e292/q_box2_wet_weight_photo/JPEG_20221021_084344_7762509287188564980.jpg,11.76,https://mavuno-files.s3-eu-west-1.amazonaws.com/survey-images/3913b4c5-0e72-479e-8677-8b02abc594b3/q_box1_dry_weight_photo/JPEG_20221113_162702_3557826164616885461.jpg,10.82,https://mavuno-files.s3-eu-west-1.amazonaws.com/survey-images/3913b4c5-0e72-479e-8677-8b02abc594b3/q_box2_dry_weight_photo/JPEG_20221113_162738_2466097985147696369.jpg,2.94,2.705,used box 1 and 14748,2.8225,have average yields,2022.0_201_Client_K,3,0.5838432284249125,-0.1650097604099329,,,,3.0438690185546875,
6cd62909-33bb-425c-b56f-fae0a15f60c7,Rice,2022.0,Nigeria,https://mavuno-files.s3-eu-west-1.amazonaws.com/survey-images/ac9c1d2f-0a57-45cc-8b8c-35930fb1a00d/q_wet_harvest_photo/JPEG_20221207_120709_89787997767384180.jpg,https://mavuno-files.s3-eu-west-1.amazonaws.com/survey-images/ac9c1d2f-0a57-45cc-8b8c-35930fb1a00d/q_harvest_bags_photo/JPEG_20221207_120724_9076707086808559910.jpg,,,https://mavuno-files.s3-eu-west-1.amazonaws.com/survey-images/b54e4fff-8219-433f-ad2a-456043d9c0c1/q_field_photo/JPEG_20221204_101400_6880436180126793348.jpg,11.13509822,4.579285844,7.145,https://mavuno-files.s3-eu-west-1.amazonaws.com/survey-images/ac9c1d2f-0a57-45cc-8b8c-35930fb1a00d/q_box1_wet_weight_photo/JPEG_20221207_120357_6537030214433104499.jpg,6.435,https://mavuno-files.s3-eu-west-1.amazonaws.com/survey-images/ac9c1d2f-0a57-45cc-8b8c-35930fb1a00d/q_box2_wet_weight_photo/JPEG_20221207_120609_3678427957089142512.jpg,7.045,https://mavuno-files.s3-eu-west-1.amazonaws.com/survey-images/60cea91d-5aed-4a44-8831-e0ef55fed271/q_box1_dry_weight_photo/JPEG_20221209_172200_9071506949103264968.jpg,6.395,https://mavuno-files.s3-eu-west-1.amazonaws.com/survey-images/60cea91d-5aed-4a44-8831-e0ef55fed271/q_box2_dry_weight_photo/JPEG_20221209_172303_8328842524082023139.jpg,1.76125,1.59875,used box 1 and 14754,1.68,have average yields,2022.0_129_Client_P,1,0.3568821708203029,-2.899615900480564,,0.939875304698944,,,
6e1fcdca-944a-4889-bc08-45081e3f65a5,Rice,2022.0,Nigeria,https://mavuno-files.s3-eu-west-1.amazonaws.com/survey-images/fb56d340-6eef-4273-94b2-54ffbd9e8e43/q_wet_harvest_photo/JPEG_20221017_181840_110057247681578224.jpg,https://mavuno-files.s3-eu-west-1.amazonaws.com/survey-images/fb56d340-6eef-4273-94b2-54ffbd9e8e43/q_harvest_bags_photo/JPEG_20221017_181933_394973188144847942.jpg,,,https://mavuno-files.s3-eu-west-1.amazonaws.com/survey-images/7c2513ce-e789-4d5b-8afd-c74b20531356/q_field_photo/JPEG_20221017_172122_6064927998445444670.jpg,12.55508878,10.56562196,15.54,https://mavuno-files.s3-eu-west-1.amazonaws.com/survey-images/fb56d340-6eef-4273-94b2-54ffbd9e8e43/q_box1_wet_weight_photo/JPEG_20221017_181311_5068676880417523909.jpg,15.73,https://mavuno-files.s3-eu-west-1.amazonaws.com/survey-images/fb56d340-6eef-4273-94b2-54ffbd9e8e43/q_box2_wet_weight_photo/JPEG_20221017_181627_1024722970125897709.jpg,13.53,https://mavuno-files.s3-eu-west-1.amazonaws.com/survey-images/5bf16f32-5bb1-4dfa-ab66-2c734c2a0446/q_box1_dry_weight_photo/JPEG_20221021_103451_1142442733172441107.jpg,13.16,https://mavuno-files.s3-eu-west-1.amazonaws.com/survey-images/5bf16f32-5bb1-4dfa-ab66-2c734c2a0446/q_box2_dry_weight_photo/JPEG_20221021_103607_7626632015260713976.jpg,3.3825,3.29,used box 1 and 14912,3.33625,have average yields,2022.0_105_Client_K,1,1.1476882600135847,0.8450955624772409,,2.8726398944854736,,,
6e48d9b3-7972-4676-b022-759eb2174075,Rice,2022.0,Nigeria,,,,,https://mavuno-files.s3-eu-west-1.amazonaws.com/survey-images/212a649f-589e-4a0a-a2e6-d26c03809746/q_field_photo/JPEG_20221029_102408_8713414492889634611.jpg,9.2968249,12.4190457,0.0,,0.0,,0.0,,0.0,,0.0,0.0,used box 1 and 14941,0.0,have average yields,2022.0_28_Client_S,0,-0.6668695188089216,2.0044920598349125,-0.1379201561212539,,,,
6e955230-e755-4b21-87b2-1097bd835a27,Rice,2022.0,Nigeria,https://mavuno-files.s3-eu-west-1.amazonaws.com/survey-images/1ef07e57-6dbd-47ad-9b39-af00eb2a9a72/q_wet_harvest_photo/JPEG_20221129_124750_2043948610543028936.jpg,https://mavuno-files.s3-eu-west-1.amazonaws.com/survey-images/1ef07e57-6dbd-47ad-9b39-af00eb2a9a72/q_harvest_bags_photo/JPEG_20221129_124811_8522338459796133597.jpg,,,https://mavuno-files.s3-eu-west-1.amazonaws.com/survey-images/26ac4575-a0d1-45a4-91b4-997a6359fcbc/q_field_photo/JPEG_20221129_111232_3379667744135130497.jpg,10.5256322,5.4757461,8.025,https://mavuno-files.s3-eu-west-1.amazonaws.com/survey-images/1ef07e57-6dbd-47ad-9b39-af00eb2a9a72/q_box1_wet_weight_photo/JPEG_20221129_123804_7469935284166227940.jpg,8.3,https://mavuno-files.s3-eu-west-1.amazonaws.com/survey-images/1ef07e57-6dbd-47ad-9b39-af00eb2a9a72/q_box2_wet_weight_photo/JPEG_20221129_124531_1593478495530062990.jpg,7.21,https://mavuno-files.s3-eu-west-1.amazonaws.com/survey-images/4870e904-628d-413e-ab6d-49a30100da44/q_box1_dry_weight_photo/JPEG_20221207_174126_2587587363283155864.jpg,7.345,https://mavuno-files.s3-eu-west-1.amazonaws.com/survey-images/4870e904-628d-413e-ab6d-49a30100da44/q_box2_dry_weight_photo/JPEG_20221207_174219_2411510594849678245.jpg,1.8025,1.83625,used box 1 and 14984,1.819375,have average yields,2022.0_85_Client_P,0,0.017464815980709,-2.338841341271152,1.3162990808486938,,,,
71b7fdf4-130f-4df9-bafe-f485a51b4830,Rice,2022.0,Nigeria,https://mavuno-files.s3-eu-west-1.amazonaws.com/survey-images/afa7dca9-8f58-4785-a76d-100a53c9177a/q_wet_harvest_photo/JPEG_20221023_092355_825575085449933948.jpg,https://mavuno-files.s3-eu-west-1.amazonaws.com/survey-images/afa7dca9-8f58-4785-a76d-100a53c9177a/q_harvest_bags_photo/JPEG_20221023_092531_3999223220288550496.jpg,,,https://mavuno-files.s3-eu-west-1.amazonaws.com/survey-images/1fef829f-de94-4171-a0ea-c6326787cd84/q_field_photo/JPEG_20221118_110345_7656883650028468018.jpg,11.10445558,9.293329194,18.41,https://mavuno-files.s3-eu-west-1.amazonaws.com/survey-images/afa7dca9-8f58-4785-a76d-100a53c9177a/q_box1_wet_weight_photo/JPEG_20221023_091634_1787881870849982483.jpg,17.65,https://mavuno-files.s3-eu-west-1.amazonaws.com/survey-images/afa7dca9-8f58-4785-a76d-100a53c9177a/q_box2_wet_weight_photo/JPEG_20221023_092013_1553304343527477453.jpg,13.73,https://mavuno-files.s3-eu-west-1.amazonaws.com/survey-images/25ac887f-2cfd-4426-8b8f-fe9466c16dd9/q_box1_dry_weight_photo/JPEG_20221107_081645_3631111031706755864.jpg,12.9,https://mavuno-files.s3-eu-west-1.amazonaws.com/survey-images/25ac887f-2cfd-4426-8b8f-fe9466c16dd9/q_box2_dry_weight_photo/JPEG_20221107_081727_970248617634742771.jpg,3.4325,3.225,used box 1 and 15356,3.32875,have average yields,2022.0_197_Client_K,3,0.3398169965976253,0.0492215566150396,,,,1.950843453407288,
71e3230e-f0d0-47dc-9a33-d240b2503265,Rice,2022.0,Nigeria,https://mavuno-files.s3-eu-west-1.amazonaws.com/survey-images/0ccabaa6-8a95-4199-99cb-5bf57a484372/q_wet_harvest_photo/JPEG_20221022_154809_4252011893153776113.jpg,https://mavuno-files.s3-eu-west-1.amazonaws.com/survey-images/0ccabaa6-8a95-4199-99cb-5bf57a484372/q_harvest_bags_photo/JPEG_20221022_154822_1560881572143646206.jpg,,,https://mavuno-files.s3-eu-west-1.amazonaws.com/survey-images/a06a0084-bcb0-4ada-b443-c06dff332ca6/q_field_photo/JPEG_20221022_143132_397562685185078616.jpg,10.91902519,10.19233122,13.99,https://mavuno-files.s3-eu-west-1.amazonaws.com/survey-images/0ccabaa6-8a95-4199-99cb-5bf57a484372/q_box1_wet_weight_photo/JPEG_20221022_154514_2431232570472738374.jpg,14.82,https://mavuno-files.s3-eu-west-1.amazonaws.com/survey-images/0ccabaa6-8a95-4199-99cb-5bf57a484372/q_box2_wet_weight_photo/JPEG_20221022_154649_972283699895124890.jpg,10.98,https://mavuno-files.s3-eu-west-1.amazonaws.com/survey-images/863b3ab8-2897-4559-b82f-e18ec476ce08/q_box1_dry_weight_photo/JPEG_20221107_163111_2863527053789624655.jpg,11.74,https://mavuno-files.s3-eu-west-1.amazonaws.com/survey-images/863b3ab8-2897-4559-b82f-e18ec476ce08/q_box2_dry_weight_photo/JPEG_20221107_163236_4678276202585097400.jpg,2.745,2.935,used box 1 and 15377,2.84,have average yields,2022.0_179_Client_K,4,0.2365490695675432,0.611586102599462,,,,,3.5443155765533447
72337f98-393a-4369-8f70-ab39a98e6634,Rice,2022.0,Nigeria,https://mavuno-files.s3-eu-west-1.amazonaws.com/survey-images/f6c4df0d-0cec-4039-b1f2-4ce1a0d63053/q_wet_harvest_photo/JPEG_20221129_130312_5946963145931787759.jpg,https://mavuno-files.s3-eu-west-1.amazonaws.com/survey-images/f6c4df0d-0cec-4039-b1f2-4ce1a0d63053/q_harvest_bags_photo/JPEG_20221129_130342_2333781558029757525.jpg,,,https://mavuno-files.s3-eu-west-1.amazonaws.com/survey-images/b7f84052-8d72-473e-b0fd-0c6f10e38503/q_field_photo/JPEG_20221129_112420_3600244518411464556.jpg,10.5254936,5.4749301,7.755,https://mavuno-files.s3-eu-west-1.amazonaws.com/survey-images/f6c4df0d-0cec-4039-b1f2-4ce1a0d63053/q_box1_wet_weight_photo/JPEG_20221129_125452_4184296302057607429.jpg,8.115,https://mavuno-files.s3-eu-west-1.amazonaws.com/survey-images/f6c4df0d-0cec-4039-b1f2-4ce1a0d63053/q_box2_wet_weight_photo/JPEG_20221129_130216_2603654959296594020.jpg,6.295,https://mavuno-files.s3-eu-west-1.amazonaws.com/survey-images/c772ec78-a6e3-4244-8d22-a41aff1d2fdb/q_box1_dry_weight_photo/JPEG_20221207_174357_8556586708185301140.jpg,7.345,https://mavuno-files.s3-eu-west-1.amazonaws.com/survey-images/c772ec78-a6e3-4244-8d22-a41aff1d2fdb/q_box2_dry_weight_photo/JPEG_20221207_174443_7908850871662333841.jpg,1.57375,1.83625,used box 1 and 15422,1.705,have average yields,2022.0_85_Client_P,3,0.0173876283380236,-2.339351784469556,,,,2.75128173828125,
7260630a-e51a-4ed0-99d0-3347ea27c189,Rice,2022.0,Nigeria,https://mavuno-files.s3-eu-west-1.amazonaws.com/survey-images/8a70fe6c-563f-4aaf-bfc4-1a1cd90d5a9b/q_wet_harvest_photo/JPEG_20221017_005145_793548766944013301.jpg,https://mavuno-files.s3-eu-west-1.amazonaws.com/survey-images/8a70fe6c-563f-4aaf-bfc4-1a1cd90d5a9b/q_harvest_bags_photo/JPEG_20221017_005233_4290558927246232834.jpg,,,https://mavuno-files.s3-eu-west-1.amazonaws.com/survey-images/b712fafd-5c9f-4f5e-8705-13b07c386f34/q_field_photo/JPEG_20221017_103604_3934647560253547202.jpg,12.53584328,10.56855395,14.86,https://mavuno-files.s3-eu-west-1.amazonaws.com/survey-images/8a70fe6c-563f-4aaf-bfc4-1a1cd90d5a9b/q_box1_wet_weight_photo/JPEG_20221017_004448_9024820264043577287.jpg,14.98,https://mavuno-files.s3-eu-west-1.amazonaws.com/survey-images/8a70fe6c-563f-4aaf-bfc4-1a1cd90d5a9b/q_box2_wet_weight_photo/JPEG_20221017_004808_5582663881283565654.jpg,12.97,https://mavuno-files.s3-eu-west-1.amazonaws.com/survey-images/939bf6e9-3cd8-41ca-bc2c-dce819e2d0db/q_box1_dry_weight_photo/JPEG_20221021_091517_3496403929845502008.jpg,13.15,https://mavuno-files.s3-eu-west-1.amazonaws.com/survey-images/939bf6e9-3cd8-41ca-bc2c-dce819e2d0db/q_box2_dry_weight_photo/JPEG_20221021_091718_3752844457839055926.jpg,3.2425,3.2875,used box 1 and 15447,3.265,have average yields,2022.0_105_Client_K,0,1.1369702601773255,0.8469296486945073,2.7451419830322266,,,,
72a8b27b-aca5-45f4-9dd7-179bf9e44f3f,Rice,2022.0,Nigeria,https://mavuno-files.s3-eu-west-1.amazonaws.com/survey-images/8ed3b798-f020-4ebe-8b05-22deb2e6f6ad/q_wet_harvest_photo/JPEG_20221120_120135_5809480545424284993.jpg,https://mavuno-files.s3-eu-west-1.amazonaws.com/survey-images/8ed3b798-f020-4ebe-8b05-22deb2e6f6ad/q_harvest_bags_photo/JPEG_20221120_120216_2670831810135559562.jpg,,,https://mavuno-files.s3-eu-west-1.amazonaws.com/survey-images/c428ab3a-2410-489d-b968-e44f7b8948b2/q_field_photo/JPEG_20221120_082723_6511936817708462703.jpg,9.8374767,6.71697,9.045,https://mavuno-files.s3-eu-west-1.amazonaws.com/survey-images/8ed3b798-f020-4ebe-8b05-22deb2e6f6ad/q_box1_wet_weight_photo/JPEG_20221120_115933_4554275747135021094.jpg,8.88,https://mavuno-files.s3-eu-west-1.amazonaws.com/survey-images/8ed3b798-f020-4ebe-8b05-22deb2e6f6ad/q_box2_wet_weight_photo/JPEG_20221120_120039_3893253660912681215.jpg,6.355,https://mavuno-files.s3-eu-west-1.amazonaws.com/survey-images/d1621df4-e367-4a8b-9c4e-abff745d5071/q_box1_dry_weight_photo/JPEG_20221120_120516_5874803119594349121.jpg,5.655,https://mavuno-files.s3-eu-west-1.amazonaws.com/survey-images/d1621df4-e367-4a8b-9c4e-abff745d5071/q_box2_dry_weight_photo/JPEG_20221120_120607_6762161846874083270.jpg,1.58875,1.41375,used box 1 and 15496,1.50125,have average yields,2022.0_17_Client_P,2,-0.3657754498643313,-1.5624022512567823,,,0.3266713619232178,,
72f59bbd-2cc9-4627-a8bf-9481704398fa,Rice,2022.0,Nigeria,https://mavuno-files.s3-eu-west-1.amazonaws.com/survey-images/f2592697-8db8-488f-8f57-b2c2f0e71ef5/q_wet_harvest_photo/JPEG_20221023_144044_6240961053522370127.jpg,https://mavuno-files.s3-eu-west-1.amazonaws.com/survey-images/f2592697-8db8-488f-8f57-b2c2f0e71ef5/q_harvest_bags_photo/JPEG_20221023_144155_462233905178897753.jpg,,,https://mavuno-files.s3-eu-west-1.amazonaws.com/survey-images/353f884e-1504-40b7-8c29-29d2bcb792e3/q_field_photo/JPEG_20221022_122549_5978241711995644682.jpg,10.6943576,11.4680504,29.16,https://mavuno-files.s3-eu-west-1.amazonaws.com/survey-images/f2592697-8db8-488f-8f57-b2c2f0e71ef5/q_box1_wet_weight_photo/JPEG_20221023_143023_6673775901736197664.jpg,28.84,https://mavuno-files.s3-eu-west-1.amazonaws.com/survey-images/f2592697-8db8-488f-8f57-b2c2f0e71ef5/q_box2_wet_weight_photo/JPEG_20221023_143705_3413587282565229330.jpg,14.22,https://mavuno-files.s3-eu-west-1.amazonaws.com/survey-images/fc09fe53-df0c-462b-9b41-e0c0919d4eca/q_box1_dry_weight_photo/JPEG_20221027_153902_6591906935029071576.jpg,14.56,https://mavuno-files.s3-eu-west-1.amazonaws.com/survey-images/fc09fe53-df0c-462b-9b41-e0c0919d4eca/q_box2_dry_weight_photo/JPEG_20221027_154119_5163264086094389661.jpg,3.555,3.64,used box 1 and 15535,3.5975,have average yields,2022.0_200_Client_S,0,0.1114295770714952,1.4096034782180564,2.343390703201294,,,,
73245030-ad4d-4fc5-903e-1acf24b61fc2,Rice,2022.0,Nigeria,,,,,https://mavuno-files.s3-eu-west-1.amazonaws.com/survey-images/05fc97e9-96a2-43ae-8eb4-f7c16cbc4cc0/q_field_photo/JPEG_20221012_134555_2053165537354704106.jpg,7.816515,8.7544267,0.0,,0.0,,0.0,https://mavuno-files.s3-eu-west-1.amazonaws.com/survey-images/62a62c17-9465-440a-9cb0-03caba88dd33/q_box1_dry_weight_photo/JPEG_20221201_103450_7606760524675775666.jpg,0.0,https://mavuno-files.s3-eu-west-1.amazonaws.com/survey-images/62a62c17-9465-440a-9cb0-03caba88dd33/q_box2_dry_weight_photo/JPEG_20221201_103510_6922529594925783895.jpg,0.0,0.0,used box 1 and 15564,0.0,have average yields,2022.0_102_Client_AU,4,-1.491268015382799,-0.2878851991023085,,,,,0.16475503146648407
733a5ee0-cb13-4ea2-aee9-14af698d3928,Rice,2022.0,Nigeria,,,,,https://mavuno-files.s3-eu-west-1.amazonaws.com/survey-images/65e03b41-5cbc-4c8d-95cc-eb3b732785dd/q_field_photo/JPEG_20221019_102250_887087402.jpg,12.6400737,10.3105979,15.29,,12.75,,15.27,,12.67,,3.8175,3.1675,used box 1 and 15577,3.4925,have average yields,2022.0_105_Client_BS,4,1.1950171607251527,0.6855670124080955,,,,,2.3089754581451416
74601be2-0e02-41f5-89ba-6dbcc21fde01,Rice,2022.0,Nigeria,https://mavuno-files.s3-eu-west-1.amazonaws.com/survey-images/3283f3dd-e79e-4c94-937c-34b75d1728d7/q_wet_harvest_photo/JPEG_20221029_111511_1848183571693147647.jpg,https://mavuno-files.s3-eu-west-1.amazonaws.com/survey-images/3283f3dd-e79e-4c94-937c-34b75d1728d7/q_harvest_bags_photo/JPEG_20221029_111559_7373245841023910529.jpg,,,https://mavuno-files.s3-eu-west-1.amazonaws.com/survey-images/38d4db8a-e8ff-4a46-adc3-c4c36285f8df/q_field_photo/JPEG_20221028_120801_6084502961302663065.jpg,9.1700242,12.492435,2.085,https://mavuno-files.s3-eu-west-1.amazonaws.com/survey-images/3283f3dd-e79e-4c94-937c-34b75d1728d7/q_box1_wet_weight_photo/JPEG_20221029_110708_2520740883540876581.jpg,1.98,https://mavuno-files.s3-eu-west-1.amazonaws.com/survey-images/3283f3dd-e79e-4c94-937c-34b75d1728d7/q_box2_wet_weight_photo/JPEG_20221029_111059_6501597962725634791.jpg,1.995,https://mavuno-files.s3-eu-west-1.amazonaws.com/survey-images/a88bfcb8-3689-4ff0-a6c2-57f195f1d4ae/q_box1_dry_weight_photo/JPEG_20221029_111829_9186654909196111411.jpg,1.765,https://mavuno-files.s3-eu-west-1.amazonaws.com/survey-images/a88bfcb8-3689-4ff0-a6c2-57f195f1d4ae/q_box2_dry_weight_photo/JPEG_20221029_112023_3788051845302658276.jpg,0.49875,0.44125,used box 1 and 15741,0.47,have average yields,2022.0_28_Client_S,0,-0.7374860204242358,2.0504002326543307,0.9928960204124452,,,,
747955e0-2041-4105-a8bf-f0c6eb02dede,Rice,2022.0,Nigeria,https://mavuno-files.s3-eu-west-1.amazonaws.com/survey-images/64e97414-eda9-4b28-8b1c-7957784e7342/q_wet_harvest_photo/JPEG_20221123_130806_4932140692888161187.jpg,https://mavuno-files.s3-eu-west-1.amazonaws.com/survey-images/64e97414-eda9-4b28-8b1c-7957784e7342/q_harvest_bags_photo/JPEG_20221123_130840_6265087343185256336.jpg,,,https://mavuno-files.s3-eu-west-1.amazonaws.com/survey-images/fff1a5e2-a1ad-43fc-9b90-301bbb7c3946/q_field_photo/JPEG_20221123_121219_3636460798905651015.jpg,10.6850623,11.4379702,4.52,https://mavuno-files.s3-eu-west-1.amazonaws.com/survey-images/64e97414-eda9-4b28-8b1c-7957784e7342/q_box1_wet_weight_photo/JPEG_20221123_130330_2454241017753781234.jpg,4.79,https://mavuno-files.s3-eu-west-1.amazonaws.com/survey-images/64e97414-eda9-4b28-8b1c-7957784e7342/q_box2_wet_weight_photo/JPEG_20221123_130600_7372583596062581358.jpg,4.335,https://mavuno-files.s3-eu-west-1.amazonaws.com/survey-images/833b2a76-fd3b-4cb5-812d-6c468fec016b/q_box1_dry_weight_photo/JPEG_20221129_153237_7509618619626123153.jpg,4.52,https://mavuno-files.s3-eu-west-1.amazonaws.com/survey-images/833b2a76-fd3b-4cb5-812d-6c468fec016b/q_box2_dry_weight_photo/JPEG_20221129_153450_2235209293675057606.jpg,1.08375,1.13,used box 1 and 15764,1.106875,have average yields,2022.0_200_Client_S,3,0.106252937136031,1.3907870155996287,,,,3.0485572814941406,
74c94049-ce23-40ce-a29b-26baa11d63d6,Rice,2022.0,Nigeria,https://mavuno-files.s3-eu-west-1.amazonaws.com/survey-images/15b5ff7a-d0df-4761-90f0-1696971ccce5/q_wet_harvest_photo/JPEG_20221103_092707_1758192234094652512.jpg,https://mavuno-files.s3-eu-west-1.amazonaws.com/survey-images/15b5ff7a-d0df-4761-90f0-1696971ccce5/q_harvest_bags_photo/JPEG_20221103_092753_5328113965039692302.jpg,,,https://mavuno-files.s3-eu-west-1.amazonaws.com/survey-images/cd9172d5-a3d9-4897-acc0-e3c7615cd221/q_field_photo/JPEG_20221103_082344_5351141285666658962.jpg,9.23995,12.4459313,3.315,https://mavuno-files.s3-eu-west-1.amazonaws.com/survey-images/15b5ff7a-d0df-4761-90f0-1696971ccce5/q_box1_wet_weight_photo/JPEG_20221103_091539_3458768515282221948.jpg,2.26,https://mavuno-files.s3-eu-west-1.amazonaws.com/survey-images/15b5ff7a-d0df-4761-90f0-1696971ccce5/q_box2_wet_weight_photo/JPEG_20221103_092232_3564061806552054031.jpg,2.565,https://mavuno-files.s3-eu-west-1.amazonaws.com/survey-images/7e1641f8-def9-4ee4-b87b-a81b106852f0/q_box1_dry_weight_photo/JPEG_20221108_100147_5602686927567926809.jpg,1.725,https://mavuno-files.s3-eu-west-1.amazonaws.com/survey-images/7e1641f8-def9-4ee4-b87b-a81b106852f0/q_box2_dry_weight_photo/JPEG_20221108_100750_692688087421428690.jpg,0.64125,0.43125,used box 1 and 15802,0.53625,have average yields,2022.0_28_Client_S,0,-0.6985436851796187,2.021310162353314,0.7922107577323914,,,,
752d0dcd-7cc6-4c32-b468-3fd4a86ded49,Rice,2022.0,Nigeria,https://mavuno-files.s3-eu-west-1.amazonaws.com/survey-images/8d7223a7-4583-43bb-af4d-223e41eb9fbd/q_wet_harvest_photo/JPEG_20221210_101545_4090757135014713930.jpg,https://mavuno-files.s3-eu-west-1.amazonaws.com/survey-images/8d7223a7-4583-43bb-af4d-223e41eb9fbd/q_harvest_bags_photo/JPEG_20221210_101637_4707634144363029858.jpg,,,https://mavuno-files.s3-eu-west-1.amazonaws.com/survey-images/1a6d7972-1d81-4695-bd15-fc3f99201ede/q_field_photo/JPEG_20221103_131900_3620627428247947018.jpg,7.8330215,8.7408571,0.42,https://mavuno-files.s3-eu-west-1.amazonaws.com/survey-images/8d7223a7-4583-43bb-af4d-223e41eb9fbd/q_box1_wet_weight_photo/JPEG_20221210_100716_1044084507286381376.jpg,5.87,https://mavuno-files.s3-eu-west-1.amazonaws.com/survey-images/8d7223a7-4583-43bb-af4d-223e41eb9fbd/q_box2_wet_weight_photo/JPEG_20221210_101159_4740370726641291616.jpg,0.1,https://mavuno-files.s3-eu-west-1.amazonaws.com/survey-images/60813700-c5b9-4827-bc27-42fd6246b419/q_box1_dry_weight_photo/JPEG_20221210_102158_6037236211212498761.jpg,1.509,https://mavuno-files.s3-eu-west-1.amazonaws.com/survey-images/60813700-c5b9-4827-bc27-42fd6246b419/q_box2_dry_weight_photo/JPEG_20221210_102725_5136400462409410576.jpg,0.025,0.37725,used box 1 and 15846,0.201125,have average yields,2022.0_102_Client_AU,2,-1.4820753903900885,-0.2963735692310654,,,-0.1410543173551559,,
75681eab-a751-4333-b10a-ddecdb9c7f17,Rice,2022.0,Nigeria,,,,,https://mavuno-files.s3-eu-west-1.amazonaws.com/survey-images/ef897b9f-2a33-48c2-acd1-76e4a670ca17/q_field_photo/JPEG_20221116_091634_700608866.jpg,12.6268256,10.3615351,0.0,,0.0,,0.0,,0.0,,0.0,0.0,used box 1 and 15885,0.0,have average yields,2022.0_105_Client_BN,4,1.187639169317772,0.7174304281994607,,,,,0.7509494423866272
75b40f75-2a3b-4fd3-b229-e7b63bd0b6ce,Rice,2022.0,Nigeria,https://mavuno-files.s3-eu-west-1.amazonaws.com/survey-images/2235935b-c550-4e04-b408-b86b915e770e/q_wet_harvest_photo/JPEG_20221111_130424_6054817524681729009.jpg,https://mavuno-files.s3-eu-west-1.amazonaws.com/survey-images/2235935b-c550-4e04-b408-b86b915e770e/q_harvest_bags_photo/JPEG_20221111_130516_3594410913786645215.jpg,,,https://mavuno-files.s3-eu-west-1.amazonaws.com/survey-images/381de61b-2869-4b09-9c44-1363a76273a5/q_field_photo/JPEG_20221023_104127_9044915008411816828.jpg,10.6762671,11.4750001,10.44,https://mavuno-files.s3-eu-west-1.amazonaws.com/survey-images/2235935b-c550-4e04-b408-b86b915e770e/q_box1_wet_weight_photo/JPEG_20221111_125636_4697037345404269388.jpg,9.8,https://mavuno-files.s3-eu-west-1.amazonaws.com/survey-images/2235935b-c550-4e04-b408-b86b915e770e/q_box2_wet_weight_photo/JPEG_20221111_130133_6377424488835124146.jpg,9.225,https://mavuno-files.s3-eu-west-1.amazonaws.com/survey-images/0eaee686-2679-4197-b8c0-c06297039313/q_box1_dry_weight_photo/JPEG_20221111_131307_5947755361230319422.jpg,8.325,https://mavuno-files.s3-eu-west-1.amazonaws.com/survey-images/0eaee686-2679-4197-b8c0-c06297039313/q_box2_dry_weight_photo/JPEG_20221111_131454_3219975992608710936.jpg,2.30625,2.08125,used box 1 and 15928,2.19375,have average yields,2022.0_200_Client_S,2,0.1013548075909497,1.4139508153454468,,,2.0503463745117188,,
7641544e-ad93-4122-86ec-fa31930cbec6,Rice,2022.0,Nigeria,,,,,https://mavuno-files.s3-eu-west-1.amazonaws.com/survey-images/234898aa-e696-4ea1-a10f-770f57af5875/q_field_photo/JPEG_20220719_104447_2807930425140671273.jpg,12.5931992,10.540979,0.0,,0.0,,0.0,,0.0,,0.0,0.0,used box 1 and 16007,0.0,have average yields,2022.0_105_Client_BW,3,1.168912311107075,0.8296803280157872,,,,-0.0856001749634742,
76819832-2b6f-4468-968a-0847a940a62b,Rice,2022.0,Nigeria,,,,,https://mavuno-files.s3-eu-west-1.amazonaws.com/survey-images/cf322199-0c1b-4767-8bc9-aa70e9fdf61b/q_field_photo/JPEG_20221020_001126_285210199892906736.jpg,11.11027946,9.296581373,17.8,,16.34,,13.15,https://mavuno-files.s3-eu-west-1.amazonaws.com/survey-images/de4db22b-4689-4579-aa83-80dd6a02d3b4/q_box1_dry_weight_photo/JPEG_20221205_135407_1496544033244441670.jpg,12.32,https://mavuno-files.s3-eu-west-1.amazonaws.com/survey-images/de4db22b-4689-4579-aa83-80dd6a02d3b4/q_box2_dry_weight_photo/JPEG_20221205_135513_678908698890927183.jpg,3.2875,3.08,used box 1 and 16047,3.18375,have average yields,2022.0_197_Client_K,1,0.3430603701076087,0.0512559348632543,,3.03372859954834,,,
76913b5d-43bc-45af-900e-e1e01655b9a1,Rice,2022.0,Nigeria,https://mavuno-files.s3-eu-west-1.amazonaws.com/survey-images/ee89a202-89ef-47e3-8c49-6f52d8692f4d/q_wet_harvest_photo/JPEG_20221117_120753_3821210327581159068.jpg,https://mavuno-files.s3-eu-west-1.amazonaws.com/survey-images/ee89a202-89ef-47e3-8c49-6f52d8692f4d/q_harvest_bags_photo/JPEG_20221117_120838_8046050016723693455.jpg,,,https://mavuno-files.s3-eu-west-1.amazonaws.com/survey-images/25324c4b-de24-47f4-9022-b2787fb04289/q_field_photo/JPEG_20221024_102812_115103360225283302.jpg,12.3071598,9.6525533,11.12,https://mavuno-files.s3-eu-west-1.amazonaws.com/survey-images/ee89a202-89ef-47e3-8c49-6f52d8692f4d/q_box1_wet_weight_photo/JPEG_20221117_120046_8727921451543106969.jpg,11.38,https://mavuno-files.s3-eu-west-1.amazonaws.com/survey-images/ee89a202-89ef-47e3-8c49-6f52d8692f4d/q_box2_wet_weight_photo/JPEG_20221117_120616_7792132663726224084.jpg,10.97,https://mavuno-files.s3-eu-west-1.amazonaws.com/survey-images/0acf2739-1b53-49a4-a9db-ccc63aa5fb9e/q_box1_dry_weight_photo/JPEG_20221126_140554_2641300730212983144.jpg,10.88,https://mavuno-files.s3-eu-west-1.amazonaws.com/survey-images/0acf2739-1b53-49a4-a9db-ccc63aa5fb9e/q_box2_dry_weight_photo/JPEG_20221126_141051_3361862896363170904.jpg,2.7425,2.72,used box 1 and 16058,2.73125,have average yields,2022.0_53_Client_BY,0,1.0096142807953856,0.2739317301573511,2.5945281982421875,,,,
76b80e19-5f3b-43fe-997f-6c01aa8fccd1,Rice,2022.0,Nigeria,,,,,https://mavuno-files.s3-eu-west-1.amazonaws.com/survey-images/0e02532f-3073-4b34-9e55-9458a12fa408/q_field_photo/JPEG_20221004_155558_1364261780557501131.jpg,6.4812573,8.56855,0.0,,0.0,,0.0,,0.0,,0.0,0.0,used box 1 and 16079,0.0,have average yields,2022.0_98_Client_AY,1,-2.2348855784475954,-0.4041590927993873,,2.721757411956787,,,
771db31e-cfd7-498f-98f2-2888d2bbf04f,Rice,2022.0,Nigeria,,,,,https://mavuno-files.s3-eu-west-1.amazonaws.com/survey-images/fa9f317a-1294-4152-a5ae-3d58b4fc7bdf/q_field_photo/JPEG_20221030_164506_2324568615801539822.jpg,7.9161078,8.29299,0.0,,0.0,,0.0,,0.0,,0.0,0.0,used box 1 and 16138,0.0,have average yields,2022.0_101_Client_AU,1,-1.435803849001433,-0.5765337591624503,,0.1822964251041412,,,
7763b258-ae4b-477a-8c6e-10e0168e0a14,Rice,2022.0,Nigeria,https://mavuno-files.s3-eu-west-1.amazonaws.com/survey-images/7eab3f6d-c8f2-4959-800b-6f15e738b214/q_wet_harvest_photo/JPEG_20221130_152242_5595660262421070004.jpg,https://mavuno-files.s3-eu-west-1.amazonaws.com/survey-images/7eab3f6d-c8f2-4959-800b-6f15e738b214/q_harvest_bags_photo/JPEG_20221130_152308_310345381759044324.jpg,,,https://mavuno-files.s3-eu-west-1.amazonaws.com/survey-images/a953bbf9-f529-4a0b-b3a6-b23404a295db/q_field_photo/JPEG_20221130_133649_1225940181676802043.jpg,10.5282209,5.4720808,6.74,https://mavuno-files.s3-eu-west-1.amazonaws.com/survey-images/7eab3f6d-c8f2-4959-800b-6f15e738b214/q_box1_wet_weight_photo/JPEG_20221130_151930_4922304407878496938.jpg,6.61,https://mavuno-files.s3-eu-west-1.amazonaws.com/survey-images/7eab3f6d-c8f2-4959-800b-6f15e738b214/q_box2_wet_weight_photo/JPEG_20221130_152111_372483249637390117.jpg,6.085,https://mavuno-files.s3-eu-west-1.amazonaws.com/survey-images/0cb7eb08-d1e8-4f18-877f-96d1928c487e/q_box1_dry_weight_photo/JPEG_20221207_183627_2746482302681171208.jpg,5.74,https://mavuno-files.s3-eu-west-1.amazonaws.com/survey-images/0cb7eb08-d1e8-4f18-877f-96d1928c487e/q_box2_dry_weight_photo/JPEG_20221207_183730_1979729445392870226.jpg,1.52125,1.435,used box 1 and 16173,1.478125,have average yields,2022.0_85_Client_P,3,0.0189064873416052,-2.341134144524964,,,,2.7783074378967285,
77dc1978-7bd8-4b8f-b083-c7b9418f91d7,Rice,2022.0,Nigeria,https://mavuno-files.s3-eu-west-1.amazonaws.com/survey-images/37119916-203e-4111-8c5b-a9edff63f26e/q_wet_harvest_photo/JPEG_20221120_090612_6265324270763115761.jpg,https://mavuno-files.s3-eu-west-1.amazonaws.com/survey-images/37119916-203e-4111-8c5b-a9edff63f26e/q_harvest_bags_photo/JPEG_20221120_090826_8223606964519403326.jpg,,,https://mavuno-files.s3-eu-west-1.amazonaws.com/survey-images/8d882218-6539-4506-bfb3-b84629f8ab19/q_field_photo/JPEG_20221027_105525_6242870467068232296.jpg,9.8321096,6.7141653,8.725,https://mavuno-files.s3-eu-west-1.amazonaws.com/survey-images/37119916-203e-4111-8c5b-a9edff63f26e/q_box1_wet_weight_photo/JPEG_20221120_090148_1362008458040432134.jpg,7.99,https://mavuno-files.s3-eu-west-1.amazonaws.com/survey-images/37119916-203e-4111-8c5b-a9edff63f26e/q_box2_wet_weight_photo/JPEG_20221120_090412_3190979606274468922.jpg,6.585,https://mavuno-files.s3-eu-west-1.amazonaws.com/survey-images/28b25ed7-5394-4b42-b417-55057991422a/q_box1_dry_weight_photo/JPEG_20221120_091138_827500465752244427.jpg,6.16,https://mavuno-files.s3-eu-west-1.amazonaws.com/survey-images/28b25ed7-5394-4b42-b417-55057991422a/q_box2_dry_weight_photo/JPEG_20221120_091304_5775090224706811853.jpg,1.64625,1.54,used box 1 and 16236,1.593125,have average yields,2022.0_17_Client_P,4,-0.3687644382990914,-1.5641567120883555,,,,,2.179347276687622
783c6fd3-b6be-42a0-bdde-797bef81a279,Rice,2022.0,Nigeria,,,,,https://mavuno-files.s3-eu-west-1.amazonaws.com/survey-images/53333ab7-0898-4177-99f2-f5722fd1d32f/q_field_photo/JPEG_20221027_103004_75704027940060564.jpg,7.8245042,8.6780419,0.0,,0.0,,0.0,,0.0,,0.0,0.0,used box 1 and 16279,0.0,have average yields,2022.0_106_Client_AU,4,-1.4868187548132197,-0.3356671863835148,,,,,0.11068607866764069
7875c818-10c2-4265-94db-fd46c113598e,Rice,2022.0,Nigeria,https://mavuno-files.s3-eu-west-1.amazonaws.com/survey-images/550ac199-1388-4a7c-bb9f-53b38a618cc4/q_wet_harvest_photo/JPEG_20221128_085755_7697529477369816040.jpg,https://mavuno-files.s3-eu-west-1.amazonaws.com/survey-images/550ac199-1388-4a7c-bb9f-53b38a618cc4/q_harvest_bags_photo/JPEG_20221128_085814_9163561633237235377.jpg,,,https://mavuno-files.s3-eu-west-1.amazonaws.com/survey-images/18012e15-0f54-47bc-a397-45d2c0a9fd8b/q_field_photo/JPEG_20221019_103554_8691229125821640128.jpg,7.5868826,9.3800643,1.75,https://mavuno-files.s3-eu-west-1.amazonaws.com/survey-images/550ac199-1388-4a7c-bb9f-53b38a618cc4/q_box1_wet_weight_photo/JPEG_20221128_085449_75030945974391393.jpg,1.825,https://mavuno-files.s3-eu-west-1.amazonaws.com/survey-images/550ac199-1388-4a7c-bb9f-53b38a618cc4/q_box2_wet_weight_photo/JPEG_20221128_085710_1285561428459131356.jpg,1.73,https://mavuno-files.s3-eu-west-1.amazonaws.com/survey-images/122ed4a8-1e38-4aae-998f-ac5cbd425329/q_box1_dry_weight_photo/JPEG_20221128_090048_195537674206247509.jpg,1.82,https://mavuno-files.s3-eu-west-1.amazonaws.com/survey-images/122ed4a8-1e38-4aae-998f-ac5cbd425329/q_box2_dry_weight_photo/JPEG_20221128_090201_7697729899914645617.jpg,0.4325,0.455,used box 1 and 16312,0.44375,have average yields,2022.0_5_Client_AU,4,-1.61915245723153,0.1034781067627934,,,,,2.3665719032287598
792dba92-3cc7-4898-bebc-cee88d9d1c62,Rice,2022.0,Nigeria,https://mavuno-files.s3-eu-west-1.amazonaws.com/survey-images/c62a29d0-6331-400a-bf7c-9f992bd3282b/q_wet_harvest_photo/JPEG_20221022_121214_5212545622046968996.jpg,https://mavuno-files.s3-eu-west-1.amazonaws.com/survey-images/c62a29d0-6331-400a-bf7c-9f992bd3282b/q_harvest_bags_photo/JPEG_20221022_121224_5383766193972252111.jpg,,,https://mavuno-files.s3-eu-west-1.amazonaws.com/survey-images/8c2cb57a-ccd2-41b1-9bf1-0873e4671b8d/q_field_photo/JPEG_20221022_114647_7117686413068497376.jpg,11.85600922,9.972502738,12.79,https://mavuno-files.s3-eu-west-1.amazonaws.com/survey-images/c62a29d0-6331-400a-bf7c-9f992bd3282b/q_box1_wet_weight_photo/JPEG_20221022_120800_1799239671615401685.jpg,13.07,https://mavuno-files.s3-eu-west-1.amazonaws.com/survey-images/c62a29d0-6331-400a-bf7c-9f992bd3282b/q_box2_wet_weight_photo/JPEG_20221022_120922_7758844435199531004.jpg,11.0,https://mavuno-files.s3-eu-west-1.amazonaws.com/survey-images/73b48dba-13a1-4987-9475-432bea7bb1e1/q_box1_dry_weight_photo/JPEG_20221115_104205_4771056057942671612.jpg,12.21,https://mavuno-files.s3-eu-west-1.amazonaws.com/survey-images/73b48dba-13a1-4987-9475-432bea7bb1e1/q_box2_dry_weight_photo/JPEG_20221115_104400_1210237195893353172.jpg,2.75,3.0525,used box 1 and 16406,2.90125,have average yields,2022.0_113_Client_K,3,0.7583642824805512,0.4740739047411058,,,,3.0193910598754883,
793df0a1-8659-470e-a2d9-46d609eb920b,Rice,2022.0,Nigeria,,,,,https://mavuno-files.s3-eu-west-1.amazonaws.com/survey-images/af2b9091-a372-485c-af9a-95da0418c06e/q_field_photo/JPEG_20221012_132158_3298179738516299035.jpg,7.816645,8.7550983,0.0,,0.0,,0.0,https://mavuno-files.s3-eu-west-1.amazonaws.com/survey-images/8fc3c92c-e952-4aeb-a96d-e3b953cde1ef/q_box1_dry_weight_photo/JPEG_20221201_102826_7738370834505562283.jpg,0.0,https://mavuno-files.s3-eu-west-1.amazonaws.com/survey-images/8fc3c92c-e952-4aeb-a96d-e3b953cde1ef/q_box2_dry_weight_photo/JPEG_20221201_103054_6136202637684620339.jpg,0.0,0.0,used box 1 and 16416,0.0,have average yields,2022.0_102_Client_AU,3,-1.4911956171609435,-0.2874650843326412,,,,0.1617117524147033,
799ac0e1-360f-43ee-b3eb-fbd5b06d66c8,Rice,2022.0,Nigeria,https://mavuno-files.s3-eu-west-1.amazonaws.com/survey-images/33c61ca9-9f55-4ab4-bd24-649c853e01a6/q_wet_harvest_photo/JPEG_20221018_110850_8018125458207298832.jpg,https://mavuno-files.s3-eu-west-1.amazonaws.com/survey-images/33c61ca9-9f55-4ab4-bd24-649c853e01a6/q_harvest_bags_photo/JPEG_20221018_110929_1684327227839343483.jpg,,,https://mavuno-files.s3-eu-west-1.amazonaws.com/survey-images/dd36edd6-5992-4272-9dd5-bb5083b62c50/q_field_photo/JPEG_20221018_105436_4271835609359851052.jpg,12.3180997,9.9318189,0.0,,0.0,,0.0,,0.0,,0.0,0.0,used box 1 and 16471,0.0,have average yields,2022.0_53_Client_BY,0,1.015706813928257,0.448624409162579,0.0996706113219261,,,,
7a2d51ee-d325-476b-93ee-69e0009997b9,Rice,2022.0,Nigeria,https://mavuno-files.s3-eu-west-1.amazonaws.com/survey-images/2b67b2b8-97f2-4197-9051-866c3c8c4363/q_wet_harvest_photo/JPEG_20221117_122700_1854389398.jpg,https://mavuno-files.s3-eu-west-1.amazonaws.com/survey-images/2b67b2b8-97f2-4197-9051-866c3c8c4363/q_harvest_bags_photo/JPEG_20221117_122732_43638298.jpg,,,https://mavuno-files.s3-eu-west-1.amazonaws.com/survey-images/0176a5a8-0367-492f-a9d2-4476e3b228cc/q_field_photo/JPEG_20221116_151524_1267890346.jpg,12.6317212,10.3633171,2.025,https://mavuno-files.s3-eu-west-1.amazonaws.com/survey-images/2b67b2b8-97f2-4197-9051-866c3c8c4363/q_box1_wet_weight_photo/JPEG_20221117_122157_1440198965.jpg,2.07,https://mavuno-files.s3-eu-west-1.amazonaws.com/survey-images/2b67b2b8-97f2-4197-9051-866c3c8c4363/q_box2_wet_weight_photo/JPEG_20221117_122442_1899971738.jpg,1.99,https://mavuno-files.s3-eu-west-1.amazonaws.com/survey-images/a0b67293-c018-4435-a953-b0ab1f899e20/q_box1_dry_weight_photo/JPEG_20221217_064858_395948529.jpg,2.015,https://mavuno-files.s3-eu-west-1.amazonaws.com/survey-images/a0b67293-c018-4435-a953-b0ab1f899e20/q_box2_dry_weight_photo/JPEG_20221217_065127_2081814338.jpg,0.4975,0.50375,used box 1 and 16555,0.500625,have average yields,2022.0_105_Client_BN,3,1.1903655749709576,0.7185451460665642,,,,2.6151041984558105,
7a92322c-b8fb-4735-888a-951c6dea912c,Rice,2022.0,Nigeria,https://mavuno-files.s3-eu-west-1.amazonaws.com/survey-images/d8d4028e-592e-437a-b9a6-241050aa3549/q_wet_harvest_photo/JPEG_20221025_131616_6443899095271179981.jpg,https://mavuno-files.s3-eu-west-1.amazonaws.com/survey-images/d8d4028e-592e-437a-b9a6-241050aa3549/q_harvest_bags_photo/JPEG_20221025_131700_2575488745219407369.jpg,,,https://mavuno-files.s3-eu-west-1.amazonaws.com/survey-images/e547dac1-0cdd-4886-8497-77f0b5426030/q_field_photo/JPEG_20221119_140027_8703280918531494838.jpg,11.10903817,9.294796698,17.63,https://mavuno-files.s3-eu-west-1.amazonaws.com/survey-images/d8d4028e-592e-437a-b9a6-241050aa3549/q_box1_wet_weight_photo/JPEG_20221025_131105_3507429485786258802.jpg,18.38,https://mavuno-files.s3-eu-west-1.amazonaws.com/survey-images/d8d4028e-592e-437a-b9a6-241050aa3549/q_box2_wet_weight_photo/JPEG_20221025_131338_2008199242184015908.jpg,12.68,https://mavuno-files.s3-eu-west-1.amazonaws.com/survey-images/e88a7e98-166b-4756-9e06-19a7647cf8b8/q_box1_dry_weight_photo/JPEG_20221203_180216_5297133518985551358.jpg,13.28,https://mavuno-files.s3-eu-west-1.amazonaws.com/survey-images/e88a7e98-166b-4756-9e06-19a7647cf8b8/q_box2_dry_weight_photo/JPEG_20221203_180320_958264948868340514.jpg,3.17,3.32,used box 1 and 16604,3.245,have average yields,2022.0_197_Client_K,4,0.342369084039866,0.0501395436682643,,,,,3.0953619480133057
7b6e9e93-f500-4acb-b907-6db43beabdc9,Rice,2022.0,Nigeria,https://mavuno-files.s3-eu-west-1.amazonaws.com/survey-images/06c3683c-f6a2-428b-9ca9-df014a28460a/q_wet_harvest_photo/JPEG_20221026_175918_1364887443480410800.jpg,https://mavuno-files.s3-eu-west-1.amazonaws.com/survey-images/06c3683c-f6a2-428b-9ca9-df014a28460a/q_harvest_bags_photo/JPEG_20221026_175928_5708703044342792054.jpg,,,https://mavuno-files.s3-eu-west-1.amazonaws.com/survey-images/bce3295a-42e3-433e-9cda-12cb351182d9/q_field_photo/JPEG_20221026_164823_4030584192960138888.jpg,11.890712,7.917822339,14.51,https://mavuno-files.s3-eu-west-1.amazonaws.com/survey-images/06c3683c-f6a2-428b-9ca9-df014a28460a/q_box1_wet_weight_photo/JPEG_20221026_175708_2427493981799762345.jpg,14.13,https://mavuno-files.s3-eu-west-1.amazonaws.com/survey-images/06c3683c-f6a2-428b-9ca9-df014a28460a/q_box2_wet_weight_photo/JPEG_20221026_175808_229420893038741342.jpg,11.44,https://mavuno-files.s3-eu-west-1.amazonaws.com/survey-images/12f26d4c-642e-4793-b68c-8b3d866965de/q_box1_dry_weight_photo/JPEG_20221122_082815_737584628786147698.jpg,11.2,https://mavuno-files.s3-eu-west-1.amazonaws.com/survey-images/12f26d4c-642e-4793-b68c-8b3d866965de/q_box2_dry_weight_photo/JPEG_20221122_082922_5978703180417428316.jpg,2.86,2.8,used box 1 and 16728,2.83,have average yields,2022.0_74_Client_K,1,0.7776905868300216,-0.8112173140872784,,2.7956671714782715,,,
7c205025-0c9c-478a-833f-45fcdbc45bc9,Rice,2022.0,Nigeria,https://mavuno-files.s3-eu-west-1.amazonaws.com/survey-images/68002e2f-bb89-47ec-9037-b34d91f860e6/q_wet_harvest_photo/JPEG_20221018_125653_9211828113181512575.jpg,https://mavuno-files.s3-eu-west-1.amazonaws.com/survey-images/68002e2f-bb89-47ec-9037-b34d91f860e6/q_harvest_bags_photo/JPEG_20221018_125731_1869596912423792168.jpg,,,https://mavuno-files.s3-eu-west-1.amazonaws.com/survey-images/36ba6044-38d9-4510-a7cc-766452563c88/q_field_photo/JPEG_20221018_124329_7133374887970885294.jpg,12.3208817,9.9220217,0.0,,0.0,,0.0,,0.0,,0.0,0.0,used box 1 and 16818,0.0,have average yields,2022.0_53_Client_BY,1,1.0172561358759575,0.4424958379574255,,0.3178940117359161,,,
7c38e405-804d-4bf8-820a-41a6737f5644,Rice,2022.0,Nigeria,https://mavuno-files.s3-eu-west-1.amazonaws.com/survey-images/61a97974-1864-4075-9eb9-eda159b67083/q_wet_harvest_photo/JPEG_20221101_143413_598620197955927851.jpg,https://mavuno-files.s3-eu-west-1.amazonaws.com/survey-images/61a97974-1864-4075-9eb9-eda159b67083/q_harvest_bags_photo/JPEG_20221101_143454_936906827179791306.jpg,,,https://mavuno-files.s3-eu-west-1.amazonaws.com/survey-images/0d75754c-f94b-4518-8821-203b319074fb/q_field_photo/JPEG_20221101_141900_4103697226452904082.jpg,7.8103733,8.98562,0.0,,0.0,,0.0,,0.0,,0.0,0.0,used box 1 and 16834,0.0,have average yields,2022.0_102_Client_AU,0,-1.4946883858379365,-0.1432638173601265,0.5703582167625427,,,,
7ca68034-d235-474f-8e5e-aa9a011c5b6e,Rice,2022.0,Nigeria,https://mavuno-files.s3-eu-west-1.amazonaws.com/survey-images/1b3a1b2d-873a-4749-81b7-defd4f6682af/q_wet_harvest_photo/JPEG_20221117_174831_5366161052502102743.jpg,https://mavuno-files.s3-eu-west-1.amazonaws.com/survey-images/1b3a1b2d-873a-4749-81b7-defd4f6682af/q_harvest_bags_photo/JPEG_20221117_174919_9931167597539138.jpg,,,https://mavuno-files.s3-eu-west-1.amazonaws.com/survey-images/9b3298a1-0419-4745-8b40-564410a893d6/q_field_photo/JPEG_20221117_171236_4980837710007776091.jpg,9.9726651,10.962567,2.395,https://mavuno-files.s3-eu-west-1.amazonaws.com/survey-images/1b3a1b2d-873a-4749-81b7-defd4f6682af/q_box1_wet_weight_photo/JPEG_20221117_174106_8861530416133587624.jpg,2.225,https://mavuno-files.s3-eu-west-1.amazonaws.com/survey-images/1b3a1b2d-873a-4749-81b7-defd4f6682af/q_box2_wet_weight_photo/JPEG_20221117_174522_5995612761192298540.jpg,1.14,https://mavuno-files.s3-eu-west-1.amazonaws.com/survey-images/3e18caee-f34b-41a7-94b8-b03bd8b3d426/q_box1_dry_weight_photo/JPEG_20221205_090812_1938429933681311010.jpg,1.025,https://mavuno-files.s3-eu-west-1.amazonaws.com/survey-images/3e18caee-f34b-41a7-94b8-b03bd8b3d426/q_box2_dry_weight_photo/JPEG_20221205_091337_8970102204198479254.jpg,0.285,0.25625,used box 1 and 16888,0.270625,have average yields,2022.0_52_Client_S,1,-0.2904877592839816,1.093401807340329,,0.083506092429161,,,
7cf567f8-aa0a-4250-bbe5-087feff12b21,Rice,2022.0,Nigeria,https://mavuno-files.s3-eu-west-1.amazonaws.com/survey-images/2ce4e903-131e-47e9-a91b-c9c90bde3b07/q_wet_harvest_photo/JPEG_20221117_131551_7022784168593792366.jpg,https://mavuno-files.s3-eu-west-1.amazonaws.com/survey-images/2ce4e903-131e-47e9-a91b-c9c90bde3b07/q_harvest_bags_photo/JPEG_20221117_131653_8849120237958447340.jpg,,,https://mavuno-files.s3-eu-west-1.amazonaws.com/survey-images/61b73806-e3f4-44ea-addf-a5b84a83036e/q_field_photo/JPEG_20221013_132255_8453483695870780398.jpg,8.3786578,9.2702422,3.055,https://mavuno-files.s3-eu-west-1.amazonaws.com/survey-images/2ce4e903-131e-47e9-a91b-c9c90bde3b07/q_box1_wet_weight_photo/JPEG_20221117_131202_3705173959446359298.jpg,3.585,https://mavuno-files.s3-eu-west-1.amazonaws.com/survey-images/2ce4e903-131e-47e9-a91b-c9c90bde3b07/q_box2_wet_weight_photo/JPEG_20221117_131358_4824304361592482152.jpg,2.715,https://mavuno-files.s3-eu-west-1.amazonaws.com/survey-images/cbeb3481-3759-426c-9a2d-d6abd60345a7/q_box1_dry_weight_photo/JPEG_20221117_141901_3255985906882421447.jpg,3.175,https://mavuno-files.s3-eu-west-1.amazonaws.com/survey-images/cbeb3481-3759-426c-9a2d-d6abd60345a7/q_box2_dry_weight_photo/JPEG_20221117_142041_1388713212573499807.jpg,0.67875,0.79375,used box 1 and 16931,0.73625,have average yields,2022.0_173_Client_AU,4,-1.178205406546751,0.0347796460036447,,,,,0.24761100113391876
7cf8ed95-26e5-49f8-a996-6d02be2911b1,Rice,2022.0,Nigeria,https://mavuno-files.s3-eu-west-1.amazonaws.com/survey-images/05cc2e16-12a5-4f8d-87fb-ba589a7a186e/q_wet_harvest_photo/JPEG_20221129_151201_6507187555808406571.jpg,https://mavuno-files.s3-eu-west-1.amazonaws.com/survey-images/05cc2e16-12a5-4f8d-87fb-ba589a7a186e/q_harvest_bags_photo/JPEG_20221129_151222_5862734290286494885.jpg,,,https://mavuno-files.s3-eu-west-1.amazonaws.com/survey-images/e8e2f9d7-61be-4288-898d-39f920593c63/q_field_photo/JPEG_20221124_125203_1104806332167773034.jpg,8.5856218,8.8225249,9.235,https://mavuno-files.s3-eu-west-1.amazonaws.com/survey-images/05cc2e16-12a5-4f8d-87fb-ba589a7a186e/q_box1_wet_weight_photo/JPEG_20221129_150830_3824560367375206032.jpg,6.445,https://mavuno-files.s3-eu-west-1.amazonaws.com/survey-images/05cc2e16-12a5-4f8d-87fb-ba589a7a186e/q_box2_wet_weight_photo/JPEG_20221129_151047_7540460359539266409.jpg,6.21,https://mavuno-files.s3-eu-west-1.amazonaws.com/survey-images/612454ca-6470-4a7b-b3ef-ffe54989c6f2/q_box1_dry_weight_photo/JPEG_20221129_151628_3293078519795396490.jpg,4.895,https://mavuno-files.s3-eu-west-1.amazonaws.com/survey-images/612454ca-6470-4a7b-b3ef-ffe54989c6f2/q_box2_dry_weight_photo/JPEG_20221129_151834_8990317468841966659.jpg,1.5525,1.22375,used box 1 and 16934,1.388125,have average yields,2022.0_169_Client_AU,4,-1.062945209715725,-0.2452868375660729,,,,,1.073475956916809
7d14c50b-3061-4bb3-a317-e5626095a1d2,Rice,2022.0,Nigeria,https://mavuno-files.s3-eu-west-1.amazonaws.com/survey-images/04cca3d0-ee4a-47b2-a358-3a0b55763982/q_wet_harvest_photo/JPEG_20221207_170611_6062010541332749032.jpg,https://mavuno-files.s3-eu-west-1.amazonaws.com/survey-images/04cca3d0-ee4a-47b2-a358-3a0b55763982/q_harvest_bags_photo/JPEG_20221207_170629_4354045047600761313.jpg,,,https://mavuno-files.s3-eu-west-1.amazonaws.com/survey-images/c8171ae0-eaef-4ccf-9d64-f6f11d45e6ac/q_field_photo/JPEG_20221124_122656_8079041358500620673.jpg,8.585963,8.8227298,8.12,https://mavuno-files.s3-eu-west-1.amazonaws.com/survey-images/04cca3d0-ee4a-47b2-a358-3a0b55763982/q_box1_wet_weight_photo/JPEG_20221207_165724_2217046159245277640.jpg,7.435,https://mavuno-files.s3-eu-west-1.amazonaws.com/survey-images/04cca3d0-ee4a-47b2-a358-3a0b55763982/q_box2_wet_weight_photo/JPEG_20221207_170517_6037217722025774902.jpg,6.365,https://mavuno-files.s3-eu-west-1.amazonaws.com/survey-images/4367e226-1307-4116-963b-6585ccf2741e/q_box1_dry_weight_photo/JPEG_20221207_170912_5313346282590935068.jpg,4.705,https://mavuno-files.s3-eu-west-1.amazonaws.com/survey-images/4367e226-1307-4116-963b-6585ccf2741e/q_box2_dry_weight_photo/JPEG_20221207_171045_3305915987730037590.jpg,1.59125,1.17625,used box 1 and 16947,1.38375,have average yields,2022.0_169_Client_AU,4,-1.0627551922288256,-0.2451586637776501,,,,,1.4076223373413086
7d48e632-13ad-4b89-a346-e803996f210b,Rice,2022.0,Nigeria,https://mavuno-files.s3-eu-west-1.amazonaws.com/survey-images/ea9c9bc8-604e-4f35-ad5e-9b6adf2eaad1/q_wet_harvest_photo/JPEG_20221117_082335_237488606219726513.jpg,https://mavuno-files.s3-eu-west-1.amazonaws.com/survey-images/ea9c9bc8-604e-4f35-ad5e-9b6adf2eaad1/q_harvest_bags_photo/JPEG_20221117_082115_4343623184977695257.jpg,,,https://mavuno-files.s3-eu-west-1.amazonaws.com/survey-images/cfa6d022-850e-4c63-91dc-76535b7546ed/q_field_photo/JPEG_20221117_071307_1336249192967635106.jpg,9.9729816,10.9628251,1.525,https://mavuno-files.s3-eu-west-1.amazonaws.com/survey-images/ea9c9bc8-604e-4f35-ad5e-9b6adf2eaad1/q_box1_wet_weight_photo/JPEG_20221117_080936_1982397155839349479.jpg,1.755,https://mavuno-files.s3-eu-west-1.amazonaws.com/survey-images/ea9c9bc8-604e-4f35-ad5e-9b6adf2eaad1/q_box2_wet_weight_photo/JPEG_20221117_081200_6231520182665854629.jpg,1.125,https://mavuno-files.s3-eu-west-1.amazonaws.com/survey-images/b090de6e-9e5d-4eef-8841-0eb26200259f/q_box1_dry_weight_photo/JPEG_20221118_153134_2532190503674605016.jpg,1.43,https://mavuno-files.s3-eu-west-1.amazonaws.com/survey-images/b090de6e-9e5d-4eef-8841-0eb26200259f/q_box2_dry_weight_photo/JPEG_20221118_153650_2342425557989731903.jpg,0.28125,0.3575,used box 1 and 16975,0.319375,have average yields,2022.0_52_Client_S,2,-0.290311497459234,1.09356326002355,,,-0.1734917312860489,,
7db4d9e4-6d0b-4026-a935-bfabbfbc4fbf,Rice,2022.0,Nigeria,https://mavuno-files.s3-eu-west-1.amazonaws.com/survey-images/7ebb19c3-5211-48d1-b8a2-cc96018a60e0/q_wet_harvest_photo/JPEG_20221126_110338_1951875792095001645.jpg,https://mavuno-files.s3-eu-west-1.amazonaws.com/survey-images/7ebb19c3-5211-48d1-b8a2-cc96018a60e0/q_harvest_bags_photo/JPEG_20221126_110408_712265249980335668.jpg,,,https://mavuno-files.s3-eu-west-1.amazonaws.com/survey-images/e4efe7a0-0918-49e5-b769-2e2a6bdc3aa6/q_field_photo/JPEG_20221021_112838_519836762404204180.jpg,7.6887791,9.3411109,3.43,https://mavuno-files.s3-eu-west-1.amazonaws.com/survey-images/7ebb19c3-5211-48d1-b8a2-cc96018a60e0/q_box1_wet_weight_photo/JPEG_20221126_110047_2656447656470685458.jpg,3.755,https://mavuno-files.s3-eu-west-1.amazonaws.com/survey-images/7ebb19c3-5211-48d1-b8a2-cc96018a60e0/q_box2_wet_weight_photo/JPEG_20221126_110254_8646817541123034625.jpg,3.415,https://mavuno-files.s3-eu-west-1.amazonaws.com/survey-images/19cb001c-8496-493d-9f7e-8223ee3ec87e/q_box1_dry_weight_photo/JPEG_20221126_114459_6509831906492920644.jpg,3.695,https://mavuno-files.s3-eu-west-1.amazonaws.com/survey-images/19cb001c-8496-493d-9f7e-8223ee3ec87e/q_box2_dry_weight_photo/JPEG_20221126_114627_1161558534108695030.jpg,0.85375,0.92375,used box 1 and 17022,0.88875,have average yields,2022.0_5_Client_AU,4,-1.5624053386679513,0.0791110747962271,,,,,1.6709308624267578
7e1f7545-8b6a-4242-b429-21d068481868,Rice,2022.0,Nigeria,https://mavuno-files.s3-eu-west-1.amazonaws.com/survey-images/3c5a765a-3b8e-4119-9f95-59e4fb18a98e/q_wet_harvest_photo/JPEG_20221019_102833_2038569700345085235.jpg,https://mavuno-files.s3-eu-west-1.amazonaws.com/survey-images/3c5a765a-3b8e-4119-9f95-59e4fb18a98e/q_harvest_bags_photo/JPEG_20221019_102913_6718387737159102685.jpg,,,https://mavuno-files.s3-eu-west-1.amazonaws.com/survey-images/91a549a2-23b6-4fd0-a15e-ffe66912ca21/q_field_photo/JPEG_20221019_101507_1878749166957652725.jpg,12.3302932,9.9301194,0.0,,0.0,,0.0,,0.0,,0.0,0.0,used box 1 and 17079,0.0,have average yields,2022.0_53_Client_BY,0,1.0224974886835727,0.4475612986041385,0.4133940935134887,,,,
7e3cd1b2-7483-4efa-9705-d723dbccc93a,Rice,2022.0,Nigeria,https://mavuno-files.s3-eu-west-1.amazonaws.com/survey-images/9726039f-4349-4366-81b4-bea0ce9284a4/q_wet_harvest_photo/JPEG_20220830_124046_8324336891618588933.jpg,https://mavuno-files.s3-eu-west-1.amazonaws.com/survey-images/9726039f-4349-4366-81b4-bea0ce9284a4/q_harvest_bags_photo/JPEG_20220830_124054_2088705194506998754.jpg,,,https://mavuno-files.s3-eu-west-1.amazonaws.com/survey-images/e3673c6c-04ae-41c4-a6a5-67b4bd5bbe8b/q_field_photo/JPEG_20220829_132513_907830538826222930.jpg,6.4487997,8.5145014,1.46,https://mavuno-files.s3-eu-west-1.amazonaws.com/survey-images/9726039f-4349-4366-81b4-bea0ce9284a4/q_box1_wet_weight_photo/JPEG_20220830_123709_5127036423842627773.jpg,1.42,https://mavuno-files.s3-eu-west-1.amazonaws.com/survey-images/9726039f-4349-4366-81b4-bea0ce9284a4/q_box2_wet_weight_photo/JPEG_20220830_123925_9000900414938014930.jpg,1.29,https://mavuno-files.s3-eu-west-1.amazonaws.com/survey-images/585525f6-9dcf-41de-862c-86888b3d0597/q_box1_dry_weight_photo/JPEG_20220921_162526_4312892656032652865.jpg,1.275,https://mavuno-files.s3-eu-west-1.amazonaws.com/survey-images/585525f6-9dcf-41de-862c-86888b3d0597/q_box2_dry_weight_photo/JPEG_20220921_162750_7576764845374123246.jpg,0.3225,0.31875,used box 1 and 17096,0.320625,have average yields,2022.0_98_Client_AY,3,-2.252961520952875,-0.4379688235019225,,,,1.5944817066192627,
7ef20bfd-0e21-41aa-b1c9-0981b9df3519,Rice,2022.0,Nigeria,https://mavuno-files.s3-eu-west-1.amazonaws.com/survey-images/1bfbb47f-0f54-4483-a4b2-23747f4e9610/q_wet_harvest_photo/JPEG_20221019_130717_2024680248.jpg,https://mavuno-files.s3-eu-west-1.amazonaws.com/survey-images/1bfbb47f-0f54-4483-a4b2-23747f4e9610/q_harvest_bags_photo/JPEG_20221019_130736_1162501219.jpg,,,https://mavuno-files.s3-eu-west-1.amazonaws.com/survey-images/8f6bcd97-44a7-417c-b7ea-1700a6f4cf81/q_field_photo/JPEG_20220906_112618_1932168377.jpg,12.6405124,10.3101319,13.53,https://mavuno-files.s3-eu-west-1.amazonaws.com/survey-images/1bfbb47f-0f54-4483-a4b2-23747f4e9610/q_box1_wet_weight_photo/JPEG_20221019_130319_1527481371.jpg,10.22,https://mavuno-files.s3-eu-west-1.amazonaws.com/survey-images/1bfbb47f-0f54-4483-a4b2-23747f4e9610/q_box2_wet_weight_photo/JPEG_20221019_130447_253278371.jpg,13.43,,10.12,,3.3575,2.53,used box 1 and 17196,2.94375,have average yields,2022.0_105_Client_BS,1,1.195261476878444,0.6852755093070464,,3.0004210472106934,,,
7f2b2662-a6fc-42f5-a813-32201208f261,Rice,2022.0,Nigeria,https://mavuno-files.s3-eu-west-1.amazonaws.com/survey-images/7587c7f2-5050-4633-8896-beb12063f454/q_wet_harvest_photo/JPEG_20221025_153006_7977481382660266029.jpg,https://mavuno-files.s3-eu-west-1.amazonaws.com/survey-images/7587c7f2-5050-4633-8896-beb12063f454/q_harvest_bags_photo/JPEG_20221025_153017_2774844802220229017.jpg,,,https://mavuno-files.s3-eu-west-1.amazonaws.com/survey-images/d8750456-003a-4e13-89fc-f90666d5da87/q_field_photo/JPEG_20221025_145352_5376268073461245555.jpg,11.91713115,7.923426144,14.72,https://mavuno-files.s3-eu-west-1.amazonaws.com/survey-images/7587c7f2-5050-4633-8896-beb12063f454/q_box1_wet_weight_photo/JPEG_20221025_152712_3589441236867038040.jpg,15.27,https://mavuno-files.s3-eu-west-1.amazonaws.com/survey-images/7587c7f2-5050-4633-8896-beb12063f454/q_box2_wet_weight_photo/JPEG_20221025_152845_7613091504742765281.jpg,12.07,https://mavuno-files.s3-eu-west-1.amazonaws.com/survey-images/66483087-05b5-4523-a357-3008c36a440d/q_box1_dry_weight_photo/JPEG_20221107_112409_4694959533679284959.jpg,13.12,https://mavuno-files.s3-eu-west-1.amazonaws.com/survey-images/66483087-05b5-4523-a357-3008c36a440d/q_box2_dry_weight_photo/JPEG_20221107_112541_5040550185981027899.jpg,3.0175,3.28,used box 1 and 17243,3.14875,have average yields,2022.0_74_Client_K,1,0.7924036597755978,-0.8077118923379728,,3.383408784866333,,,
7f9c6cfc-2968-4033-aa0f-65b6d4e9bb55,Rice,2022.0,Nigeria,https://mavuno-files.s3-eu-west-1.amazonaws.com/survey-images/3fe2afb1-11a8-4899-a9ba-e46aeb033ffa/q_wet_harvest_photo/JPEG_20221124_120723_6980788384296445717.jpg,https://mavuno-files.s3-eu-west-1.amazonaws.com/survey-images/3fe2afb1-11a8-4899-a9ba-e46aeb033ffa/q_harvest_bags_photo/JPEG_20221124_121044_7697273460956683197.jpg,,,https://mavuno-files.s3-eu-west-1.amazonaws.com/survey-images/21400966-7dd1-4884-8d56-9297ee910916/q_field_photo/JPEG_20221122_135849_4509643412139414723.jpg,10.599295,8.1392515,9.525,https://mavuno-files.s3-eu-west-1.amazonaws.com/survey-images/3fe2afb1-11a8-4899-a9ba-e46aeb033ffa/q_box1_wet_weight_photo/JPEG_20221124_120352_3047873120492613657.jpg,9.145,https://mavuno-files.s3-eu-west-1.amazonaws.com/survey-images/3fe2afb1-11a8-4899-a9ba-e46aeb033ffa/q_box2_wet_weight_photo/JPEG_20221124_120630_572436954078057797.jpg,9.485,https://mavuno-files.s3-eu-west-1.amazonaws.com/survey-images/f59c279d-be93-4d8d-bcce-fb58fa08d70e/q_box1_dry_weight_photo/JPEG_20221124_122620_2958150701386182518.jpg,9.135,https://mavuno-files.s3-eu-west-1.amazonaws.com/survey-images/f59c279d-be93-4d8d-bcce-fb58fa08d70e/q_box2_dry_weight_photo/JPEG_20221124_122930_7932802506240393698.jpg,2.37125,2.28375,used box 1 and 17305,2.3275,have average yields,2022.0_104_Client_AD,4,0.0584883216489623,-0.6727038224686545,,,,,1.843948483467102
7ffcad10-d700-468a-8928-41f2a0244938,Rice,2022.0,Nigeria,https://mavuno-files.s3-eu-west-1.amazonaws.com/survey-images/57ab3a80-bcc7-4d44-bdd2-62a3628ef7a8/q_wet_harvest_photo/JPEG_20221123_125905_2527391778799967405.jpg,https://mavuno-files.s3-eu-west-1.amazonaws.com/survey-images/57ab3a80-bcc7-4d44-bdd2-62a3628ef7a8/q_harvest_bags_photo/JPEG_20221123_125957_1096047246015752242.jpg,,,https://mavuno-files.s3-eu-west-1.amazonaws.com/survey-images/04f32233-30aa-4eed-ae30-0af4db710844/q_field_photo/JPEG_20221123_114519_1840033901796878833.jpg,10.68507,11.4380467,3.845,https://mavuno-files.s3-eu-west-1.amazonaws.com/survey-images/57ab3a80-bcc7-4d44-bdd2-62a3628ef7a8/q_box1_wet_weight_photo/JPEG_20221123_125133_6383489273157268979.jpg,4.67,https://mavuno-files.s3-eu-west-1.amazonaws.com/survey-images/57ab3a80-bcc7-4d44-bdd2-62a3628ef7a8/q_box2_wet_weight_photo/JPEG_20221123_125621_3516528987786180954.jpg,3.59,https://mavuno-files.s3-eu-west-1.amazonaws.com/survey-images/66d6b964-0e46-4a90-8864-585352d6cb63/q_box1_dry_weight_photo/JPEG_20221129_151310_6254104500151339347.jpg,4.3,https://mavuno-files.s3-eu-west-1.amazonaws.com/survey-images/66d6b964-0e46-4a90-8864-585352d6cb63/q_box2_dry_weight_photo/JPEG_20221129_151513_6422207196373270604.jpg,0.8975,1.075,used box 1 and 17357,0.98625,have average yields,2022.0_200_Client_S,2,0.1062572253384021,1.390834869649478,,,0.490109771490097,,
803c6909-7497-4b4f-81d6-16a8269d1bab,Rice,2022.0,Nigeria,https://mavuno-files.s3-eu-west-1.amazonaws.com/survey-images/e09e4ada-a67f-4b36-bdf1-f85b30862abf/q_wet_harvest_photo/JPEG_20221130_123254_8825714989810166016.jpg,https://mavuno-files.s3-eu-west-1.amazonaws.com/survey-images/e09e4ada-a67f-4b36-bdf1-f85b30862abf/q_harvest_bags_photo/JPEG_20221130_123309_7218934910360970106.jpg,,,https://mavuno-files.s3-eu-west-1.amazonaws.com/survey-images/73648e96-850b-4484-a93d-a4c5d888418e/q_field_photo/JPEG_20221130_112735_1434487994184587333.jpg,10.5235772,5.4733856,7.895,https://mavuno-files.s3-eu-west-1.amazonaws.com/survey-images/e09e4ada-a67f-4b36-bdf1-f85b30862abf/q_box1_wet_weight_photo/JPEG_20221130_122914_6723084843356669173.jpg,6.885,https://mavuno-files.s3-eu-west-1.amazonaws.com/survey-images/e09e4ada-a67f-4b36-bdf1-f85b30862abf/q_box2_wet_weight_photo/JPEG_20221130_123120_8938141718242805150.jpg,6.195,https://mavuno-files.s3-eu-west-1.amazonaws.com/survey-images/ed606542-5fba-4208-a6cf-f4d9f65b15d3/q_box1_dry_weight_photo/JPEG_20221207_182521_8463196908107393977.jpg,5.05,https://mavuno-files.s3-eu-west-1.amazonaws.com/survey-images/ed606542-5fba-4208-a6cf-f4d9f65b15d3/q_box2_dry_weight_photo/JPEG_20221207_182559_831805352194849860.jpg,1.54875,1.2625,used box 1 and 17393,1.405625,have average yields,2022.0_85_Client_P,4,0.0163203671659982,-2.340317935842025,,,,,1.1322623491287231
805d40be-6b88-46d4-821d-cad55339408f,Rice,2022.0,Nigeria,https://mavuno-files.s3-eu-west-1.amazonaws.com/survey-images/cfa83521-563d-45fc-8c1f-dbe8e2b655d1/q_wet_harvest_photo/JPEG_20220907_162514_264071139.jpg,https://mavuno-files.s3-eu-west-1.amazonaws.com/survey-images/cfa83521-563d-45fc-8c1f-dbe8e2b655d1/q_harvest_bags_photo/JPEG_20220907_162522_1369320611.jpg,,,https://mavuno-files.s3-eu-west-1.amazonaws.com/survey-images/952493da-aa0d-41a6-94fc-754da990ab18/q_field_photo/JPEG_20220815_111032_1292796325956926321.jpg,12.638636,10.3049553,13.42,https://mavuno-files.s3-eu-west-1.amazonaws.com/survey-images/cfa83521-563d-45fc-8c1f-dbe8e2b655d1/q_box1_wet_weight_photo/JPEG_20220907_161904_377393873.jpg,14.74,https://mavuno-files.s3-eu-west-1.amazonaws.com/survey-images/cfa83521-563d-45fc-8c1f-dbe8e2b655d1/q_box2_wet_weight_photo/JPEG_20220907_162102_747926746.jpg,13.25,https://mavuno-files.s3-eu-west-1.amazonaws.com/survey-images/392948ec-094d-4988-bf4d-e4b76370b593/q_box1_dry_weight_photo/JPEG_20220908_140049_520002534.jpg,14.43,https://mavuno-files.s3-eu-west-1.amazonaws.com/survey-images/392948ec-094d-4988-bf4d-e4b76370b593/q_box2_dry_weight_photo/JPEG_20220908_140211_1006092374.jpg,3.3125,3.6075,used box 1 and 17410,3.46,have average yields,2022.0_105_Client_BS,4,1.1942164920823743,0.682037322712856,,,,,1.0114713907241821
80bae1df-7b8d-4b7f-bb14-210eb07ea7d4,Rice,2022.0,Nigeria,,,,,https://mavuno-files.s3-eu-west-1.amazonaws.com/survey-images/9947224a-76dd-4857-92d2-6079c6deff91/q_field_photo/JPEG_20221112_121733_3870873390840242672.jpg,10.7123893,11.4837869,0.0,,0.0,,0.0,,0.0,,0.0,0.0,used box 1 and 17459,0.0,have average yields,2022.0_200_Client_S,4,0.1214716002793864,1.4194473377666936,,,,,0.0376785546541214
80d79c8a-2445-46c0-b680-1fbd3eccc8b0,Rice,2022.0,Nigeria,https://mavuno-files.s3-eu-west-1.amazonaws.com/survey-images/99968cd8-0831-4a34-bd65-c49fd236351a/q_wet_harvest_photo/JPEG_20221019_085221_2392946072312437416.jpg,https://mavuno-files.s3-eu-west-1.amazonaws.com/survey-images/99968cd8-0831-4a34-bd65-c49fd236351a/q_harvest_bags_photo/JPEG_20221019_085303_2407647840615458101.jpg,,,https://mavuno-files.s3-eu-west-1.amazonaws.com/survey-images/01836fdb-2d09-482c-9f4e-14c031be5d42/q_field_photo/JPEG_20221019_073532_2781013183954806726.jpg,10.89237837,10.17456193,16.05,https://mavuno-files.s3-eu-west-1.amazonaws.com/survey-images/99968cd8-0831-4a34-bd65-c49fd236351a/q_box1_wet_weight_photo/JPEG_20221019_084534_5500295910546795088.jpg,16.83,https://mavuno-files.s3-eu-west-1.amazonaws.com/survey-images/99968cd8-0831-4a34-bd65-c49fd236351a/q_box2_wet_weight_photo/JPEG_20221019_085021_8274478831977604909.jpg,13.2,https://mavuno-files.s3-eu-west-1.amazonaws.com/survey-images/8bc761c3-8a9e-437d-879e-57fbbefd3f1c/q_box1_dry_weight_photo/JPEG_20221105_073520_5294281218257840127.jpg,13.42,https://mavuno-files.s3-eu-west-1.amazonaws.com/survey-images/8bc761c3-8a9e-437d-879e-57fbbefd3f1c/q_box2_dry_weight_photo/JPEG_20221105_073704_490288331296728072.jpg,3.3,3.355,used box 1 and 17475,3.3275,have average yields,2022.0_179_Client_K,1,0.221709205059122,0.60047064522082,,3.149306535720825,,,
8134ad20-f4af-4cd7-b7d7-5c9d5249129c,Rice,2022.0,Nigeria,https://mavuno-files.s3-eu-west-1.amazonaws.com/survey-images/237c20e6-c5e9-49eb-88ba-689e04ba4bbb/q_wet_harvest_photo/JPEG_20221017_172546_4913829165268324794.jpg,https://mavuno-files.s3-eu-west-1.amazonaws.com/survey-images/237c20e6-c5e9-49eb-88ba-689e04ba4bbb/q_harvest_bags_photo/JPEG_20221017_172631_4334841821839704693.jpg,,,https://mavuno-files.s3-eu-west-1.amazonaws.com/survey-images/04985e71-6a61-4801-92d9-84f95a1e0338/q_field_photo/JPEG_20221017_161213_3806389549306877907.jpg,11.37519085,9.53542538,17.1,https://mavuno-files.s3-eu-west-1.amazonaws.com/survey-images/237c20e6-c5e9-49eb-88ba-689e04ba4bbb/q_box1_wet_weight_photo/JPEG_20221017_172129_3424089727734119936.jpg,17.28,https://mavuno-files.s3-eu-west-1.amazonaws.com/survey-images/237c20e6-c5e9-49eb-88ba-689e04ba4bbb/q_box2_wet_weight_photo/JPEG_20221017_172357_708934942277032637.jpg,16.05,https://mavuno-files.s3-eu-west-1.amazonaws.com/survey-images/cadefe42-4456-4e83-ab47-0d7b750e98fe/q_box1_dry_weight_photo/JPEG_20221029_090122_1906244271428042461.jpg,16.16,https://mavuno-files.s3-eu-west-1.amazonaws.com/survey-images/cadefe42-4456-4e83-ab47-0d7b750e98fe/q_box2_dry_weight_photo/JPEG_20221029_090503_5125283583350805886.jpg,4.0125,4.04,used box 1 and 17519,4.02625,have average yields,2022.0_7_Client_K,4,0.4905920130705423,0.200663163849471,,,,,2.715146780014038
81b8abb0-b6bc-4ede-8b15-accd0219d49c,Rice,2022.0,Nigeria,https://mavuno-files.s3-eu-west-1.amazonaws.com/survey-images/3be38701-77df-412b-9f3a-19cc07577541/q_wet_harvest_photo/JPEG_20221017_174535_8621246259475609883.jpg,https://mavuno-files.s3-eu-west-1.amazonaws.com/survey-images/3be38701-77df-412b-9f3a-19cc07577541/q_harvest_bags_photo/JPEG_20221017_174612_6301462651646601942.jpg,,,https://mavuno-files.s3-eu-west-1.amazonaws.com/survey-images/1cd1ade3-7c44-4407-8a36-04395248cee9/q_field_photo/JPEG_20221017_173251_1814869959581478370.jpg,12.3211003,9.9311422,0.0,,0.0,,0.0,,0.0,,0.0,0.0,used box 1 and 17592,0.0,have average yields,2022.0_53_Client_BY,4,1.017377876270554,0.4482011041229223,,,,,-0.1542934626340866
82303cb7-f460-4139-8f9d-def0a325f2a0,Rice,2022.0,Nigeria,,,,,https://mavuno-files.s3-eu-west-1.amazonaws.com/survey-images/7fdf9ca8-442b-489e-b637-8a59772cb5e0/q_field_photo/JPEG_20221027_145506_1828804893816232706.jpg,7.74425,8.5768483,0.0,,0.0,,0.0,,0.0,,0.0,0.0,used box 1 and 17652,0.0,have average yields,2022.0_106_Client_AU,0,-1.53151307309329,-0.3989681481997336,0.1469025611877441,,,,
829e3f09-7952-47d3-87ad-b81afb9f2018,Rice,2022.0,Nigeria,https://mavuno-files.s3-eu-west-1.amazonaws.com/survey-images/f80378cc-6ddf-4387-bc09-18c6c38c3ff8/q_wet_harvest_photo/JPEG_20221130_150859_7108390413942897439.jpg,https://mavuno-files.s3-eu-west-1.amazonaws.com/survey-images/f80378cc-6ddf-4387-bc09-18c6c38c3ff8/q_harvest_bags_photo/JPEG_20221130_150914_6742515133644191273.jpg,,,https://mavuno-files.s3-eu-west-1.amazonaws.com/survey-images/ecbda61f-e473-44b5-b8f3-782ecdb2c948/q_field_photo/JPEG_20221130_130027_7625440666690547600.jpg,10.526278,5.4721492,7.265,https://mavuno-files.s3-eu-west-1.amazonaws.com/survey-images/f80378cc-6ddf-4387-bc09-18c6c38c3ff8/q_box1_wet_weight_photo/JPEG_20221130_150419_5431965558556134132.jpg,8.605,https://mavuno-files.s3-eu-west-1.amazonaws.com/survey-images/f80378cc-6ddf-4387-bc09-18c6c38c3ff8/q_box2_wet_weight_photo/JPEG_20221130_150656_8791036348926970481.jpg,6.85,https://mavuno-files.s3-eu-west-1.amazonaws.com/survey-images/4e3de66a-bd34-4a83-b893-baf0e7b91371/q_box1_dry_weight_photo/JPEG_20221207_182859_381683129997275363.jpg,7.02,https://mavuno-files.s3-eu-west-1.amazonaws.com/survey-images/4e3de66a-bd34-4a83-b893-baf0e7b91371/q_box2_dry_weight_photo/JPEG_20221207_183030_877297966836448047.jpg,1.7125,1.755,used box 1 and 17730,1.73375,have average yields,2022.0_85_Client_P,2,0.017824468070509,-2.3410913573745096,,,1.7082741260528564,,
82a44065-d148-4a56-a443-0500e5ddb87c,Rice,2022.0,Nigeria,https://mavuno-files.s3-eu-west-1.amazonaws.com/survey-images/857154f1-a962-4a4b-99ba-012c14f5cee4/q_wet_harvest_photo/JPEG_20221030_163208_557134162949536333.jpg,https://mavuno-files.s3-eu-west-1.amazonaws.com/survey-images/857154f1-a962-4a4b-99ba-012c14f5cee4/q_harvest_bags_photo/JPEG_20221030_163309_3818288901856673299.jpg,,,https://mavuno-files.s3-eu-west-1.amazonaws.com/survey-images/aa8b0949-93d8-41e8-a32f-233cd10f84de/q_field_photo/JPEG_20221030_161636_3498781545220429673.jpg,10.0844205,12.6565112,1.07,https://mavuno-files.s3-eu-west-1.amazonaws.com/survey-images/857154f1-a962-4a4b-99ba-012c14f5cee4/q_box1_wet_weight_photo/JPEG_20221030_162545_2505259781463013104.jpg,1.115,https://mavuno-files.s3-eu-west-1.amazonaws.com/survey-images/857154f1-a962-4a4b-99ba-012c14f5cee4/q_box2_wet_weight_photo/JPEG_20221030_162945_5623289760277923621.jpg,0.98,https://mavuno-files.s3-eu-west-1.amazonaws.com/survey-images/1cfd58b9-13eb-4213-b22f-eb5cb69e8815/q_box1_dry_weight_photo/JPEG_20221030_163508_4405717322901942361.jpg,1.025,https://mavuno-files.s3-eu-west-1.amazonaws.com/survey-images/1cfd58b9-13eb-4213-b22f-eb5cb69e8815/q_box2_dry_weight_photo/JPEG_20221030_163656_4873283662797067496.jpg,0.245,0.25625,used box 1 and 17732,0.250625,have average yields,2022.0_28_Client_S,1,-0.2282501266477261,2.1530369732303183,,1.7753950357437134,,,
82bf8729-9a0c-4dcd-b44e-f6709931acba,Rice,2022.0,Nigeria,https://mavuno-files.s3-eu-west-1.amazonaws.com/survey-images/32e2f677-f6a1-4646-84ce-37918dc4a44c/q_wet_harvest_photo/JPEG_20221023_122728_253916185835061407.jpg,https://mavuno-files.s3-eu-west-1.amazonaws.com/survey-images/32e2f677-f6a1-4646-84ce-37918dc4a44c/q_harvest_bags_photo/JPEG_20221023_122739_2881946980570999864.jpg,,,https://mavuno-files.s3-eu-west-1.amazonaws.com/survey-images/2e15edf5-e6ca-4cf5-ad5b-a42a095f5366/q_field_photo/JPEG_20221023_111755_1761325106350484582.jpg,10.87902394,10.16838949,15.88,https://mavuno-files.s3-eu-west-1.amazonaws.com/survey-images/32e2f677-f6a1-4646-84ce-37918dc4a44c/q_box1_wet_weight_photo/JPEG_20221023_122328_4035702592144621706.jpg,14.5,https://mavuno-files.s3-eu-west-1.amazonaws.com/survey-images/32e2f677-f6a1-4646-84ce-37918dc4a44c/q_box2_wet_weight_photo/JPEG_20221023_122616_2842368143620009883.jpg,12.46,https://mavuno-files.s3-eu-west-1.amazonaws.com/survey-images/23ab6fb6-c3eb-449e-9dd2-7d98e9b5022e/q_box1_dry_weight_photo/JPEG_20221108_112327_8300392903244868416.jpg,11.16,https://mavuno-files.s3-eu-west-1.amazonaws.com/survey-images/23ab6fb6-c3eb-449e-9dd2-7d98e9b5022e/q_box2_dry_weight_photo/JPEG_20221108_112419_7488930960763754300.jpg,3.115,2.79,used box 1 and 17747,2.9525,have average yields,2022.0_179_Client_K,0,0.214271997475358,0.5966095177507733,3.198688745498657,,,,
835d5a94-7d50-4a64-acdd-86574db84900,Rice,2022.0,Nigeria,https://mavuno-files.s3-eu-west-1.amazonaws.com/survey-images/4c6e5a4d-f632-4762-b5cd-768297cee391/q_wet_harvest_photo/JPEG_20221124_090422_2839893270991806356.jpg,https://mavuno-files.s3-eu-west-1.amazonaws.com/survey-images/4c6e5a4d-f632-4762-b5cd-768297cee391/q_harvest_bags_photo/JPEG_20221124_090508_2811090155324555234.jpg,,,https://mavuno-files.s3-eu-west-1.amazonaws.com/survey-images/f826d130-107f-4d5f-90c6-642c7380639b/q_field_photo/JPEG_20221122_115041_4540851512940482800.jpg,10.5991705,8.1378627,8.615,https://mavuno-files.s3-eu-west-1.amazonaws.com/survey-images/4c6e5a4d-f632-4762-b5cd-768297cee391/q_box1_wet_weight_photo/JPEG_20221124_090135_3335930174756063566.jpg,8.065,https://mavuno-files.s3-eu-west-1.amazonaws.com/survey-images/4c6e5a4d-f632-4762-b5cd-768297cee391/q_box2_wet_weight_photo/JPEG_20221124_090346_6845070264357508370.jpg,8.615,https://mavuno-files.s3-eu-west-1.amazonaws.com/survey-images/a77a06e4-0333-4548-bf0b-ee23e8afac2e/q_box1_dry_weight_photo/JPEG_20221124_092015_8357944289306608718.jpg,8.05,https://mavuno-files.s3-eu-west-1.amazonaws.com/survey-images/a77a06e4-0333-4548-bf0b-ee23e8afac2e/q_box2_dry_weight_photo/JPEG_20221124_092508_1732036832139079793.jpg,2.15375,2.0125,used box 1 and 17820,2.083125,have average yields,2022.0_104_Client_AD,2,0.058418986428801,-0.6735725767749586,,,2.514288902282715,,
839dc2f4-869a-4242-a51d-db236baee70b,Rice,2022.0,Nigeria,https://mavuno-files.s3-eu-west-1.amazonaws.com/survey-images/28b71fce-e2fe-42f5-b5fd-59212a09dea1/q_wet_harvest_photo/JPEG_20221117_144957_3164656782605993401.jpg,https://mavuno-files.s3-eu-west-1.amazonaws.com/survey-images/28b71fce-e2fe-42f5-b5fd-59212a09dea1/q_harvest_bags_photo/JPEG_20221117_145031_662845181957914883.jpg,,,https://mavuno-files.s3-eu-west-1.amazonaws.com/survey-images/344baf73-63a2-4abd-aa62-a33560ff649e/q_field_photo/JPEG_20221024_150724_7084297925643628368.jpg,12.3109232,9.6825637,13.7,https://mavuno-files.s3-eu-west-1.amazonaws.com/survey-images/28b71fce-e2fe-42f5-b5fd-59212a09dea1/q_box1_wet_weight_photo/JPEG_20221117_144054_9047307802814330219.jpg,11.91,https://mavuno-files.s3-eu-west-1.amazonaws.com/survey-images/28b71fce-e2fe-42f5-b5fd-59212a09dea1/q_box2_wet_weight_photo/JPEG_20221117_144558_4856856563102279404.jpg,12.66,https://mavuno-files.s3-eu-west-1.amazonaws.com/survey-images/3487aa33-6bd6-40f1-bd23-b5687f521c07/q_box1_dry_weight_photo/JPEG_20221126_142819_7270547901769814887.jpg,10.14,https://mavuno-files.s3-eu-west-1.amazonaws.com/survey-images/3487aa33-6bd6-40f1-bd23-b5687f521c07/q_box2_dry_weight_photo/JPEG_20221126_143014_1466321622729245708.jpg,3.165,2.535,used box 1 and 17856,2.85,have average yields,2022.0_53_Client_BY,3,1.0117101536271522,0.292704529864936,,,,3.5527639389038086,
839ebae1-6202-4772-b24a-cdb81f64be84,Rice,2022.0,Nigeria,,,,,https://mavuno-files.s3-eu-west-1.amazonaws.com/survey-images/5964659a-544f-42ef-966d-36c4376c2eef/q_field_photo/JPEG_20221025_133057_1180155831449731655.jpg,11.35861156,9.569085427,0.0,,0.0,,0.0,https://mavuno-files.s3-eu-west-1.amazonaws.com/survey-images/a69836bc-c100-4022-8bae-6c0828e930f5/q_box1_dry_weight_photo/JPEG_20221025_140337_2291732067676525451.jpg,0.0,https://mavuno-files.s3-eu-west-1.amazonaws.com/survey-images/a69836bc-c100-4022-8bae-6c0828e930f5/q_box2_dry_weight_photo/JPEG_20221025_140404_8195671575732668189.jpg,0.0,0.0,used box 1 and 17857,0.0,have average yields,2022.0_7_Client_K,3,0.4813588506426874,0.221718975184171,,,,0.4077430963516235,
83bf2e9c-97e7-4bc3-8b51-907017e841ec,Rice,2022.0,Nigeria,https://mavuno-files.s3-eu-west-1.amazonaws.com/survey-images/714781c2-a1fd-4124-b92f-22f0ea34e0e3/q_wet_harvest_photo/JPEG_20221026_105319_2429506095076200870.jpg,https://mavuno-files.s3-eu-west-1.amazonaws.com/survey-images/714781c2-a1fd-4124-b92f-22f0ea34e0e3/q_harvest_bags_photo/JPEG_20221026_105427_4634665260478659686.jpg,,,https://mavuno-files.s3-eu-west-1.amazonaws.com/survey-images/80d92c08-f523-4520-a352-616521aa19d4/q_field_photo/JPEG_20221021_120117_6417827231024153383.jpg,11.65837876,10.22066105,18.33,https://mavuno-files.s3-eu-west-1.amazonaws.com/survey-images/714781c2-a1fd-4124-b92f-22f0ea34e0e3/q_box1_wet_weight_photo/JPEG_20221026_104707_98385414638215519.jpg,18.0,https://mavuno-files.s3-eu-west-1.amazonaws.com/survey-images/714781c2-a1fd-4124-b92f-22f0ea34e0e3/q_box2_wet_weight_photo/JPEG_20221026_105023_4330066265920388531.jpg,15.06,https://mavuno-files.s3-eu-west-1.amazonaws.com/survey-images/87c5e257-1df4-4b69-a2a9-100279e6737a/q_box1_dry_weight_photo/JPEG_20221029_092613_1107053554337600230.jpg,15.43,https://mavuno-files.s3-eu-west-1.amazonaws.com/survey-images/87c5e257-1df4-4b69-a2a9-100279e6737a/q_box2_dry_weight_photo/JPEG_20221029_092651_5589104306983763958.jpg,3.765,3.8575,used box 1 and 17874,3.81125,have average yields,2022.0_13_Client_K,3,0.6483020218004028,0.6293076332801573,,,,4.082037448883057,
83d65519-a5d1-4a12-b6f6-e9ce13a58075,Rice,2022.0,Nigeria,https://mavuno-files.s3-eu-west-1.amazonaws.com/survey-images/d726acef-afce-4084-8e45-8e8b38ac5c19/q_wet_harvest_photo/JPEG_20220719_161201_6266244969638374537.jpg,https://mavuno-files.s3-eu-west-1.amazonaws.com/survey-images/d726acef-afce-4084-8e45-8e8b38ac5c19/q_harvest_bags_photo/JPEG_20220719_161224_2957100641193739329.jpg,,,https://mavuno-files.s3-eu-west-1.amazonaws.com/survey-images/34ebe39e-114d-46a0-90a7-9ae3116bb548/q_field_photo/JPEG_20220716_114332_7008024074372635409.jpg,12.594042,10.536684,2.05,https://mavuno-files.s3-eu-west-1.amazonaws.com/survey-images/d726acef-afce-4084-8e45-8e8b38ac5c19/q_box1_wet_weight_photo/JPEG_20220719_160944_320059166319601085.jpg,1.92,https://mavuno-files.s3-eu-west-1.amazonaws.com/survey-images/d726acef-afce-4084-8e45-8e8b38ac5c19/q_box2_wet_weight_photo/JPEG_20220719_161057_8101043028992829163.jpg,2.01,https://mavuno-files.s3-eu-west-1.amazonaws.com/survey-images/41eeffcc-366f-4e31-a1e1-dc89dbca97c7/q_box1_dry_weight_photo/JPEG_20220814_093007_3562466539144101140.jpg,1.915,https://mavuno-files.s3-eu-west-1.amazonaws.com/survey-images/41eeffcc-366f-4e31-a1e1-dc89dbca97c7/q_box2_dry_weight_photo/JPEG_20220814_093304_1213652990665675140.jpg,0.5025,0.47875,used box 1 and 17887,0.490625,have average yields,2022.0_105_Client_BW,4,1.1693816743484555,0.8269936202496763,,,,,1.089768648147583
8428f349-13a5-43ca-b1de-ca9fb9a481c0,Rice,2022.0,Nigeria,https://mavuno-files.s3-eu-west-1.amazonaws.com/survey-images/155be80f-7c2e-4cc2-a72e-162044dd2f5c/q_wet_harvest_photo/JPEG_20221117_124056_8526035442613935787.jpg,https://mavuno-files.s3-eu-west-1.amazonaws.com/survey-images/155be80f-7c2e-4cc2-a72e-162044dd2f5c/q_harvest_bags_photo/JPEG_20221117_124145_2415202532148870799.jpg,,,https://mavuno-files.s3-eu-west-1.amazonaws.com/survey-images/a613654c-ccc3-4198-b6ce-10fe8a28de9d/q_field_photo/JPEG_20221116_120230_2959921389249003455.jpg,11.9760783,8.8725917,9.31,https://mavuno-files.s3-eu-west-1.amazonaws.com/survey-images/155be80f-7c2e-4cc2-a72e-162044dd2f5c/q_box1_wet_weight_photo/JPEG_20221117_122920_3392448704552299310.jpg,9.54,https://mavuno-files.s3-eu-west-1.amazonaws.com/survey-images/155be80f-7c2e-4cc2-a72e-162044dd2f5c/q_box2_wet_weight_photo/JPEG_20221117_123608_7625261408381259036.jpg,8.65,https://mavuno-files.s3-eu-west-1.amazonaws.com/survey-images/5c1cd83f-b719-4d77-a41a-9d59f2f69d94/q_box1_dry_weight_photo/JPEG_20221119_083638_188229087059327968.jpg,8.525,https://mavuno-files.s3-eu-west-1.amazonaws.com/survey-images/5c1cd83f-b719-4d77-a41a-9d59f2f69d94/q_box2_dry_weight_photo/JPEG_20221119_084234_2899925871989006278.jpg,2.1625,2.13125,used box 1 and 17919,2.146875,have average yields,2022.0_56_Client_P,2,0.8252318816481359,-0.2139678945196723,,,1.9151573181152344,,
8448c266-b090-4b9d-bf26-40c0e1aa040b,Rice,2022.0,Nigeria,https://mavuno-files.s3-eu-west-1.amazonaws.com/survey-images/ce165a24-1f95-4580-8d15-2a685652be30/q_wet_harvest_photo/JPEG_20221027_084024_4817457772645398665.jpg,https://mavuno-files.s3-eu-west-1.amazonaws.com/survey-images/ce165a24-1f95-4580-8d15-2a685652be30/q_harvest_bags_photo/JPEG_20221027_084032_1788185208756477231.jpg,,,https://mavuno-files.s3-eu-west-1.amazonaws.com/survey-images/7c2f617e-d74d-444b-a5ed-d6f00b020d36/q_field_photo/JPEG_20221020_073436_1883876087293272061.jpg,11.69380975,8.128713369,13.9,https://mavuno-files.s3-eu-west-1.amazonaws.com/survey-images/ce165a24-1f95-4580-8d15-2a685652be30/q_box1_wet_weight_photo/JPEG_20221027_083828_4885945896662796040.jpg,12.94,https://mavuno-files.s3-eu-west-1.amazonaws.com/survey-images/ce165a24-1f95-4580-8d15-2a685652be30/q_box2_wet_weight_photo/JPEG_20221027_083928_3918753008542150551.jpg,10.37,https://mavuno-files.s3-eu-west-1.amazonaws.com/survey-images/16167d81-9180-44d1-baef-33e532ef3b65/q_box1_dry_weight_photo/JPEG_20221122_095531_1078058695025424165.jpg,9.725,https://mavuno-files.s3-eu-west-1.amazonaws.com/survey-images/16167d81-9180-44d1-baef-33e532ef3b65/q_box2_dry_weight_photo/JPEG_20221122_101134_1913788007617301759.jpg,2.5925,2.43125,used box 1 and 17937,2.511875,have average yields,2022.0_74_Client_K,1,0.6680338731432358,-0.6792958779745891,,3.236075162887573,,,
84802e4a-16b8-4d04-b91d-110e6e901dc5,Rice,2022.0,Nigeria,https://mavuno-files.s3-eu-west-1.amazonaws.com/survey-images/baabdb8d-f741-4443-b933-de5aa993867e/q_wet_harvest_photo/JPEG_20221206_101506_1696384795500143716.jpg,https://mavuno-files.s3-eu-west-1.amazonaws.com/survey-images/baabdb8d-f741-4443-b933-de5aa993867e/q_harvest_bags_photo/JPEG_20221206_101529_3436589069542009807.jpg,,,https://mavuno-files.s3-eu-west-1.amazonaws.com/survey-images/deb34512-fcae-485b-941d-511b67a5e0bd/q_field_photo/JPEG_20221104_113745_1096968558009020281.jpg,7.7995365,8.5583206,6.055,https://mavuno-files.s3-eu-west-1.amazonaws.com/survey-images/baabdb8d-f741-4443-b933-de5aa993867e/q_box1_wet_weight_photo/JPEG_20221206_101033_786247825145073995.jpg,5.905,https://mavuno-files.s3-eu-west-1.amazonaws.com/survey-images/baabdb8d-f741-4443-b933-de5aa993867e/q_box2_wet_weight_photo/JPEG_20221206_101347_9088854831821811652.jpg,4.33,https://mavuno-files.s3-eu-west-1.amazonaws.com/survey-images/f4ad0444-a8ac-4b8a-82c1-cb22220e8bae/q_box1_dry_weight_photo/JPEG_20221206_101734_4492654053893171222.jpg,4.875,https://mavuno-files.s3-eu-west-1.amazonaws.com/survey-images/f4ad0444-a8ac-4b8a-82c1-cb22220e8bae/q_box2_dry_weight_photo/JPEG_20221206_101918_5627174919672864638.jpg,1.0825,1.21875,used box 1 and 17962,1.150625,have average yields,2022.0_106_Client_AU,4,-1.5007235016117837,-0.4105580237476176,,,,,1.0602540969848633
84b20407-36ef-4d95-9b1c-bd6b3a3e1c71,Rice,2022.0,Nigeria,https://mavuno-files.s3-eu-west-1.amazonaws.com/survey-images/0a8c890a-0175-407f-93be-d8515ea45770/q_wet_harvest_photo/JPEG_20221129_165830_6411036690999704175.jpg,https://mavuno-files.s3-eu-west-1.amazonaws.com/survey-images/0a8c890a-0175-407f-93be-d8515ea45770/q_harvest_bags_photo/JPEG_20221129_165837_8921089887738869791.jpg,,,https://mavuno-files.s3-eu-west-1.amazonaws.com/survey-images/15983e09-1c1a-4d54-b4f8-5c9c91fedc64/q_field_photo/JPEG_20221129_161727_5346221161528204437.jpg,10.5232352,5.4802668,7.715,https://mavuno-files.s3-eu-west-1.amazonaws.com/survey-images/0a8c890a-0175-407f-93be-d8515ea45770/q_box1_wet_weight_photo/JPEG_20221129_165533_4472031628468360984.jpg,7.95,https://mavuno-files.s3-eu-west-1.amazonaws.com/survey-images/0a8c890a-0175-407f-93be-d8515ea45770/q_box2_wet_weight_photo/JPEG_20221129_165659_399025586982180716.jpg,6.59,https://mavuno-files.s3-eu-west-1.amazonaws.com/survey-images/21acc31f-49d3-436f-9cc9-941bf6cf5b06/q_box1_dry_weight_photo/JPEG_20221207_180645_6726666408074175270.jpg,6.67,https://mavuno-files.s3-eu-west-1.amazonaws.com/survey-images/21acc31f-49d3-436f-9cc9-941bf6cf5b06/q_box2_dry_weight_photo/JPEG_20221207_180748_809744265287152578.jpg,1.6475,1.6675,used box 1 and 17996,1.6575,have average yields,2022.0_85_Client_P,1,0.0161299041515793,-2.336013448419404,,2.555472612380981,,,
84cd19b2-7644-4c8a-862b-98e4fe1074f0,Rice,2022.0,Nigeria,https://mavuno-files.s3-eu-west-1.amazonaws.com/survey-images/6b6abe52-7565-4888-817e-27610c2fcd03/q_wet_harvest_photo/JPEG_20221026_141351_3412108775148458065.jpg,https://mavuno-files.s3-eu-west-1.amazonaws.com/survey-images/6b6abe52-7565-4888-817e-27610c2fcd03/q_harvest_bags_photo/JPEG_20221026_141407_614896766735190138.jpg,,,https://mavuno-files.s3-eu-west-1.amazonaws.com/survey-images/6dca26aa-3176-4e44-97de-687f9ded8c1b/q_field_photo/JPEG_20221026_133710_6046903699506789097.jpg,12.57156377,8.939709105,14.84,https://mavuno-files.s3-eu-west-1.amazonaws.com/survey-images/6b6abe52-7565-4888-817e-27610c2fcd03/q_box1_wet_weight_photo/JPEG_20221026_141033_8618866928162981093.jpg,13.85,https://mavuno-files.s3-eu-west-1.amazonaws.com/survey-images/6b6abe52-7565-4888-817e-27610c2fcd03/q_box2_wet_weight_photo/JPEG_20221026_141233_4143572727526632602.jpg,12.86,https://mavuno-files.s3-eu-west-1.amazonaws.com/survey-images/bf517d9d-d3f0-4576-afec-5231542b4d75/q_box1_dry_weight_photo/JPEG_20221101_132305_5669148110093080186.jpg,11.45,https://mavuno-files.s3-eu-west-1.amazonaws.com/survey-images/bf517d9d-d3f0-4576-afec-5231542b4d75/q_box2_dry_weight_photo/JPEG_20221101_132410_203656835126822753.jpg,3.215,2.8625,used box 1 and 18017,3.03875,have average yields,2022.0_7_Client_K,2,1.1568633367911356,-0.1719830625628217,,,2.8409171104431152,,
84ef4d83-405b-4c06-b06f-ff5a9b73367c,Rice,2022.0,Nigeria,https://mavuno-files.s3-eu-west-1.amazonaws.com/survey-images/56fb4e0b-f9ff-4983-a470-743a42932a96/q_wet_harvest_photo/JPEG_20221021_101939_4276113648168809106.jpg,https://mavuno-files.s3-eu-west-1.amazonaws.com/survey-images/56fb4e0b-f9ff-4983-a470-743a42932a96/q_harvest_bags_photo/JPEG_20221021_101952_3165496654083439743.jpg,,,https://mavuno-files.s3-eu-west-1.amazonaws.com/survey-images/b2dbc892-c0c6-4543-9d2d-e11777b82537/q_field_photo/JPEG_20221021_095039_7896028793173836797.jpg,11.76169974,9.724111073,13.83,https://mavuno-files.s3-eu-west-1.amazonaws.com/survey-images/56fb4e0b-f9ff-4983-a470-743a42932a96/q_box1_wet_weight_photo/JPEG_20221021_101715_6102654543141926671.jpg,12.58,https://mavuno-files.s3-eu-west-1.amazonaws.com/survey-images/56fb4e0b-f9ff-4983-a470-743a42932a96/q_box2_wet_weight_photo/JPEG_20221021_101846_3965120308169876454.jpg,11.64,https://mavuno-files.s3-eu-west-1.amazonaws.com/survey-images/50a8bdd3-2b0c-4085-a112-186897f0fc64/q_box1_dry_weight_photo/JPEG_20221122_091001_4531316471959001437.jpg,11.0,https://mavuno-files.s3-eu-west-1.amazonaws.com/survey-images/50a8bdd3-2b0c-4085-a112-186897f0fc64/q_box2_dry_weight_photo/JPEG_20221122_091122_4648849889984668184.jpg,2.91,2.75,used box 1 and 18031,2.83,have average yields,2022.0_113_Client_K,0,0.7058424466645067,0.3186942038348037,2.866740465164185,,,,
853c6e80-fa0a-4f3d-b50b-c1df756b3b6c,Rice,2022.0,Nigeria,https://mavuno-files.s3-eu-west-1.amazonaws.com/survey-images/e4fc8fe4-ff35-40cc-a207-5021c02ef14b/q_wet_harvest_photo/JPEG_20220720_073352_3100378300203227140.jpg,https://mavuno-files.s3-eu-west-1.amazonaws.com/survey-images/e4fc8fe4-ff35-40cc-a207-5021c02ef14b/q_harvest_bags_photo/JPEG_20220720_073435_7456374991754355910.jpg,,,https://mavuno-files.s3-eu-west-1.amazonaws.com/survey-images/7daf882f-0147-43ff-b671-f2d3a81a6a30/q_field_photo/JPEG_20220718_091421_2460997623119977939.jpg,12.5928364,10.536875,5.12,https://mavuno-files.s3-eu-west-1.amazonaws.com/survey-images/e4fc8fe4-ff35-40cc-a207-5021c02ef14b/q_box1_wet_weight_photo/JPEG_20220720_073150_456444398399391754.jpg,4.85,https://mavuno-files.s3-eu-west-1.amazonaws.com/survey-images/e4fc8fe4-ff35-40cc-a207-5021c02ef14b/q_box2_wet_weight_photo/JPEG_20220720_073302_5684039821810959433.jpg,5.085,https://mavuno-files.s3-eu-west-1.amazonaws.com/survey-images/873fb9b1-7318-4db5-8b5d-52acc2378488/q_box1_dry_weight_photo/JPEG_20220814_110542_821208479183124877.jpg,4.83,https://mavuno-files.s3-eu-west-1.amazonaws.com/survey-images/873fb9b1-7318-4db5-8b5d-52acc2378488/q_box2_dry_weight_photo/JPEG_20220814_110728_4872896875739302793.jpg,1.27125,1.2075,used box 1 and 18074,1.239375,have average yields,2022.0_105_Client_BW,1,1.1687102643771583,0.827113098988519,,1.0777937173843384,,,
85411798-cecb-417a-8301-00ac0e44745a,Rice,2022.0,Nigeria,,,,,https://mavuno-files.s3-eu-west-1.amazonaws.com/survey-images/1331a4b8-a6ea-4fa6-8d01-e6d4ea2fb710/q_field_photo/JPEG_20221025_155636_651546135113913060.jpg,11.35874962,9.57179781,0.0,,0.0,,0.0,https://mavuno-files.s3-eu-west-1.amazonaws.com/survey-images/d8312e11-6746-41e8-b185-078ebb217c35/q_box1_dry_weight_photo/JPEG_20221025_161738_6483610540012895235.jpg,0.0,https://mavuno-files.s3-eu-west-1.amazonaws.com/survey-images/d8312e11-6746-41e8-b185-078ebb217c35/q_box2_dry_weight_photo/JPEG_20221025_161804_8019940543619798133.jpg,0.0,0.0,used box 1 and 18080,0.0,have average yields,2022.0_7_Client_K,1,0.4814357375542972,0.2234156877501237,,0.038503848016262,,,
85beeee8-21f3-43d0-8592-96509e3f1c92,Rice,2022.0,Nigeria,,,,,https://mavuno-files.s3-eu-west-1.amazonaws.com/survey-images/9ec0280a-521b-4261-bece-89843201651f/q_field_photo/JPEG_20221004_161254_4467012512712150396.jpg,6.4801329,8.568875,0.0,,0.0,,0.0,,0.0,,0.0,0.0,used box 1 and 18133,0.0,have average yields,2022.0_98_Client_AY,2,-2.235511767375703,-0.403955791280415,,,0.582585334777832,,
86324b5d-043c-4c74-b741-12fa3557e700,Rice,2022.0,Nigeria,https://mavuno-files.s3-eu-west-1.amazonaws.com/survey-images/b0a32787-c6a5-43df-925c-f67a4b86f11b/q_wet_harvest_photo/JPEG_20221119_141207_8955552766616395240.jpg,https://mavuno-files.s3-eu-west-1.amazonaws.com/survey-images/b0a32787-c6a5-43df-925c-f67a4b86f11b/q_harvest_bags_photo/JPEG_20221119_141308_4476734277102415192.jpg,,,https://mavuno-files.s3-eu-west-1.amazonaws.com/survey-images/931435b1-a14d-4fdf-8293-ec30280ead8f/q_field_photo/JPEG_20221114_165916_4148891351629535067.jpg,10.0182554,11.1843304,2.09,https://mavuno-files.s3-eu-west-1.amazonaws.com/survey-images/b0a32787-c6a5-43df-925c-f67a4b86f11b/q_box1_wet_weight_photo/JPEG_20221119_140618_7618851018090119402.jpg,1.97,https://mavuno-files.s3-eu-west-1.amazonaws.com/survey-images/b0a32787-c6a5-43df-925c-f67a4b86f11b/q_box2_wet_weight_photo/JPEG_20221119_140829_7677267800910880198.jpg,1.465,https://mavuno-files.s3-eu-west-1.amazonaws.com/survey-images/dc23d1a2-7bb1-4be5-b365-fe279d9f68d7/q_box1_dry_weight_photo/JPEG_20221201_122407_2828908190730699205.jpg,0.945,https://mavuno-files.s3-eu-west-1.amazonaws.com/survey-images/dc23d1a2-7bb1-4be5-b365-fe279d9f68d7/q_box2_dry_weight_photo/JPEG_20221201_083452_7965208799353653121.jpg,0.36625,0.23625,used box 1 and 18189,0.30125,have average yields,2022.0_52_Client_S,4,-0.2650980927159534,1.2321243798709525,,,,,0.9371079802513123
865b70c0-c58a-4b46-a3ed-d98fcf63cc4b,Rice,2022.0,Nigeria,https://mavuno-files.s3-eu-west-1.amazonaws.com/survey-images/0a12427f-bf5f-4067-a88e-55e7095b4fd4/q_wet_harvest_photo/JPEG_20221207_131741_702072365087612268.jpg,https://mavuno-files.s3-eu-west-1.amazonaws.com/survey-images/0a12427f-bf5f-4067-a88e-55e7095b4fd4/q_harvest_bags_photo/JPEG_20221207_131756_5256167663846094315.jpg,,,https://mavuno-files.s3-eu-west-1.amazonaws.com/survey-images/cbd3fb08-c2e9-43cc-a9ad-d6f82732fbe6/q_field_photo/JPEG_20221129_135513_3280409947124472962.jpg,11.14739435,4.57390308,3.085,https://mavuno-files.s3-eu-west-1.amazonaws.com/survey-images/0a12427f-bf5f-4067-a88e-55e7095b4fd4/q_box1_wet_weight_photo/JPEG_20221207_131531_4866858638793910249.jpg,4.18,https://mavuno-files.s3-eu-west-1.amazonaws.com/survey-images/0a12427f-bf5f-4067-a88e-55e7095b4fd4/q_box2_wet_weight_photo/JPEG_20221207_131634_6798523565026894189.jpg,3.045,https://mavuno-files.s3-eu-west-1.amazonaws.com/survey-images/5872e375-861d-4442-9500-91601de076f4/q_box1_dry_weight_photo/JPEG_20221209_154441_8760432587919134474.jpg,4.125,https://mavuno-files.s3-eu-west-1.amazonaws.com/survey-images/5872e375-861d-4442-9500-91601de076f4/q_box2_dry_weight_photo/JPEG_20221209_154547_5373492233961658490.jpg,0.76125,1.03125,used box 1 and 18204,0.89625,have average yields,2022.0_129_Client_P,3,0.3637300011872266,-2.9029830515497,,,,2.08147406578064,
8689756c-fbfa-4e04-9ff0-20b0391d15cc,Rice,2022.0,Nigeria,https://mavuno-files.s3-eu-west-1.amazonaws.com/survey-images/58d6ebaa-b6ec-45f1-a9c3-4f14ef8114fe/q_wet_harvest_photo/JPEG_20221023_131037_2548065314291593835.jpg,https://mavuno-files.s3-eu-west-1.amazonaws.com/survey-images/58d6ebaa-b6ec-45f1-a9c3-4f14ef8114fe/q_harvest_bags_photo/JPEG_20221023_131312_5323775951530391209.jpg,,,https://mavuno-files.s3-eu-west-1.amazonaws.com/survey-images/66689d63-61fa-407f-8b93-aa7aaf5c9907/q_field_photo/JPEG_20221022_130959_6016077700602337851.jpg,10.6941687,11.4671235,28.79,https://mavuno-files.s3-eu-west-1.amazonaws.com/survey-images/58d6ebaa-b6ec-45f1-a9c3-4f14ef8114fe/q_box1_wet_weight_photo/JPEG_20221023_125905_3035922463448333199.jpg,23.42,https://mavuno-files.s3-eu-west-1.amazonaws.com/survey-images/58d6ebaa-b6ec-45f1-a9c3-4f14ef8114fe/q_box2_wet_weight_photo/JPEG_20221023_130603_3161686109462544526.jpg,18.07,https://mavuno-files.s3-eu-west-1.amazonaws.com/survey-images/3c969290-029a-451d-adca-0648710233de/q_box1_dry_weight_photo/JPEG_20221027_160514_4689723938410762276.jpg,17.17,https://mavuno-files.s3-eu-west-1.amazonaws.com/survey-images/3c969290-029a-451d-adca-0648710233de/q_box2_dry_weight_photo/JPEG_20221027_160743_986152644020545773.jpg,4.5175,4.2925,used box 1 and 18229,4.405,have average yields,2022.0_200_Client_S,4,0.1113243768860459,1.4090236622859478,,,,,1.8902281522750854
86b87fd0-e021-4cba-82b3-3eefa3d70e57,Rice,2022.0,Nigeria,https://mavuno-files.s3-eu-west-1.amazonaws.com/survey-images/4009c7cd-3189-41e8-b98d-461f6b3767c6/q_wet_harvest_photo/JPEG_20221028_124209_6264558760446116468.jpg,https://mavuno-files.s3-eu-west-1.amazonaws.com/survey-images/4009c7cd-3189-41e8-b98d-461f6b3767c6/q_harvest_bags_photo/JPEG_20221028_124301_2893607532151599643.jpg,,,https://mavuno-files.s3-eu-west-1.amazonaws.com/survey-images/94deb4c9-4ac0-46a3-975f-fe5502991271/q_field_photo/JPEG_20221028_121804_4232879358928399273.jpg,10.0821861,12.6698119,1.31,https://mavuno-files.s3-eu-west-1.amazonaws.com/survey-images/4009c7cd-3189-41e8-b98d-461f6b3767c6/q_box1_wet_weight_photo/JPEG_20221028_123150_7345422318762338681.jpg,1.615,https://mavuno-files.s3-eu-west-1.amazonaws.com/survey-images/4009c7cd-3189-41e8-b98d-461f6b3767c6/q_box2_wet_weight_photo/JPEG_20221028_123824_8190963251302207817.jpg,1.085,https://mavuno-files.s3-eu-west-1.amazonaws.com/survey-images/0b5dc221-bad6-49b7-887e-c430f834fecd/q_box1_dry_weight_photo/JPEG_20221028_124741_5389078753856144267.jpg,1.375,https://mavuno-files.s3-eu-west-1.amazonaws.com/survey-images/0b5dc221-bad6-49b7-887e-c430f834fecd/q_box2_dry_weight_photo/JPEG_20221028_124941_432795236537633280.jpg,0.27125,0.34375,used box 1 and 18255,0.3075,have average yields,2022.0_28_Client_S,1,-0.2294944850085972,2.1613571348099923,,0.534295380115509,,,
871a8086-1fd9-4b81-b2df-5782bd46fd79,Rice,2022.0,Nigeria,https://mavuno-files.s3-eu-west-1.amazonaws.com/survey-images/f89d27d1-3fe5-4377-ab34-d5656648a04a/q_wet_harvest_photo/JPEG_20221124_081637_8604769695676617539.jpg,https://mavuno-files.s3-eu-west-1.amazonaws.com/survey-images/f89d27d1-3fe5-4377-ab34-d5656648a04a/q_harvest_bags_photo/JPEG_20221124_081737_4757847074825093262.jpg,,,https://mavuno-files.s3-eu-west-1.amazonaws.com/survey-images/db125e16-0b11-4583-9da6-2f7d1b8d0a35/q_field_photo/JPEG_20221122_121825_501880881600775786.jpg,10.5983475,8.1384618,7.66,https://mavuno-files.s3-eu-west-1.amazonaws.com/survey-images/f89d27d1-3fe5-4377-ab34-d5656648a04a/q_box1_wet_weight_photo/JPEG_20221124_081257_3245856954930046206.jpg,7.5,https://mavuno-files.s3-eu-west-1.amazonaws.com/survey-images/f89d27d1-3fe5-4377-ab34-d5656648a04a/q_box2_wet_weight_photo/JPEG_20221124_081538_14345418749742104.jpg,7.65,https://mavuno-files.s3-eu-west-1.amazonaws.com/survey-images/43dafe30-801a-4b4b-84e8-3eea8c1aedf1/q_box1_dry_weight_photo/JPEG_20221124_082624_5852936222427187281.jpg,7.485,https://mavuno-files.s3-eu-west-1.amazonaws.com/survey-images/43dafe30-801a-4b4b-84e8-3eea8c1aedf1/q_box2_dry_weight_photo/JPEG_20221124_083050_7932216660939726062.jpg,1.9125,1.87125,used box 1 and 18319,1.891875,have average yields,2022.0_104_Client_AD,0,0.0579606499935176,-0.6731978138826005,1.8220516443252563,,,,
8733ba10-7348-4b20-8373-b407d9f8a8b5,Rice,2022.0,Nigeria,https://mavuno-files.s3-eu-west-1.amazonaws.com/survey-images/dc0b4169-1fe0-481b-8ae8-ba0370a4da60/q_wet_harvest_photo/JPEG_20221122_154142_7825069783835914791.jpg,https://mavuno-files.s3-eu-west-1.amazonaws.com/survey-images/dc0b4169-1fe0-481b-8ae8-ba0370a4da60/q_harvest_bags_photo/JPEG_20221122_154345_7232555666360473663.jpg,,,https://mavuno-files.s3-eu-west-1.amazonaws.com/survey-images/b58c920b-61db-4a68-964b-bbf385994c7d/q_field_photo/JPEG_20221122_131444_4886261267092250518.jpg,10.525067,5.4785969,6.585,https://mavuno-files.s3-eu-west-1.amazonaws.com/survey-images/dc0b4169-1fe0-481b-8ae8-ba0370a4da60/q_box1_wet_weight_photo/JPEG_20221122_153344_2426731721361455916.jpg,8.32,https://mavuno-files.s3-eu-west-1.amazonaws.com/survey-images/dc0b4169-1fe0-481b-8ae8-ba0370a4da60/q_box2_wet_weight_photo/JPEG_20221122_153835_6431027846771218059.jpg,5.305,https://mavuno-files.s3-eu-west-1.amazonaws.com/survey-images/9940d43b-eef9-44ed-b594-5eedfc5cc11b/q_box1_dry_weight_photo/JPEG_20221207_172540_6804179034766605327.jpg,6.715,https://mavuno-files.s3-eu-west-1.amazonaws.com/survey-images/9940d43b-eef9-44ed-b594-5eedfc5cc11b/q_box2_dry_weight_photo/JPEG_20221207_172635_1130681296345678812.jpg,1.32625,1.67875,used box 1 and 18331,1.5025,have average yields,2022.0_85_Client_P,1,0.0171500507884584,-2.33705804290104,,2.442933797836304,,,
881549ae-227e-4ccc-9000-9ab47942fecb,Rice,2022.0,Nigeria,,,,,https://mavuno-files.s3-eu-west-1.amazonaws.com/survey-images/ba03554e-bdc9-4406-9514-da34b2420f92/q_field_photo/JPEG_20221104_100736_6000891845364021298.jpg,7.72545,8.57673,0.0,,0.0,,0.0,,0.0,,0.0,0.0,used box 1 and 18451,0.0,have average yields,2022.0_106_Client_AU,3,-1.541982969792345,-0.3990421499526398,,,,-0.0152814062312245,
899bb106-189e-4f10-a403-2f91af8b1b47,Rice,2022.0,Nigeria,https://mavuno-files.s3-eu-west-1.amazonaws.com/survey-images/3336dbcd-f89b-4090-8fde-aa56c90f0455/q_wet_harvest_photo/JPEG_20221211_132250_1358205734978816982.jpg,https://mavuno-files.s3-eu-west-1.amazonaws.com/survey-images/3336dbcd-f89b-4090-8fde-aa56c90f0455/q_harvest_bags_photo/JPEG_20221211_132327_2850877984542091514.jpg,,,https://mavuno-files.s3-eu-west-1.amazonaws.com/survey-images/af8933e0-3ba6-4596-8473-9c7f8fd1fbb2/q_field_photo/JPEG_20221103_134325_3846113435981286796.jpg,9.6998641,6.6594453,8.81,https://mavuno-files.s3-eu-west-1.amazonaws.com/survey-images/3336dbcd-f89b-4090-8fde-aa56c90f0455/q_box1_wet_weight_photo/JPEG_20221211_132104_51682907713770271.jpg,8.59,https://mavuno-files.s3-eu-west-1.amazonaws.com/survey-images/3336dbcd-f89b-4090-8fde-aa56c90f0455/q_box2_wet_weight_photo/JPEG_20221211_132203_5254848990860416636.jpg,7.795,https://mavuno-files.s3-eu-west-1.amazonaws.com/survey-images/64968238-1988-4cd2-ae0a-e59aadb0be6b/q_box1_dry_weight_photo/JPEG_20221211_135841_3521175065061727049.jpg,7.695,https://mavuno-files.s3-eu-west-1.amazonaws.com/survey-images/64968238-1988-4cd2-ae0a-e59aadb0be6b/q_box2_dry_weight_photo/JPEG_20221211_135955_1507822651242213640.jpg,1.94875,1.92375,used box 1 and 18660,1.93625,have average yields,2022.0_17_Client_P,2,-0.4424132002094602,-1.5983864324519317,,,1.9315115213394165,,
89b37c09-c2e9-466f-9ed1-4b92541fe63d,Rice,2022.0,Nigeria,https://mavuno-files.s3-eu-west-1.amazonaws.com/survey-images/176d6480-0672-4ea0-91f1-625d118b0c73/q_wet_harvest_photo/JPEG_20221023_005949_4525234870036668978.jpg,https://mavuno-files.s3-eu-west-1.amazonaws.com/survey-images/176d6480-0672-4ea0-91f1-625d118b0c73/q_harvest_bags_photo/JPEG_20221023_010203_8885433961544428764.jpg,,,https://mavuno-files.s3-eu-west-1.amazonaws.com/survey-images/33b14492-7ae0-4ce4-9948-89452232c309/q_field_photo/JPEG_20221022_094258_8886645354055997008.jpg,12.54043142,10.5381823,15.24,https://mavuno-files.s3-eu-west-1.amazonaws.com/survey-images/176d6480-0672-4ea0-91f1-625d118b0c73/q_box1_wet_weight_photo/JPEG_20221023_005524_5594591144545426507.jpg,14.7,https://mavuno-files.s3-eu-west-1.amazonaws.com/survey-images/176d6480-0672-4ea0-91f1-625d118b0c73/q_box2_wet_weight_photo/JPEG_20221023_005705_3664663277244344217.jpg,13.46,https://mavuno-files.s3-eu-west-1.amazonaws.com/survey-images/aad86e9d-84bd-44cf-80fe-50b182a72f18/q_box1_dry_weight_photo/JPEG_20221026_103652_1158914343350675464.jpg,12.36,https://mavuno-files.s3-eu-west-1.amazonaws.com/survey-images/aad86e9d-84bd-44cf-80fe-50b182a72f18/q_box2_dry_weight_photo/JPEG_20221026_103818_7226603765266523330.jpg,3.365,3.09,used box 1 and 18673,3.2275,have average yields,2022.0_105_Client_K,1,1.1395254384667306,0.8279308715292961,,2.8250296115875244,,,
89bb048a-aa53-467f-8541-edc62b04f62b,Rice,2022.0,Nigeria,https://mavuno-files.s3-eu-west-1.amazonaws.com/survey-images/bdbbf8ae-a985-4e62-8042-edbdf9c5a55d/q_wet_harvest_photo/JPEG_20221019_111340_271066049739885191.jpg,https://mavuno-files.s3-eu-west-1.amazonaws.com/survey-images/bdbbf8ae-a985-4e62-8042-edbdf9c5a55d/q_harvest_bags_photo/JPEG_20221019_111355_1182710816680138302.jpg,,,https://mavuno-files.s3-eu-west-1.amazonaws.com/survey-images/f7fb645e-1fd2-43db-9634-5672643e0efc/q_field_photo/JPEG_20221019_094039_5962509654723861254.jpg,11.52317522,8.951225504,16.72,https://mavuno-files.s3-eu-west-1.amazonaws.com/survey-images/bdbbf8ae-a985-4e62-8042-edbdf9c5a55d/q_box1_wet_weight_photo/JPEG_20221019_111144_7830126369926991614.jpg,15.47,https://mavuno-files.s3-eu-west-1.amazonaws.com/survey-images/bdbbf8ae-a985-4e62-8042-edbdf9c5a55d/q_box2_wet_weight_photo/JPEG_20221019_111244_4786378604038168549.jpg,13.26,https://mavuno-files.s3-eu-west-1.amazonaws.com/survey-images/c5c2b3fb-f91a-4cac-895a-c1642f06a44e/q_box1_dry_weight_photo/JPEG_20221104_161452_6028592843623724351.jpg,12.56,https://mavuno-files.s3-eu-west-1.amazonaws.com/survey-images/c5c2b3fb-f91a-4cac-895a-c1642f06a44e/q_box2_dry_weight_photo/JPEG_20221104_161604_3609183943207721442.jpg,3.315,3.14,used box 1 and 18677,3.2275,have average yields,2022.0_201_Client_K,4,0.5730058996117547,-0.1647790582250048,,,,,3.3394644260406494
89c03c71-6935-43e2-a4bb-17ff5aceb935,Rice,2022.0,Nigeria,https://mavuno-files.s3-eu-west-1.amazonaws.com/survey-images/31cfb81e-ba72-44a3-a73c-d11bdfc746b4/q_wet_harvest_photo/JPEG_20221124_082435_2241662606939642075.jpg,https://mavuno-files.s3-eu-west-1.amazonaws.com/survey-images/31cfb81e-ba72-44a3-a73c-d11bdfc746b4/q_harvest_bags_photo/JPEG_20221124_082600_6230575642766003085.jpg,,,https://mavuno-files.s3-eu-west-1.amazonaws.com/survey-images/920079f2-2474-4013-9300-d3aecd075c12/q_field_photo/JPEG_20221013_125158_4442448843761529287.jpg,8.0377904,8.1106536,1.33,https://mavuno-files.s3-eu-west-1.amazonaws.com/survey-images/31cfb81e-ba72-44a3-a73c-d11bdfc746b4/q_box1_wet_weight_photo/JPEG_20221124_081741_5086103239655690075.jpg,1.695,https://mavuno-files.s3-eu-west-1.amazonaws.com/survey-images/31cfb81e-ba72-44a3-a73c-d11bdfc746b4/q_box2_wet_weight_photo/JPEG_20221124_082028_5534397461424143364.jpg,0.655,https://mavuno-files.s3-eu-west-1.amazonaws.com/survey-images/ae6785f2-d6ec-4d94-a711-fcecbdaccc5c/q_box1_dry_weight_photo/JPEG_20221125_074104_4498983964586064212.jpg,0.92,https://mavuno-files.s3-eu-west-1.amazonaws.com/survey-images/ae6785f2-d6ec-4d94-a711-fcecbdaccc5c/q_box2_dry_weight_photo/JPEG_20221125_080109_4652315638651828977.jpg,0.16375,0.23,used box 1 and 18679,0.196875,have average yields,2022.0_101_Client_AU,4,-1.368037665380557,-0.6905930424976298,,,,,0.4120413661003113
89ca49e0-3700-4a83-8976-1be43b8ebfb9,Rice,2022.0,Nigeria,https://mavuno-files.s3-eu-west-1.amazonaws.com/survey-images/3ece766d-07ec-4e35-a795-4d7ab9e83474/q_wet_harvest_photo/JPEG_20221206_105823_8372828374855133771.jpg,https://mavuno-files.s3-eu-west-1.amazonaws.com/survey-images/3ece766d-07ec-4e35-a795-4d7ab9e83474/q_harvest_bags_photo/JPEG_20221206_105841_77553037534636166.jpg,,,https://mavuno-files.s3-eu-west-1.amazonaws.com/survey-images/ce1453a1-b800-4a36-86fb-7894f7381e6f/q_field_photo/JPEG_20221109_131354_3492512769456080854.jpg,11.13911353,4.582464599,4.87,https://mavuno-files.s3-eu-west-1.amazonaws.com/survey-images/3ece766d-07ec-4e35-a795-4d7ab9e83474/q_box1_wet_weight_photo/JPEG_20221206_105623_7727640777766776745.jpg,5.385,https://mavuno-files.s3-eu-west-1.amazonaws.com/survey-images/3ece766d-07ec-4e35-a795-4d7ab9e83474/q_box2_wet_weight_photo/JPEG_20221206_105735_8215022794917255844.jpg,4.62,https://mavuno-files.s3-eu-west-1.amazonaws.com/survey-images/dc532496-f28b-4fd2-be63-76ae1506e4d9/q_box1_dry_weight_photo/JPEG_20221209_163102_6635272500645233553.jpg,5.05,https://mavuno-files.s3-eu-west-1.amazonaws.com/survey-images/dc532496-f28b-4fd2-be63-76ae1506e4d9/q_box2_dry_weight_photo/JPEG_20221209_163203_5073002457457349567.jpg,1.155,1.2625,used box 1 and 18687,1.20875,have average yields,2022.0_129_Client_P,1,0.3591183346987434,-2.897627452111516,,1.9925578832626345,,,
89e7da23-4bff-4f73-b72e-b8599ea4e284,Rice,2022.0,Nigeria,https://mavuno-files.s3-eu-west-1.amazonaws.com/survey-images/1b38f6f0-09c1-4889-94eb-2036cb097204/q_wet_harvest_photo/JPEG_20221025_145107_2506097239309424793.jpg,https://mavuno-files.s3-eu-west-1.amazonaws.com/survey-images/1b38f6f0-09c1-4889-94eb-2036cb097204/q_harvest_bags_photo/JPEG_20221025_145215_3056712695239326707.jpg,,,https://mavuno-files.s3-eu-west-1.amazonaws.com/survey-images/0a256bd2-8d80-4632-ad86-aec57dfc1dda/q_field_photo/JPEG_20221119_160329_907563265580875767.jpg,11.10786728,9.297115467,16.64,https://mavuno-files.s3-eu-west-1.amazonaws.com/survey-images/1b38f6f0-09c1-4889-94eb-2036cb097204/q_box1_wet_weight_photo/JPEG_20221025_144506_5027870063636924382.jpg,17.75,https://mavuno-files.s3-eu-west-1.amazonaws.com/survey-images/1b38f6f0-09c1-4889-94eb-2036cb097204/q_box2_wet_weight_photo/JPEG_20221025_144815_43822024590256847.jpg,11.64,https://mavuno-files.s3-eu-west-1.amazonaws.com/survey-images/4f256081-dc8b-4ffc-84a9-acf9543a6d2a/q_box1_dry_weight_photo/JPEG_20221204_102331_145806945316804351.jpg,12.41,https://mavuno-files.s3-eu-west-1.amazonaws.com/survey-images/4f256081-dc8b-4ffc-84a9-acf9543a6d2a/q_box2_dry_weight_photo/JPEG_20221204_102638_6327871407358544221.jpg,2.91,3.1025,used box 1 and 18708,3.00625,have average yields,2022.0_197_Client_K,3,0.3417170043938049,0.0515900336985581,,,,3.749128818511963,
8a2c42fe-a51b-4967-a702-86286e36f1e7,Rice,2022.0,Nigeria,https://mavuno-files.s3-eu-west-1.amazonaws.com/survey-images/47fd01dd-e0c1-4aaa-94ba-00e7d4a28992/q_wet_harvest_photo/JPEG_20221023_102615_9067195493869961270.jpg,https://mavuno-files.s3-eu-west-1.amazonaws.com/survey-images/47fd01dd-e0c1-4aaa-94ba-00e7d4a28992/q_harvest_bags_photo/JPEG_20221023_102629_8182944222165088232.jpg,,,https://mavuno-files.s3-eu-west-1.amazonaws.com/survey-images/11b74203-58d6-4bdd-9c0f-2c756561a34a/q_field_photo/JPEG_20221023_092513_8269914374778327575.jpg,10.88385466,10.18263336,16.47,https://mavuno-files.s3-eu-west-1.amazonaws.com/survey-images/47fd01dd-e0c1-4aaa-94ba-00e7d4a28992/q_box1_wet_weight_photo/JPEG_20221023_102324_7089653241678401779.jpg,14.97,https://mavuno-files.s3-eu-west-1.amazonaws.com/survey-images/47fd01dd-e0c1-4aaa-94ba-00e7d4a28992/q_box2_wet_weight_photo/JPEG_20221023_102444_1623823858767179087.jpg,13.58,https://mavuno-files.s3-eu-west-1.amazonaws.com/survey-images/850d8aba-4fe3-432c-8958-1c43ee6b744e/q_box1_dry_weight_photo/JPEG_20221108_093728_5899467824879298110.jpg,12.28,https://mavuno-files.s3-eu-west-1.amazonaws.com/survey-images/850d8aba-4fe3-432c-8958-1c43ee6b744e/q_box2_dry_weight_photo/JPEG_20221108_093849_6831112168102638779.jpg,3.395,3.07,used box 1 and 18737,3.2325,have average yields,2022.0_179_Client_K,3,0.2169622708467448,0.6055196728493693,,,,2.924438714981079,
8a8e9cad-4a8f-4cab-8ec7-2df962be7c0a,Rice,2022.0,Nigeria,https://mavuno-files.s3-eu-west-1.amazonaws.com/survey-images/dddda05e-7cb7-4445-8d50-04a80307de62/q_wet_harvest_photo/JPEG_20221117_120004_1114326880.jpg,https://mavuno-files.s3-eu-west-1.amazonaws.com/survey-images/dddda05e-7cb7-4445-8d50-04a80307de62/q_harvest_bags_photo/JPEG_20221117_120022_1644093564.jpg,,,https://mavuno-files.s3-eu-west-1.amazonaws.com/survey-images/8869fcbe-421d-454a-ad39-8e23d734b21c/q_field_photo/JPEG_20221116_133750_1953763363.jpg,12.6315002,10.3621507,2.05,https://mavuno-files.s3-eu-west-1.amazonaws.com/survey-images/dddda05e-7cb7-4445-8d50-04a80307de62/q_box1_wet_weight_photo/JPEG_20221117_115524_1407120255.jpg,2.1,https://mavuno-files.s3-eu-west-1.amazonaws.com/survey-images/dddda05e-7cb7-4445-8d50-04a80307de62/q_box2_wet_weight_photo/JPEG_20221117_115732_1123697157.jpg,1.96,https://mavuno-files.s3-eu-west-1.amazonaws.com/survey-images/902194e3-3e06-4e19-b3be-8146c4cf1ddd/q_box1_dry_weight_photo/JPEG_20221217_063533_1888403948.jpg,2.03,https://mavuno-files.s3-eu-west-1.amazonaws.com/survey-images/902194e3-3e06-4e19-b3be-8146c4cf1ddd/q_box2_dry_weight_photo/JPEG_20221217_063737_2084911531.jpg,0.49,0.5075,used box 1 and 18780,0.49875,have average yields,2022.0_105_Client_BN,4,1.190242497993804,0.7178155125535518,,,,,0.6117936968803406
8aef7095-116b-4472-89d5-d8ba9c29a57a,Rice,2022.0,Nigeria,https://mavuno-files.s3-eu-west-1.amazonaws.com/survey-images/1576ebfe-c4a0-4c17-9976-eb9965bdb39b/q_wet_harvest_photo/JPEG_20221025_115621_8368715294237604727.jpg,https://mavuno-files.s3-eu-west-1.amazonaws.com/survey-images/1576ebfe-c4a0-4c17-9976-eb9965bdb39b/q_harvest_bags_photo/JPEG_20221025_115714_8028232429206747703.jpg,,,https://mavuno-files.s3-eu-west-1.amazonaws.com/survey-images/1472f22f-9b36-4210-98aa-86e970508d75/q_field_photo/JPEG_20221119_130034_278211132898259609.jpg,11.10591205,9.300655983,17.08,https://mavuno-files.s3-eu-west-1.amazonaws.com/survey-images/1576ebfe-c4a0-4c17-9976-eb9965bdb39b/q_box1_wet_weight_photo/JPEG_20221025_115106_97679487784962963.jpg,18.29,https://mavuno-files.s3-eu-west-1.amazonaws.com/survey-images/1576ebfe-c4a0-4c17-9976-eb9965bdb39b/q_box2_wet_weight_photo/JPEG_20221025_115343_9046064896499129746.jpg,12.28,https://mavuno-files.s3-eu-west-1.amazonaws.com/survey-images/1ce2b640-bab9-4e6a-b481-43046859abbb/q_box1_dry_weight_photo/JPEG_20221203_145706_88335056213641891.jpg,13.62,https://mavuno-files.s3-eu-west-1.amazonaws.com/survey-images/1ce2b640-bab9-4e6a-b481-43046859abbb/q_box2_dry_weight_photo/JPEG_20221203_145809_2333489962301044688.jpg,3.07,3.405,used box 1 and 18824,3.2375,have average yields,2022.0_197_Client_K,0,0.3406281184298211,0.053804779177776,3.093151092529297,,,,
8af09eed-71e4-404f-89e1-e46356d7863d,Rice,2022.0,Nigeria,https://mavuno-files.s3-eu-west-1.amazonaws.com/survey-images/bcc1a2e6-4d45-454b-b594-ca09659757f9/q_wet_harvest_photo/JPEG_20220907_151036_432013926.jpg,https://mavuno-files.s3-eu-west-1.amazonaws.com/survey-images/bcc1a2e6-4d45-454b-b594-ca09659757f9/q_harvest_bags_photo/JPEG_20220907_151058_994272385.jpg,,,https://mavuno-files.s3-eu-west-1.amazonaws.com/survey-images/970c8c2f-8de3-4251-9daa-8b4cddc32c95/q_field_photo/JPEG_20220817_115145_1594653111.jpg,12.6406275,10.3091529,18.03,https://mavuno-files.s3-eu-west-1.amazonaws.com/survey-images/bcc1a2e6-4d45-454b-b594-ca09659757f9/q_box1_wet_weight_photo/JPEG_20220907_150728_611519496.jpg,14.92,https://mavuno-files.s3-eu-west-1.amazonaws.com/survey-images/bcc1a2e6-4d45-454b-b594-ca09659757f9/q_box2_wet_weight_photo/JPEG_20220907_150950_1370637784.jpg,17.16,,13.3,,4.29,3.325,used box 1 and 18825,3.8075,have average yields,2022.0_105_Client_BS,2,1.195325577150256,0.6846631025775889,,,0.7373276352882385,,
8b815cfd-a4c6-4bec-aa52-e52549dc90b5,Rice,2022.0,Nigeria,https://mavuno-files.s3-eu-west-1.amazonaws.com/survey-images/f95f1ffd-2dda-40e0-8eef-54436b053319/q_wet_harvest_photo/JPEG_20221123_123907_4254804794691855357.jpg,https://mavuno-files.s3-eu-west-1.amazonaws.com/survey-images/f95f1ffd-2dda-40e0-8eef-54436b053319/q_harvest_bags_photo/JPEG_20221123_123926_8238167983736931317.jpg,,,https://mavuno-files.s3-eu-west-1.amazonaws.com/survey-images/1825d678-6917-4498-9d5e-2b5b8d620b80/q_field_photo/JPEG_20221010_170757_994698325176970574.jpg,8.155479,8.2428043,1.285,,1.785,https://mavuno-files.s3-eu-west-1.amazonaws.com/survey-images/f95f1ffd-2dda-40e0-8eef-54436b053319/q_box2_wet_weight_photo/JPEG_20221123_123447_2220487750992737940.jpg,0.605,https://mavuno-files.s3-eu-west-1.amazonaws.com/survey-images/b88f20a7-3a72-46c5-a02a-53a0e971a2ea/q_box1_dry_weight_photo/JPEG_20221125_173101_4551011132383048302.jpg,1.005,https://mavuno-files.s3-eu-west-1.amazonaws.com/survey-images/b88f20a7-3a72-46c5-a02a-53a0e971a2ea/q_box2_dry_weight_photo/JPEG_20221125_173259_7818515131026190830.jpg,0.15125,0.25125,used box 1 and 18901,0.20125,have average yields,2022.0_101_Client_AU,4,-1.302495777898832,-0.6079270792876382,,,,,0.13433265686035156
8bce6596-ccd4-4d20-90fa-262f6a6bd056,Rice,2022.0,Nigeria,https://mavuno-files.s3-eu-west-1.amazonaws.com/survey-images/958d3c49-218b-4230-a089-af52696a31ae/q_wet_harvest_photo/JPEG_20221207_112637_9212309749163004231.jpg,https://mavuno-files.s3-eu-west-1.amazonaws.com/survey-images/958d3c49-218b-4230-a089-af52696a31ae/q_harvest_bags_photo/JPEG_20221207_112704_3844249355911834262.jpg,,,https://mavuno-files.s3-eu-west-1.amazonaws.com/survey-images/87b8a246-62ef-41a6-bdd5-817d666f885d/q_field_photo/JPEG_20221204_112125_3610032819756254625.jpg,11.12849137,4.580371418,7.245,https://mavuno-files.s3-eu-west-1.amazonaws.com/survey-images/958d3c49-218b-4230-a089-af52696a31ae/q_box1_wet_weight_photo/JPEG_20221207_112250_3132704158774402715.jpg,7.03,https://mavuno-files.s3-eu-west-1.amazonaws.com/survey-images/958d3c49-218b-4230-a089-af52696a31ae/q_box2_wet_weight_photo/JPEG_20221207_112459_3880169360761012689.jpg,7.095,https://mavuno-files.s3-eu-west-1.amazonaws.com/survey-images/c18fbcbd-dcc1-493c-a9e6-d0cba8c2a3a8/q_box1_dry_weight_photo/JPEG_20221210_112535_8053780578466835157.jpg,6.89,https://mavuno-files.s3-eu-west-1.amazonaws.com/survey-images/c18fbcbd-dcc1-493c-a9e6-d0cba8c2a3a8/q_box2_dry_weight_photo/JPEG_20221210_112643_4416354695700438518.jpg,1.77375,1.7225,used box 1 and 18943,1.748125,have average yields,2022.0_129_Client_P,3,0.353202753958274,-2.8989368271170046,,,,2.2131967544555664,
8ca4b9c9-c100-4cee-bac2-4bd617ad1e14,Rice,2022.0,Nigeria,,,,,https://mavuno-files.s3-eu-west-1.amazonaws.com/survey-images/4e076645-1b8e-4f71-b0c1-49eeeedf43c3/q_field_photo/JPEG_20221031_100054_8024293988643197648.jpg,7.7932808,8.6798925,0.0,,0.0,,0.0,,0.0,,0.0,0.0,used box 1 and 19061,0.0,have average yields,2022.0_106_Client_AU,2,-1.5042073597383945,-0.3345095562573305,,,0.3594973981380462,,
8ca5e594-67e2-4156-bf9e-b5d1a38944f2,Rice,2022.0,Nigeria,https://mavuno-files.s3-eu-west-1.amazonaws.com/survey-images/c9561b2d-49c9-4317-9a26-4e801b09998b/q_wet_harvest_photo/JPEG_20221022_182016_2079111272578241416.jpg,https://mavuno-files.s3-eu-west-1.amazonaws.com/survey-images/c9561b2d-49c9-4317-9a26-4e801b09998b/q_harvest_bags_photo/JPEG_20221022_182028_348891345677218653.jpg,,,https://mavuno-files.s3-eu-west-1.amazonaws.com/survey-images/6b734771-c435-4eb2-ac5b-f63ffabae688/q_field_photo/JPEG_20221022_180205_719822263311785365.jpg,11.86290006,9.959577508,13.63,https://mavuno-files.s3-eu-west-1.amazonaws.com/survey-images/c9561b2d-49c9-4317-9a26-4e801b09998b/q_box1_wet_weight_photo/JPEG_20221022_181758_7607050692539176818.jpg,13.86,https://mavuno-files.s3-eu-west-1.amazonaws.com/survey-images/c9561b2d-49c9-4317-9a26-4e801b09998b/q_box2_wet_weight_photo/JPEG_20221022_181915_7490643236793786813.jpg,11.44,https://mavuno-files.s3-eu-west-1.amazonaws.com/survey-images/2d25aa90-a7e1-4b94-b573-7856bbfd2b95/q_box1_dry_weight_photo/JPEG_20221124_082208_1984612365274043860.jpg,11.77,https://mavuno-files.s3-eu-west-1.amazonaws.com/survey-images/2d25aa90-a7e1-4b94-b573-7856bbfd2b95/q_box2_dry_weight_photo/JPEG_20221124_082357_7060298609654773346.jpg,2.86,2.9425,used box 1 and 19062,2.90125,have average yields,2022.0_113_Client_K,4,0.7622018560427696,0.4659886158424426,,,,,3.134387731552124
8cd1cff0-947f-4900-b268-bcdd9b725fb6,Rice,2022.0,Nigeria,https://mavuno-files.s3-eu-west-1.amazonaws.com/survey-images/9dcc94bb-d06a-4ed3-ad2d-af4dc3103e08/q_wet_harvest_photo/JPEG_20220907_143906_909825828.jpg,https://mavuno-files.s3-eu-west-1.amazonaws.com/survey-images/9dcc94bb-d06a-4ed3-ad2d-af4dc3103e08/q_harvest_bags_photo/JPEG_20220907_143928_1650024050.jpg,,,https://mavuno-files.s3-eu-west-1.amazonaws.com/survey-images/09df1d9c-e260-4eb8-b2c0-edfc4fb52d52/q_field_photo/JPEG_20220817_112053_75575061.jpg,12.6392744,10.3095898,17.4,https://mavuno-files.s3-eu-west-1.amazonaws.com/survey-images/9dcc94bb-d06a-4ed3-ad2d-af4dc3103e08/q_box1_wet_weight_photo/JPEG_20220907_143529_1626131574.jpg,14.08,https://mavuno-files.s3-eu-west-1.amazonaws.com/survey-images/9dcc94bb-d06a-4ed3-ad2d-af4dc3103e08/q_box2_wet_weight_photo/JPEG_20220907_143713_1228903745.jpg,16.85,,12.59,,4.2125,3.1475,used box 1 and 19087,3.68,have average yields,2022.0_105_Client_BS,4,1.1945720230426229,0.6849364023734004,,,,,3.6712563037872314
8d8cb082-3834-47e1-b4e9-4b6df411de68,Rice,2022.0,Nigeria,https://mavuno-files.s3-eu-west-1.amazonaws.com/survey-images/9883d02f-bbe4-4495-8a44-5a95a71f2f6b/q_wet_harvest_photo/JPEG_20221125_122727_7777677964899720190.jpg,https://mavuno-files.s3-eu-west-1.amazonaws.com/survey-images/9883d02f-bbe4-4495-8a44-5a95a71f2f6b/q_harvest_bags_photo/JPEG_20221125_122742_6688286477194349819.jpg,,,https://mavuno-files.s3-eu-west-1.amazonaws.com/survey-images/56ab2517-7a2a-4bab-be2c-de0493067c4b/q_field_photo/JPEG_20221121_094813_8152784981784413876.jpg,11.08149453,4.555404821,5.09,https://mavuno-files.s3-eu-west-1.amazonaws.com/survey-images/9883d02f-bbe4-4495-8a44-5a95a71f2f6b/q_box1_wet_weight_photo/JPEG_20221125_122416_3324256210253698118.jpg,5.2,https://mavuno-files.s3-eu-west-1.amazonaws.com/survey-images/9883d02f-bbe4-4495-8a44-5a95a71f2f6b/q_box2_wet_weight_photo/JPEG_20221125_122602_675148164127895408.jpg,5.03,https://mavuno-files.s3-eu-west-1.amazonaws.com/survey-images/d261d80a-ab5d-41ef-b0cc-059d51e18abf/q_box1_dry_weight_photo/JPEG_20221127_153939_8668062687591228227.jpg,5.125,https://mavuno-files.s3-eu-west-1.amazonaws.com/survey-images/d261d80a-ab5d-41ef-b0cc-059d51e18abf/q_box2_dry_weight_photo/JPEG_20221127_154126_233723386775129529.jpg,1.2575,1.28125,used box 1 and 19198,1.269375,have average yields,2022.0_129_Client_P,1,0.3270297720443361,-2.9145545104821378,,2.4771921634674072,,,
8d95162c-d2d3-476b-8e10-d189bbe938fe,Rice,2022.0,Nigeria,https://mavuno-files.s3-eu-west-1.amazonaws.com/survey-images/1008eb05-effc-43f8-ab2b-e75bd2f86b3e/q_wet_harvest_photo/JPEG_20221022_150736_4926140651825299037.jpg,https://mavuno-files.s3-eu-west-1.amazonaws.com/survey-images/1008eb05-effc-43f8-ab2b-e75bd2f86b3e/q_harvest_bags_photo/JPEG_20221022_150750_3355645440087834874.jpg,,,https://mavuno-files.s3-eu-west-1.amazonaws.com/survey-images/d1916b5c-1f26-40bb-b041-bc263dd596cc/q_field_photo/JPEG_20221022_140340_5135516746602336245.jpg,11.52827049,8.973529413,16.31,https://mavuno-files.s3-eu-west-1.amazonaws.com/survey-images/1008eb05-effc-43f8-ab2b-e75bd2f86b3e/q_box1_wet_weight_photo/JPEG_20221022_150508_7243494181790420994.jpg,14.85,https://mavuno-files.s3-eu-west-1.amazonaws.com/survey-images/1008eb05-effc-43f8-ab2b-e75bd2f86b3e/q_box2_wet_weight_photo/JPEG_20221022_150612_3366017226579280339.jpg,13.33,https://mavuno-files.s3-eu-west-1.amazonaws.com/survey-images/612651ff-d6d3-4502-8e5a-4ad0fcd14cd3/q_box1_dry_weight_photo/JPEG_20221125_125642_3946633527581536364.jpg,11.78,https://mavuno-files.s3-eu-west-1.amazonaws.com/survey-images/612651ff-d6d3-4502-8e5a-4ad0fcd14cd3/q_box2_dry_weight_photo/JPEG_20221125_125720_1929634718389084217.jpg,3.3325,2.945,used box 1 and 19206,3.13875,have average yields,2022.0_201_Client_K,2,0.5758435033646162,-0.1508270010597157,,,3.09552001953125,,
8d9e9fda-3f3b-4e30-bdbf-a463fff7c3da,Rice,2022.0,Nigeria,https://mavuno-files.s3-eu-west-1.amazonaws.com/survey-images/9eeedff6-f9e7-4787-96c4-184f702f7be9/q_wet_harvest_photo/JPEG_20221119_122856_5780054299041070161.jpg,https://mavuno-files.s3-eu-west-1.amazonaws.com/survey-images/9eeedff6-f9e7-4787-96c4-184f702f7be9/q_harvest_bags_photo/JPEG_20221119_122905_1870636079619137805.jpg,,,https://mavuno-files.s3-eu-west-1.amazonaws.com/survey-images/37e911b3-3882-4053-8d18-408ff68a4ca0/q_field_photo/JPEG_20221105_115311_3946822280536501351.jpg,11.6351063,9.0286908,15.3,https://mavuno-files.s3-eu-west-1.amazonaws.com/survey-images/9eeedff6-f9e7-4787-96c4-184f702f7be9/q_box1_wet_weight_photo/JPEG_20221119_122537_7905662553790856423.jpg,13.46,https://mavuno-files.s3-eu-west-1.amazonaws.com/survey-images/9eeedff6-f9e7-4787-96c4-184f702f7be9/q_box2_wet_weight_photo/JPEG_20221119_122725_7758466168034496437.jpg,14.41,https://mavuno-files.s3-eu-west-1.amazonaws.com/survey-images/391f639e-cda4-46db-9822-d46f82bbaa6f/q_box1_dry_weight_photo/JPEG_20221125_122140_1019135784520117249.jpg,12.2,https://mavuno-files.s3-eu-west-1.amazonaws.com/survey-images/391f639e-cda4-46db-9822-d46f82bbaa6f/q_box2_dry_weight_photo/JPEG_20221125_122322_4561454620245266683.jpg,3.6025,3.05,used box 1 and 19214,3.32625,have average yields,2022.0_56_Client_P,1,0.6353413700912065,-0.1163211740882801,,3.0493342876434326,,,
8f5403d9-d930-46f2-b00d-d80184db385d,Rice,2022.0,Nigeria,https://mavuno-files.s3-eu-west-1.amazonaws.com/survey-images/cfa561bf-a1d3-448e-a893-01b6db43a041/q_wet_harvest_photo/JPEG_20221018_085404_1110355266012382728.jpg,https://mavuno-files.s3-eu-west-1.amazonaws.com/survey-images/cfa561bf-a1d3-448e-a893-01b6db43a041/q_harvest_bags_photo/JPEG_20221018_085421_1780115501736950155.jpg,,,https://mavuno-files.s3-eu-west-1.amazonaws.com/survey-images/874a6cfc-bb9f-4c34-a2ac-70981fc13f71/q_field_photo/JPEG_20221018_074511_2259870630043305313.jpg,10.85145814,10.16205948,15.56,https://mavuno-files.s3-eu-west-1.amazonaws.com/survey-images/cfa561bf-a1d3-448e-a893-01b6db43a041/q_box1_wet_weight_photo/JPEG_20221018_085053_967943117536374983.jpg,14.23,https://mavuno-files.s3-eu-west-1.amazonaws.com/survey-images/cfa561bf-a1d3-448e-a893-01b6db43a041/q_box2_wet_weight_photo/JPEG_20221018_085203_3625501894120781779.jpg,12.32,https://mavuno-files.s3-eu-west-1.amazonaws.com/survey-images/5d9306f6-72d3-408b-ac44-5d440f7c6614/q_box1_dry_weight_photo/JPEG_20221104_082015_8467830220807366530.jpg,11.65,https://mavuno-files.s3-eu-west-1.amazonaws.com/survey-images/5d9306f6-72d3-408b-ac44-5d440f7c6614/q_box2_dry_weight_photo/JPEG_20221104_082138_5831753908926085275.jpg,3.08,2.9125,used box 1 and 19452,2.99625,have average yields,2022.0_179_Client_K,0,0.1989203443675487,0.5926498234488982,2.7594857215881348,,,,
8fec82fd-5b4c-411d-b6d0-ef10c8d57afe,Rice,2022.0,Nigeria,https://mavuno-files.s3-eu-west-1.amazonaws.com/survey-images/b67d0b50-ef33-4c09-b54b-7929287b3a75/q_wet_harvest_photo/JPEG_20221116_160940_5872047012843487905.jpg,https://mavuno-files.s3-eu-west-1.amazonaws.com/survey-images/b67d0b50-ef33-4c09-b54b-7929287b3a75/q_harvest_bags_photo/JPEG_20221116_161032_1938271704103391782.jpg,,,https://mavuno-files.s3-eu-west-1.amazonaws.com/survey-images/855434a6-972f-4b6b-a371-0176cc51334b/q_field_photo/JPEG_20221116_105201_8891590457442822611.jpg,11.976955,8.8726583,8.78,https://mavuno-files.s3-eu-west-1.amazonaws.com/survey-images/b67d0b50-ef33-4c09-b54b-7929287b3a75/q_box1_wet_weight_photo/JPEG_20221116_150248_7372691837205057473.jpg,9.32,https://mavuno-files.s3-eu-west-1.amazonaws.com/survey-images/b67d0b50-ef33-4c09-b54b-7929287b3a75/q_box2_wet_weight_photo/JPEG_20221116_160708_2524276111772773083.jpg,8.215,https://mavuno-files.s3-eu-west-1.amazonaws.com/survey-images/13ea8733-93d2-45d2-badf-be5bf5856bf5/q_box1_dry_weight_photo/JPEG_20221116_175617_1912581030996818237.jpg,8.1,https://mavuno-files.s3-eu-west-1.amazonaws.com/survey-images/13ea8733-93d2-45d2-badf-be5bf5856bf5/q_box2_dry_weight_photo/JPEG_20221116_175758_7568453259948746787.jpg,2.05375,2.025,used box 1 and 19536,2.039375,have average yields,2022.0_56_Client_P,2,0.8257201241181398,-0.2139262333468612,,,1.458347201347351,,
90849c91-7cf5-4635-a8cb-1b40e3606a3d,Rice,2022.0,Nigeria,https://mavuno-files.s3-eu-west-1.amazonaws.com/survey-images/9e466645-c7a1-4eb9-9f67-5d8037f87b6c/q_wet_harvest_photo/JPEG_20221116_094925_3030493555896204725.jpg,https://mavuno-files.s3-eu-west-1.amazonaws.com/survey-images/9e466645-c7a1-4eb9-9f67-5d8037f87b6c/q_harvest_bags_photo/JPEG_20221116_095036_2912201943022235726.jpg,,,https://mavuno-files.s3-eu-west-1.amazonaws.com/survey-images/6966f815-afa1-4bc1-9344-1590283dc114/q_field_photo/JPEG_20221116_092705_8452012378830810089.jpg,11.9759167,8.8719,8.025,https://mavuno-files.s3-eu-west-1.amazonaws.com/survey-images/9e466645-c7a1-4eb9-9f67-5d8037f87b6c/q_box1_wet_weight_photo/JPEG_20221116_094307_4659660888313746926.jpg,8.17,https://mavuno-files.s3-eu-west-1.amazonaws.com/survey-images/9e466645-c7a1-4eb9-9f67-5d8037f87b6c/q_box2_wet_weight_photo/JPEG_20221116_094626_2356172606009701009.jpg,7.35,https://mavuno-files.s3-eu-west-1.amazonaws.com/survey-images/2d545682-d510-439c-934b-9113eff48c91/q_box1_dry_weight_photo/JPEG_20221116_173001_3889485566879960593.jpg,7.025,https://mavuno-files.s3-eu-west-1.amazonaws.com/survey-images/2d545682-d510-439c-934b-9113eff48c91/q_box2_dry_weight_photo/JPEG_20221116_173217_1335035864666704082.jpg,1.8375,1.75625,used box 1 and 19625,1.796875,have average yields,2022.0_56_Client_P,4,0.8251418850892769,-0.2144005827063582,,,,,1.227113127708435
90b61123-7442-46cc-93ef-0965c2682630,Rice,2022.0,Nigeria,,,,,https://mavuno-files.s3-eu-west-1.amazonaws.com/survey-images/f84cc642-b7c4-446a-b7d5-1173ed38677d/q_field_photo/JPEG_20221031_090401_8241947371568080857.jpg,7.875251,8.348082,0.0,,0.0,,0.0,,0.0,,0.0,0.0,used box 1 and 19654,0.0,have average yields,2022.0_101_Client_AU,3,-1.458557384929836,-0.5420713367525437,,,,0.5229368209838867,
91b4e32d-1198-485c-9b4f-1fbfdc602179,Rice,2022.0,Nigeria,,,,,https://mavuno-files.s3-eu-west-1.amazonaws.com/survey-images/d8a136ab-438a-41c5-893f-e84b46305914/q_field_photo/JPEG_20221115_171439_1715711200.jpg,12.6321088,10.3691349,0.0,,0.0,,0.0,,0.0,,0.0,0.0,used box 1 and 19802,0.0,have average yields,2022.0_105_Client_BN,4,1.1905814330539657,0.7221844309191087,,,,,0.012203691527247429
922505e5-3654-4706-83fa-eee6963ad916,Rice,2022.0,Nigeria,https://mavuno-files.s3-eu-west-1.amazonaws.com/survey-images/285b0540-d83f-4c0b-8b5b-9e130598dfda/q_wet_harvest_photo/JPEG_20221203_091842_442662876913677294.jpg,https://mavuno-files.s3-eu-west-1.amazonaws.com/survey-images/285b0540-d83f-4c0b-8b5b-9e130598dfda/q_harvest_bags_photo/JPEG_20221203_092055_7384576527283083186.jpg,,,https://mavuno-files.s3-eu-west-1.amazonaws.com/survey-images/6f23ec63-821e-4178-a055-7e2618a1802f/q_field_photo/JPEG_20221017_092837_495612152888588794.jpg,7.5336517,8.16311,4.77,https://mavuno-files.s3-eu-west-1.amazonaws.com/survey-images/285b0540-d83f-4c0b-8b5b-9e130598dfda/q_box1_wet_weight_photo/JPEG_20221203_091419_3981635187928384524.jpg,4.28,https://mavuno-files.s3-eu-west-1.amazonaws.com/survey-images/285b0540-d83f-4c0b-8b5b-9e130598dfda/q_box2_wet_weight_photo/JPEG_20221203_091625_755452653122552516.jpg,4.77,https://mavuno-files.s3-eu-west-1.amazonaws.com/survey-images/88aa065c-e8c5-40aa-9d8a-9422f0563bc2/q_box1_dry_weight_photo/JPEG_20221203_092435_822068981989651180.jpg,4.28,https://mavuno-files.s3-eu-west-1.amazonaws.com/survey-images/88aa065c-e8c5-40aa-9d8a-9422f0563bc2/q_box2_dry_weight_photo/JPEG_20221203_092525_3270759754234166524.jpg,1.1925,1.07,used box 1 and 19873,1.13125,have average yields,2022.0_135_Client_AU,1,-1.6487972457526867,-0.6577793015751177,,0.7124800682067871,,,
92578219-3f67-46ac-8a58-9d7221dd27c7,Rice,2022.0,Nigeria,https://mavuno-files.s3-eu-west-1.amazonaws.com/survey-images/723db501-50c3-4846-aa8c-de0276f0c144/q_wet_harvest_photo/JPEG_20221211_122458_2485678433007343261.jpg,https://mavuno-files.s3-eu-west-1.amazonaws.com/survey-images/723db501-50c3-4846-aa8c-de0276f0c144/q_harvest_bags_photo/JPEG_20221211_122637_4123711681229339618.jpg,,,https://mavuno-files.s3-eu-west-1.amazonaws.com/survey-images/44cb0988-51fb-4402-84b8-15858eb0913e/q_field_photo/JPEG_20221103_120058_4940499946401847185.jpg,9.731803,6.6533073,7.81,https://mavuno-files.s3-eu-west-1.amazonaws.com/survey-images/723db501-50c3-4846-aa8c-de0276f0c144/q_box1_wet_weight_photo/JPEG_20221211_122208_2075566742494678207.jpg,7.285,https://mavuno-files.s3-eu-west-1.amazonaws.com/survey-images/723db501-50c3-4846-aa8c-de0276f0c144/q_box2_wet_weight_photo/JPEG_20221211_122348_8388030162631945430.jpg,6.625,https://mavuno-files.s3-eu-west-1.amazonaws.com/survey-images/4a0b7053-3935-4296-a7aa-6f45d9ae391a/q_box1_dry_weight_photo/JPEG_20221211_124421_7135152967566965759.jpg,6.825,https://mavuno-files.s3-eu-west-1.amazonaws.com/survey-images/4a0b7053-3935-4296-a7aa-6f45d9ae391a/q_box2_dry_weight_photo/JPEG_20221211_124512_2551397968095477192.jpg,1.65625,1.70625,used box 1 and 19895,1.68125,have average yields,2022.0_17_Client_P,0,-0.4246261266093827,-1.6022260162163982,1.6476929187774658,,,,
926556f7-af61-46e5-a67a-9e38e1a1b538,Rice,2022.0,Nigeria,,,,,https://mavuno-files.s3-eu-west-1.amazonaws.com/survey-images/a27b6bf4-4fec-4d03-94fb-b31ec2a16f6a/q_field_photo/JPEG_20221023_155818_7490435226933966025.jpg,11.3681614,9.525552168,0.0,,0.0,,0.0,https://mavuno-files.s3-eu-west-1.amazonaws.com/survey-images/89e1c1ed-bc5e-4a19-beb6-58ab88e2c932/q_box1_dry_weight_photo/JPEG_20221023_162632_3408590931216846702.jpg,0.0,https://mavuno-files.s3-eu-west-1.amazonaws.com/survey-images/89e1c1ed-bc5e-4a19-beb6-58ab88e2c932/q_box2_dry_weight_photo/JPEG_20221023_162714_1535246454111525790.jpg,0.0,0.0,used box 1 and 19907,0.0,have average yields,2022.0_7_Client_K,2,0.4866772462965441,0.1944870438595176,,,0.2687100172042846,,
92701de8-d393-40fe-a4cc-923796be0575,Rice,2022.0,Nigeria,https://mavuno-files.s3-eu-west-1.amazonaws.com/survey-images/f717766b-fad9-49a9-a7b2-446b4537fc9e/q_wet_harvest_photo/JPEG_20221022_104334_2486781793542205329.jpg,https://mavuno-files.s3-eu-west-1.amazonaws.com/survey-images/f717766b-fad9-49a9-a7b2-446b4537fc9e/q_harvest_bags_photo/JPEG_20221022_104347_3779975479597000096.jpg,,,https://mavuno-files.s3-eu-west-1.amazonaws.com/survey-images/88b4e91d-8d1c-4b8d-b33d-0e33cc91f12c/q_field_photo/JPEG_20221022_095618_7615751596619096515.jpg,11.77369358,9.608812965,16.89,https://mavuno-files.s3-eu-west-1.amazonaws.com/survey-images/f717766b-fad9-49a9-a7b2-446b4537fc9e/q_box1_wet_weight_photo/JPEG_20221022_103511_3871910093562182800.jpg,17.19,https://mavuno-files.s3-eu-west-1.amazonaws.com/survey-images/f717766b-fad9-49a9-a7b2-446b4537fc9e/q_box2_wet_weight_photo/JPEG_20221022_103709_5322072869654381904.jpg,13.43,https://mavuno-files.s3-eu-west-1.amazonaws.com/survey-images/bc939d79-df21-496d-b5d8-f9afe580c822/q_box1_dry_weight_photo/JPEG_20221104_112642_2381117275213919779.jpg,14.07,https://mavuno-files.s3-eu-west-1.amazonaws.com/survey-images/bc939d79-df21-496d-b5d8-f9afe580c822/q_box2_dry_weight_photo/JPEG_20221104_112742_6549441395567182197.jpg,3.3575,3.5175,used box 1 and 19914,3.4375,have average yields,2022.0_56_Client_K,4,0.7125219288892409,0.246570263862412,,,,,3.2644550800323486
92ed9138-04dc-4bf9-a6f4-8b3f5b993b70,Rice,2022.0,Nigeria,https://mavuno-files.s3-eu-west-1.amazonaws.com/survey-images/1b84171a-0562-4ab1-8e7d-20bb94aa5bd3/q_wet_harvest_photo/JPEG_20221019_105504_66065720109836516.jpg,https://mavuno-files.s3-eu-west-1.amazonaws.com/survey-images/1b84171a-0562-4ab1-8e7d-20bb94aa5bd3/q_harvest_bags_photo/JPEG_20221019_105510_6495246325166607714.jpg,,,https://mavuno-files.s3-eu-west-1.amazonaws.com/survey-images/89b74592-a449-4053-8df9-a3a29fdef50d/q_field_photo/JPEG_20221019_094828_1527704000939364061.jpg,11.69602425,8.121731579,14.44,https://mavuno-files.s3-eu-west-1.amazonaws.com/survey-images/1b84171a-0562-4ab1-8e7d-20bb94aa5bd3/q_box1_wet_weight_photo/JPEG_20221019_105255_5355951513289004394.jpg,15.13,https://mavuno-files.s3-eu-west-1.amazonaws.com/survey-images/1b84171a-0562-4ab1-8e7d-20bb94aa5bd3/q_box2_wet_weight_photo/JPEG_20221019_105346_6667568014673511777.jpg,11.65,https://mavuno-files.s3-eu-west-1.amazonaws.com/survey-images/2ee8b4fe-cdfd-41e5-a6cb-82d58115be1a/q_box1_dry_weight_photo/JPEG_20221125_074130_8992819285700607532.jpg,12.87,https://mavuno-files.s3-eu-west-1.amazonaws.com/survey-images/2ee8b4fe-cdfd-41e5-a6cb-82d58115be1a/q_box2_dry_weight_photo/JPEG_20221125_074226_7401681031562620660.jpg,2.9125,3.2175,used box 1 and 19971,3.065,have average yields,2022.0_74_Client_K,4,0.6692671490070692,-0.6836632887811896,,,,,2.775775909423828
932d2a75-34e6-4b9b-9aae-555bba505752,Rice,2022.0,Nigeria,https://mavuno-files.s3-eu-west-1.amazonaws.com/survey-images/a0b44a09-35ca-4530-b6ee-acdb09629695/q_wet_harvest_photo/JPEG_20221209_083953_903010693533252704.jpg,https://mavuno-files.s3-eu-west-1.amazonaws.com/survey-images/a0b44a09-35ca-4530-b6ee-acdb09629695/q_harvest_bags_photo/JPEG_20221209_084014_5532327060954841454.jpg,,,https://mavuno-files.s3-eu-west-1.amazonaws.com/survey-images/318b619e-59c1-4cea-bb2b-056f82850178/q_field_photo/JPEG_20221206_093600_5918124594646786872.jpg,11.12968744,4.568800627,7.45,https://mavuno-files.s3-eu-west-1.amazonaws.com/survey-images/a0b44a09-35ca-4530-b6ee-acdb09629695/q_box1_wet_weight_photo/JPEG_20221209_083246_1360858239557979691.jpg,6.63,https://mavuno-files.s3-eu-west-1.amazonaws.com/survey-images/a0b44a09-35ca-4530-b6ee-acdb09629695/q_box2_wet_weight_photo/JPEG_20221209_083735_6109758135439087594.jpg,7.3,https://mavuno-files.s3-eu-west-1.amazonaws.com/survey-images/62c143a5-ae17-4238-9235-54f19797de88/q_box1_dry_weight_photo/JPEG_20221210_125247_5080514371509939977.jpg,6.505,https://mavuno-files.s3-eu-west-1.amazonaws.com/survey-images/62c143a5-ae17-4238-9235-54f19797de88/q_box2_dry_weight_photo/JPEG_20221210_125414_6910417879788068664.jpg,1.825,1.62625,used box 1 and 20008,1.725625,have average yields,2022.0_129_Client_P,4,0.3538688565829989,-2.9061748559970373,,,,,1.3794456720352173
934c70d0-d618-4b21-aa1a-e3b4c9c78bf7,Rice,2022.0,Nigeria,https://mavuno-files.s3-eu-west-1.amazonaws.com/survey-images/49bbd7c6-0273-4d0c-9cab-9d212eee9ae2/q_wet_harvest_photo/JPEG_20221205_102256_6202513420700365465.jpg,https://mavuno-files.s3-eu-west-1.amazonaws.com/survey-images/49bbd7c6-0273-4d0c-9cab-9d212eee9ae2/q_harvest_bags_photo/JPEG_20221205_102332_5257450019804936553.jpg,,,https://mavuno-files.s3-eu-west-1.amazonaws.com/survey-images/f7ef46c6-1795-4d24-aa62-3521ed29388c/q_field_photo/JPEG_20221129_093014_5683390115963440174.jpg,11.14520709,4.567841836,5.17,https://mavuno-files.s3-eu-west-1.amazonaws.com/survey-images/49bbd7c6-0273-4d0c-9cab-9d212eee9ae2/q_box1_wet_weight_photo/JPEG_20221205_102026_7338706255618704431.jpg,5.28,https://mavuno-files.s3-eu-west-1.amazonaws.com/survey-images/49bbd7c6-0273-4d0c-9cab-9d212eee9ae2/q_box2_wet_weight_photo/JPEG_20221205_102205_4781667719744071569.jpg,5.085,https://mavuno-files.s3-eu-west-1.amazonaws.com/survey-images/71b9db8c-8452-4c4f-b514-b2c7c787fde4/q_box1_dry_weight_photo/JPEG_20221209_152059_1033234180519560773.jpg,5.18,https://mavuno-files.s3-eu-west-1.amazonaws.com/survey-images/71b9db8c-8452-4c4f-b514-b2c7c787fde4/q_box2_dry_weight_photo/JPEG_20221209_152245_5480214049715189369.jpg,1.27125,1.295,used box 1 and 20027,1.283125,have average yields,2022.0_129_Client_P,1,0.3625118955354187,-2.906774621125274,,1.1595321893692017,,,
93947c38-47a2-438e-becb-912c8bc18377,Rice,2022.0,Nigeria,https://mavuno-files.s3-eu-west-1.amazonaws.com/survey-images/18930429-1586-4a52-b89e-e34ded2ffda5/q_wet_harvest_photo/JPEG_20221108_131040_7739872689852376315.jpg,https://mavuno-files.s3-eu-west-1.amazonaws.com/survey-images/18930429-1586-4a52-b89e-e34ded2ffda5/q_harvest_bags_photo/JPEG_20221108_131124_3721706852669085647.jpg,,,https://mavuno-files.s3-eu-west-1.amazonaws.com/survey-images/b9866bd6-9178-44bb-8a20-7bc1ffdb5f4b/q_field_photo/JPEG_20221031_102438_4976722047687675619.jpg,8.186016,9.1268464,3.24,https://mavuno-files.s3-eu-west-1.amazonaws.com/survey-images/18930429-1586-4a52-b89e-e34ded2ffda5/q_box1_wet_weight_photo/JPEG_20221108_124232_6508232876017828828.jpg,4.075,https://mavuno-files.s3-eu-west-1.amazonaws.com/survey-images/18930429-1586-4a52-b89e-e34ded2ffda5/q_box2_wet_weight_photo/JPEG_20221108_125028_8847994760337269531.jpg,2.805,https://mavuno-files.s3-eu-west-1.amazonaws.com/survey-images/6ab6d978-afec-4e5d-9630-888a214cb22a/q_box1_dry_weight_photo/JPEG_20221108_142013_5644087430216748259.jpg,3.4,https://mavuno-files.s3-eu-west-1.amazonaws.com/survey-images/6ab6d978-afec-4e5d-9630-888a214cb22a/q_box2_dry_weight_photo/JPEG_20221108_142224_4455607787054642101.jpg,0.70125,0.85,used box 1 and 20062,0.775625,have average yields,2022.0_173_Client_AU,2,-1.2854894355850524,-0.0549206123171004,,,0.5657684206962585,,
93962e0f-32fd-4aa3-82d2-6e2a6007ef69,Rice,2022.0,Nigeria,https://mavuno-files.s3-eu-west-1.amazonaws.com/survey-images/4034ac23-fc0f-4824-8fd9-60c9151512dd/q_wet_harvest_photo/JPEG_20221021_105335_6251236782922724581.jpg,https://mavuno-files.s3-eu-west-1.amazonaws.com/survey-images/4034ac23-fc0f-4824-8fd9-60c9151512dd/q_harvest_bags_photo/JPEG_20221021_105350_2068207727039268723.jpg,,,https://mavuno-files.s3-eu-west-1.amazonaws.com/survey-images/317f0c41-6271-4af6-b7ed-6888e5c51efd/q_field_photo/JPEG_20221021_093557_5693246285258367668.jpg,11.54334388,8.969875574,15.38,https://mavuno-files.s3-eu-west-1.amazonaws.com/survey-images/4034ac23-fc0f-4824-8fd9-60c9151512dd/q_box1_wet_weight_photo/JPEG_20221021_105116_8356551221931364463.jpg,16.6,https://mavuno-files.s3-eu-west-1.amazonaws.com/survey-images/4034ac23-fc0f-4824-8fd9-60c9151512dd/q_box2_wet_weight_photo/JPEG_20221021_105240_1117807021125343609.jpg,12.29,https://mavuno-files.s3-eu-west-1.amazonaws.com/survey-images/189edebb-b3c9-4db4-ad25-6f384b41a8b7/q_box1_dry_weight_photo/JPEG_20221120_073104_3535261858166610009.jpg,13.51,https://mavuno-files.s3-eu-west-1.amazonaws.com/survey-images/189edebb-b3c9-4db4-ad25-6f384b41a8b7/q_box2_dry_weight_photo/JPEG_20221120_073148_4490669255253443927.jpg,3.0725,3.3775,used box 1 and 20066,3.225,have average yields,2022.0_201_Client_K,3,0.584238015928689,-0.1531126349636544,,,,2.896278381347656,
93a27cd2-0e4a-4098-ae5a-264a689c3594,Rice,2022.0,Nigeria,https://mavuno-files.s3-eu-west-1.amazonaws.com/survey-images/64a16ba0-2eb8-4122-aab2-aecf8d6656a9/q_wet_harvest_photo/JPEG_20220719_164338_1265001273983693990.jpg,https://mavuno-files.s3-eu-west-1.amazonaws.com/survey-images/64a16ba0-2eb8-4122-aab2-aecf8d6656a9/q_harvest_bags_photo/JPEG_20220719_164404_5794145810301690613.jpg,,,https://mavuno-files.s3-eu-west-1.amazonaws.com/survey-images/89e68e43-7bfd-4951-8f71-3bf3c59f828a/q_field_photo/JPEG_20220716_130543_6744203882688371272.jpg,12.5946499,10.5384517,2.045,https://mavuno-files.s3-eu-west-1.amazonaws.com/survey-images/64a16ba0-2eb8-4122-aab2-aecf8d6656a9/q_box1_wet_weight_photo/JPEG_20220719_164109_2732493187103130901.jpg,1.99,https://mavuno-files.s3-eu-west-1.amazonaws.com/survey-images/64a16ba0-2eb8-4122-aab2-aecf8d6656a9/q_box2_wet_weight_photo/JPEG_20220719_164238_4193742966380063932.jpg,2.0,https://mavuno-files.s3-eu-west-1.amazonaws.com/survey-images/9b95bf0f-4f46-445a-b7d4-a815b3d44f4a/q_box1_dry_weight_photo/JPEG_20220814_101306_690235158352017896.jpg,1.97,https://mavuno-files.s3-eu-west-1.amazonaws.com/survey-images/9b95bf0f-4f46-445a-b7d4-a815b3d44f4a/q_box2_dry_weight_photo/JPEG_20220814_101539_8914497336343790479.jpg,0.5,0.4925,used box 1 and 20073,0.49625,have average yields,2022.0_105_Client_BW,3,1.1697202195720384,0.8280993928499449,,,,0.8317611217498779,
93d84862-3a82-45a3-ad55-e8e62b18477f,Rice,2022.0,Nigeria,https://mavuno-files.s3-eu-west-1.amazonaws.com/survey-images/16d0012e-edf4-410b-9a8f-3794d36f0553/q_wet_harvest_photo/JPEG_20221021_133252_525824810208428024.jpg,https://mavuno-files.s3-eu-west-1.amazonaws.com/survey-images/16d0012e-edf4-410b-9a8f-3794d36f0553/q_harvest_bags_photo/JPEG_20221021_133302_2707103646433361254.jpg,,,https://mavuno-files.s3-eu-west-1.amazonaws.com/survey-images/89b209fe-292d-454c-b8fc-c8f9608bfe50/q_field_photo/JPEG_20221021_122045_1042816604607621143.jpg,11.67889225,8.110826053,14.21,https://mavuno-files.s3-eu-west-1.amazonaws.com/survey-images/16d0012e-edf4-410b-9a8f-3794d36f0553/q_box1_wet_weight_photo/JPEG_20221021_133002_810791670140388784.jpg,13.67,https://mavuno-files.s3-eu-west-1.amazonaws.com/survey-images/16d0012e-edf4-410b-9a8f-3794d36f0553/q_box2_wet_weight_photo/JPEG_20221021_133120_7621311949521274389.jpg,11.91,https://mavuno-files.s3-eu-west-1.amazonaws.com/survey-images/cf3f4dc3-bf2b-4dad-b6f7-3356583826cd/q_box1_dry_weight_photo/JPEG_20221127_092608_7122587012279974493.jpg,10.77,https://mavuno-files.s3-eu-west-1.amazonaws.com/survey-images/cf3f4dc3-bf2b-4dad-b6f7-3356583826cd/q_box2_dry_weight_photo/JPEG_20221127_092818_2089343201544957857.jpg,2.9775,2.6925,used box 1 and 20100,2.835,have average yields,2022.0_74_Client_K,0,0.6597261771853555,-0.6904851657073173,2.8586583137512207,,,,
940d18e5-411b-43ba-9690-bffaefbe4942,Rice,2022.0,Nigeria,https://mavuno-files.s3-eu-west-1.amazonaws.com/survey-images/795e1c49-367d-4a83-b123-70f22a13ab4d/q_wet_harvest_photo/JPEG_20221124_091726_8142504837199234120.jpg,https://mavuno-files.s3-eu-west-1.amazonaws.com/survey-images/795e1c49-367d-4a83-b123-70f22a13ab4d/q_harvest_bags_photo/JPEG_20221124_091844_1253644062135869395.jpg,,,https://mavuno-files.s3-eu-west-1.amazonaws.com/survey-images/759665d3-a3d2-40c4-8d21-ddce35235d23/q_field_photo/JPEG_20221013_135217_5394065586881108710.jpg,8.04512,8.1066802,3.14,https://mavuno-files.s3-eu-west-1.amazonaws.com/survey-images/795e1c49-367d-4a83-b123-70f22a13ab4d/q_box1_wet_weight_photo/JPEG_20221124_091123_5164476312740342006.jpg,3.62,https://mavuno-files.s3-eu-west-1.amazonaws.com/survey-images/795e1c49-367d-4a83-b123-70f22a13ab4d/q_box2_wet_weight_photo/JPEG_20221124_091507_1542677444936812017.jpg,2.015,https://mavuno-files.s3-eu-west-1.amazonaws.com/survey-images/39317e0a-589e-4646-ba27-451a7cd7cdbb/q_box1_dry_weight_photo/JPEG_20221125_080809_7386987376469372956.jpg,2.4,https://mavuno-files.s3-eu-west-1.amazonaws.com/survey-images/39317e0a-589e-4646-ba27-451a7cd7cdbb/q_box2_dry_weight_photo/JPEG_20221125_081005_2536307634816510229.jpg,0.50375,0.6,used box 1 and 20135,0.551875,have average yields,2022.0_101_Client_AU,3,-1.3639557422504829,-0.6930785755914276,,,,0.7146021127700806,
942f21e1-d0d9-48e6-902d-56324389a520,Rice,2022.0,Nigeria,https://mavuno-files.s3-eu-west-1.amazonaws.com/survey-images/2f161bb0-29a7-43e6-aaed-f78e2e39a2b6/q_wet_harvest_photo/JPEG_20221028_172028_3077040131553415394.jpg,https://mavuno-files.s3-eu-west-1.amazonaws.com/survey-images/2f161bb0-29a7-43e6-aaed-f78e2e39a2b6/q_harvest_bags_photo/JPEG_20221028_172118_4595941543624303574.jpg,,,https://mavuno-files.s3-eu-west-1.amazonaws.com/survey-images/06aa05a9-0d27-4f6f-853a-530e0420e37e/q_field_photo/JPEG_20221028_165115_2793233972999107449.jpg,9.7807667,11.1377483,3.985,,3.76,https://mavuno-files.s3-eu-west-1.amazonaws.com/survey-images/2f161bb0-29a7-43e6-aaed-f78e2e39a2b6/q_box2_wet_weight_photo/JPEG_20221028_171706_7394600272499392429.jpg,2.745,https://mavuno-files.s3-eu-west-1.amazonaws.com/survey-images/26f3b13a-e138-42e0-b4af-955ae21917d7/q_box1_dry_weight_photo/JPEG_20221030_153738_5035641985613832503.jpg,2.455,https://mavuno-files.s3-eu-west-1.amazonaws.com/survey-images/26f3b13a-e138-42e0-b4af-955ae21917d7/q_box2_dry_weight_photo/JPEG_20221030_153945_6334463725124454580.jpg,0.68625,0.61375,used box 1 and 20151,0.65,have average yields,2022.0_52_Client_S,2,-0.3973577818751522,1.202985266988129,,,1.9622936248779297,,
943a7a1d-2cdd-4b21-8f77-386773a9c3d1,Rice,2022.0,Nigeria,https://mavuno-files.s3-eu-west-1.amazonaws.com/survey-images/99c451da-d4fd-47d3-b587-a7a9a48319af/q_wet_harvest_photo/JPEG_20221130_113005_8187792090650889124.jpg,https://mavuno-files.s3-eu-west-1.amazonaws.com/survey-images/99c451da-d4fd-47d3-b587-a7a9a48319af/q_harvest_bags_photo/JPEG_20221130_113044_7852964262251783933.jpg,,,https://mavuno-files.s3-eu-west-1.amazonaws.com/survey-images/fb6a9b36-7e7f-47e1-82c9-7bcfc3d5ebad/q_field_photo/JPEG_20221124_150105_7046611869874839564.jpg,8.6256624,8.9512747,8.67,https://mavuno-files.s3-eu-west-1.amazonaws.com/survey-images/99c451da-d4fd-47d3-b587-a7a9a48319af/q_box1_wet_weight_photo/JPEG_20221130_112625_2620244284530537959.jpg,7.095,https://mavuno-files.s3-eu-west-1.amazonaws.com/survey-images/99c451da-d4fd-47d3-b587-a7a9a48319af/q_box2_wet_weight_photo/JPEG_20221130_112811_5361273000508248378.jpg,4.255,https://mavuno-files.s3-eu-west-1.amazonaws.com/survey-images/dfae41c3-3238-404c-9b7f-2816cecece50/q_box1_dry_weight_photo/JPEG_20221130_113322_8267625081858380177.jpg,3.435,https://mavuno-files.s3-eu-west-1.amazonaws.com/survey-images/dfae41c3-3238-404c-9b7f-2816cecece50/q_box2_dry_weight_photo/JPEG_20221130_113629_1701251457835153002.jpg,1.06375,0.85875,used box 1 and 20157,0.96125,have average yields,2022.0_169_Client_AU,1,-1.040646223238694,-0.16474828400492,,1.2077765464782717,,,
95093353-1556-4adf-b8af-903a6c78d68c,Rice,2022.0,Nigeria,https://mavuno-files.s3-eu-west-1.amazonaws.com/survey-images/49010933-24b3-472f-85fe-e3d355fc0f01/q_wet_harvest_photo/JPEG_20221117_154640_101606553652450337.jpg,https://mavuno-files.s3-eu-west-1.amazonaws.com/survey-images/49010933-24b3-472f-85fe-e3d355fc0f01/q_harvest_bags_photo/JPEG_20221117_154743_1483549262402308249.jpg,,,https://mavuno-files.s3-eu-west-1.amazonaws.com/survey-images/31111a29-982d-448a-aa8e-432107eab4e5/q_field_photo/JPEG_20221117_144900_5103042584599382582.jpg,9.9727295,10.9626616,2.08,https://mavuno-files.s3-eu-west-1.amazonaws.com/survey-images/49010933-24b3-472f-85fe-e3d355fc0f01/q_box1_wet_weight_photo/JPEG_20221117_153908_3765598877068081887.jpg,2.17,https://mavuno-files.s3-eu-west-1.amazonaws.com/survey-images/49010933-24b3-472f-85fe-e3d355fc0f01/q_box2_wet_weight_photo/JPEG_20221117_154358_6397231445250570284.jpg,1.87,https://mavuno-files.s3-eu-west-1.amazonaws.com/survey-images/4acfb629-c190-42e6-9894-cfde39d08a77/q_box1_dry_weight_photo/JPEG_20221205_081919_5538489587860041355.jpg,1.835,https://mavuno-files.s3-eu-west-1.amazonaws.com/survey-images/4acfb629-c190-42e6-9894-cfde39d08a77/q_box2_dry_weight_photo/JPEG_20221205_082249_5295461342087777849.jpg,0.4675,0.45875,used box 1 and 20273,0.463125,have average yields,2022.0_52_Client_S,0,-0.2904518943186937,1.093460983720929,0.2438936680555343,,,,
950eae8b-8357-494a-bd45-8e2c9d86c7ec,Rice,2022.0,Nigeria,https://mavuno-files.s3-eu-west-1.amazonaws.com/survey-images/448a443f-42df-4e76-8203-e5af165ba3ef/q_wet_harvest_photo/JPEG_20221123_124755_1544233616503910702.jpg,https://mavuno-files.s3-eu-west-1.amazonaws.com/survey-images/448a443f-42df-4e76-8203-e5af165ba3ef/q_harvest_bags_photo/JPEG_20221123_124849_7263577659150191906.jpg,,,https://mavuno-files.s3-eu-west-1.amazonaws.com/survey-images/39d7ce8e-c646-4910-ac4c-34e0079f0a7d/q_field_photo/JPEG_20221123_115745_9182176129531301089.jpg,10.6850517,11.4380283,1.69,https://mavuno-files.s3-eu-west-1.amazonaws.com/survey-images/448a443f-42df-4e76-8203-e5af165ba3ef/q_box1_wet_weight_photo/JPEG_20221123_124233_55698490658313890.jpg,2.715,https://mavuno-files.s3-eu-west-1.amazonaws.com/survey-images/448a443f-42df-4e76-8203-e5af165ba3ef/q_box2_wet_weight_photo/JPEG_20221123_124538_3106659416307731341.jpg,1.44,https://mavuno-files.s3-eu-west-1.amazonaws.com/survey-images/46480ea6-763a-49d7-868f-89d7160d197a/q_box1_dry_weight_photo/JPEG_20221129_152313_3454875997157199734.jpg,2.23,https://mavuno-files.s3-eu-west-1.amazonaws.com/survey-images/46480ea6-763a-49d7-868f-89d7160d197a/q_box2_dry_weight_photo/JPEG_20221129_152452_578802125158263586.jpg,0.36,0.5575,used box 1 and 20275,0.45875,have average yields,2022.0_200_Client_S,3,0.1062470338964031,1.3908233596557886,,,,1.694579005241394,
95179482-71d9-4ad2-a62c-3dc4819084ca,Rice,2022.0,Nigeria,https://mavuno-files.s3-eu-west-1.amazonaws.com/survey-images/fc25110a-09d2-486d-b7ab-436deb13e9c3/q_wet_harvest_photo/JPEG_20221208_180257_7771619535912291291.jpg,https://mavuno-files.s3-eu-west-1.amazonaws.com/survey-images/fc25110a-09d2-486d-b7ab-436deb13e9c3/q_harvest_bags_photo/JPEG_20221208_180401_6590963348221540449.jpg,,,https://mavuno-files.s3-eu-west-1.amazonaws.com/survey-images/325f3a75-0813-4e8c-b573-16525063e72f/q_field_photo/JPEG_20221129_112501_1522565326066980379.jpg,9.7539824,6.793077,7.215,https://mavuno-files.s3-eu-west-1.amazonaws.com/survey-images/fc25110a-09d2-486d-b7ab-436deb13e9c3/q_box1_wet_weight_photo/JPEG_20221208_180008_4928444566908840277.jpg,7.09,https://mavuno-files.s3-eu-west-1.amazonaws.com/survey-images/fc25110a-09d2-486d-b7ab-436deb13e9c3/q_box2_wet_weight_photo/JPEG_20221208_180156_4388103487592425700.jpg,6.875,https://mavuno-files.s3-eu-west-1.amazonaws.com/survey-images/522db446-6ac5-49c8-8816-16450a7416c9/q_box1_dry_weight_photo/JPEG_20221209_163439_2414272934132632232.jpg,6.105,https://mavuno-files.s3-eu-west-1.amazonaws.com/survey-images/522db446-6ac5-49c8-8816-16450a7416c9/q_box2_dry_weight_photo/JPEG_20221209_163544_8642008879340844459.jpg,1.71875,1.52625,used box 1 and 20279,1.6225,have average yields,2022.0_17_Client_P,0,-0.4122742102877319,-1.5147940398585615,1.427829384803772,,,,
951d2da9-1d48-486c-9f92-8b20cd993058,Rice,2022.0,Nigeria,https://mavuno-files.s3-eu-west-1.amazonaws.com/survey-images/83f2d9d4-36ef-4530-aa94-02d94424fc50/q_wet_harvest_photo/JPEG_20221117_151307_4752023943316572012.jpg,https://mavuno-files.s3-eu-west-1.amazonaws.com/survey-images/83f2d9d4-36ef-4530-aa94-02d94424fc50/q_harvest_bags_photo/JPEG_20221117_151353_5018215675874277851.jpg,,,https://mavuno-files.s3-eu-west-1.amazonaws.com/survey-images/c7318174-1018-4add-8a92-42cdd1b8c215/q_field_photo/JPEG_20221013_145445_4665478102726878620.jpg,8.3725761,9.2998786,2.18,https://mavuno-files.s3-eu-west-1.amazonaws.com/survey-images/83f2d9d4-36ef-4530-aa94-02d94424fc50/q_box1_wet_weight_photo/JPEG_20221117_150502_1061513049977442311.jpg,2.13,https://mavuno-files.s3-eu-west-1.amazonaws.com/survey-images/83f2d9d4-36ef-4530-aa94-02d94424fc50/q_box2_wet_weight_photo/JPEG_20221117_151017_2100565541433407607.jpg,2.025,https://mavuno-files.s3-eu-west-1.amazonaws.com/survey-images/b2f4190c-b71b-4fc0-9369-0eed14b9ea0b/q_box1_dry_weight_photo/JPEG_20221117_153935_8463210505846338985.jpg,1.985,https://mavuno-files.s3-eu-west-1.amazonaws.com/survey-images/b2f4190c-b71b-4fc0-9369-0eed14b9ea0b/q_box2_dry_weight_photo/JPEG_20221117_154125_7354921853490230956.jpg,0.50625,0.49625,used box 1 and 20282,0.50125,have average yields,2022.0_173_Client_AU,3,-1.1815923624379554,0.0533184925786271,,,,-0.0268504805862903,
95d710f1-7944-4720-a149-988dacaf6430,Rice,2022.0,Nigeria,https://mavuno-files.s3-eu-west-1.amazonaws.com/survey-images/cf457d67-81ba-4eb5-a7a3-ef6d512b57b2/q_wet_harvest_photo/JPEG_20221108_111153_8819571746383953394.jpg,https://mavuno-files.s3-eu-west-1.amazonaws.com/survey-images/cf457d67-81ba-4eb5-a7a3-ef6d512b57b2/q_harvest_bags_photo/JPEG_20221108_111238_1683241614868299705.jpg,,,https://mavuno-files.s3-eu-west-1.amazonaws.com/survey-images/c7f6934c-462b-4f92-8934-1ab98c7323ed/q_field_photo/JPEG_20221108_095335_922190436376044795.jpg,9.2556733,12.2241679,4.195,https://mavuno-files.s3-eu-west-1.amazonaws.com/survey-images/cf457d67-81ba-4eb5-a7a3-ef6d512b57b2/q_box1_wet_weight_photo/JPEG_20221108_110539_1163779081812565690.jpg,3.42,https://mavuno-files.s3-eu-west-1.amazonaws.com/survey-images/cf457d67-81ba-4eb5-a7a3-ef6d512b57b2/q_box2_wet_weight_photo/JPEG_20221108_110942_2108659976286919685.jpg,3.065,https://mavuno-files.s3-eu-west-1.amazonaws.com/survey-images/7c6f0936-3160-47d1-b56c-07568eb4c2ca/q_box1_dry_weight_photo/JPEG_20221108_111504_3667333811407873326.jpg,2.42,https://mavuno-files.s3-eu-west-1.amazonaws.com/survey-images/7c6f0936-3160-47d1-b56c-07568eb4c2ca/q_box2_dry_weight_photo/JPEG_20221108_111748_8018015071263412628.jpg,0.76625,0.605,used box 1 and 20375,0.685625,have average yields,2022.0_28_Client_S,4,-0.6897872316281161,1.8825875898226911,,,,,1.4282926321029663
96da0006-c802-488e-b02d-0cabb6294c35,Rice,2022.0,Nigeria,,,,,https://mavuno-files.s3-eu-west-1.amazonaws.com/survey-images/19b6c367-7e4a-4ae7-aa6f-2b7b280b1700/q_field_photo/JPEG_20221014_134208_8305065537835540661.jpg,7.8746504,8.0102624,0.0,,0.0,,0.0,,0.0,,0.0,0.0,used box 1 and 20519,0.0,have average yields,2022.0_135_Client_AU,4,-1.4588918647148064,-0.7533920685020836,,,,,-0.1544434130191803
972db3dd-11f1-4256-883b-6c9baa89dd59,Rice,2022.0,Nigeria,https://mavuno-files.s3-eu-west-1.amazonaws.com/survey-images/4d4bde74-f96e-49b8-a5e7-245628d02817/q_wet_harvest_photo/JPEG_20221114_130633_6281351271673375818.jpg,https://mavuno-files.s3-eu-west-1.amazonaws.com/survey-images/4d4bde74-f96e-49b8-a5e7-245628d02817/q_harvest_bags_photo/JPEG_20221114_130717_1303518598181782069.jpg,,,https://mavuno-files.s3-eu-west-1.amazonaws.com/survey-images/9ea1081a-a3bc-4f6c-ac07-2f795b0fade7/q_field_photo/JPEG_20221114_124435_2590717154495052714.jpg,8.1143518,9.177618,1.45,https://mavuno-files.s3-eu-west-1.amazonaws.com/survey-images/4d4bde74-f96e-49b8-a5e7-245628d02817/q_box1_wet_weight_photo/JPEG_20221114_125720_5609206416831504787.jpg,1.325,https://mavuno-files.s3-eu-west-1.amazonaws.com/survey-images/4d4bde74-f96e-49b8-a5e7-245628d02817/q_box2_wet_weight_photo/JPEG_20221114_130201_1846042088841996198.jpg,1.135,https://mavuno-files.s3-eu-west-1.amazonaws.com/survey-images/e028a045-8497-4f64-b56d-5f2f026a6d42/q_box1_dry_weight_photo/JPEG_20221114_131409_5489393743225718328.jpg,1.005,https://mavuno-files.s3-eu-west-1.amazonaws.com/survey-images/e028a045-8497-4f64-b56d-5f2f026a6d42/q_box2_dry_weight_photo/JPEG_20221114_131541_7729250063864183318.jpg,0.28375,0.25125,used box 1 and 20567,0.2675,have average yields,2022.0_173_Client_AU,0,-1.325399902128693,-0.0231607864689402,3.005153179168701,,,,
9741475c-447a-4d6b-97b8-57c230fa7ab6,Rice,2022.0,Nigeria,,,,,https://mavuno-files.s3-eu-west-1.amazonaws.com/survey-images/6a95a0df-f761-488f-97dd-71f680addab5/q_field_photo/JPEG_20221024_145126_339415511237424579.jpg,11.75455689,9.628801122,0.0,,0.0,,0.0,,0.0,,0.0,0.0,used box 1 and 20576,0.0,have average yields,2022.0_56_Client_K,0,0.7018645263646748,0.2590737182610459,2.0433554649353027,,,,
9749712d-9460-44c1-8495-1de8ab326750,Rice,2022.0,Nigeria,,,,,https://mavuno-files.s3-eu-west-1.amazonaws.com/survey-images/a4110a8d-5031-47de-b592-a3fab1bf4b1b/q_field_photo/JPEG_20220829_120307_6237775126888523404.jpg,6.4483121,8.5149848,0.0,,0.0,,0.0,,0.0,,0.0,0.0,used box 1 and 20580,0.0,have average yields,2022.0_98_Client_AY,3,-2.253233069975772,-0.4376664359503187,,,,0.176204964518547,
97715da1-72a4-45d6-8ef0-fd0239700e10,Rice,2022.0,Nigeria,,,,,https://mavuno-files.s3-eu-west-1.amazonaws.com/survey-images/7571a721-452a-4c7c-a2f6-6286532cc1e2/q_field_photo/JPEG_20221014_080437_6796629054692836884.jpg,7.9690313,7.8206974,0.0,,0.0,,0.0,,0.0,,0.0,0.0,used box 1 and 20595,0.0,have average yields,2022.0_135_Client_AU,4,-1.4063302544294942,-0.8719731529450869,,,,,-0.0703321248292923
979b2f4b-8ad9-4799-90dc-8aa313757780,Rice,2022.0,Nigeria,,,,,https://mavuno-files.s3-eu-west-1.amazonaws.com/survey-images/847fdc7d-488a-42d1-b9f9-09d946dce8dd/q_field_photo/JPEG_20221115_075601_1487577568.jpg,12.6242971,10.3684349,0.0,,0.0,,0.0,,0.0,,0.0,0.0,used box 1 and 20620,0.0,have average yields,2022.0_105_Client_BN,2,1.1862310239026888,0.7217465507243992,,,1.4973942041397097,,
97a9c54d-482d-4281-9358-86395dad499e,Rice,2022.0,Nigeria,https://mavuno-files.s3-eu-west-1.amazonaws.com/survey-images/de3f130a-8f59-40c8-a3b3-8b5c5877e029/q_wet_harvest_photo/JPEG_20221119_123420_1878192406948249380.jpg,https://mavuno-files.s3-eu-west-1.amazonaws.com/survey-images/de3f130a-8f59-40c8-a3b3-8b5c5877e029/q_harvest_bags_photo/JPEG_20221119_123430_1064197795726594136.jpg,,,https://mavuno-files.s3-eu-west-1.amazonaws.com/survey-images/5906c019-c7b0-4a66-b7c0-2268d3de232b/q_field_photo/JPEG_20221105_121133_5854979765527571040.jpg,11.6350569,9.0286129,14.82,https://mavuno-files.s3-eu-west-1.amazonaws.com/survey-images/de3f130a-8f59-40c8-a3b3-8b5c5877e029/q_box1_wet_weight_photo/JPEG_20221119_123135_5268111440133164825.jpg,14.09,https://mavuno-files.s3-eu-west-1.amazonaws.com/survey-images/de3f130a-8f59-40c8-a3b3-8b5c5877e029/q_box2_wet_weight_photo/JPEG_20221119_123307_5875857254182038864.jpg,13.49,https://mavuno-files.s3-eu-west-1.amazonaws.com/survey-images/06a157b6-820a-488c-a3ef-103241ec67ed/q_box1_dry_weight_photo/JPEG_20221125_122557_7952433577260208019.jpg,13.13,https://mavuno-files.s3-eu-west-1.amazonaws.com/survey-images/06a157b6-820a-488c-a3ef-103241ec67ed/q_box2_dry_weight_photo/JPEG_20221125_122729_8841759836455317914.jpg,3.3725,3.2825,used box 1 and 20627,3.3275,have average yields,2022.0_56_Client_P,3,0.6353138587669015,-0.1163699038985193,,,,2.593118190765381,
98a11400-1c44-4290-b618-9a6a6b8f7e1d,Rice,2022.0,Nigeria,https://mavuno-files.s3-eu-west-1.amazonaws.com/survey-images/4b703848-76fc-42a9-9c14-138a7135e0e0/q_wet_harvest_photo/JPEG_20221024_122756_6099398636882561298.jpg,https://mavuno-files.s3-eu-west-1.amazonaws.com/survey-images/4b703848-76fc-42a9-9c14-138a7135e0e0/q_harvest_bags_photo/JPEG_20221024_122848_1403757091342074862.jpg,,,https://mavuno-files.s3-eu-west-1.amazonaws.com/survey-images/efc1e3a5-241e-4185-b227-907b3b5e6ca5/q_field_photo/JPEG_20221019_151641_4668982526500581539.jpg,12.27107881,10.32580867,16.89,https://mavuno-files.s3-eu-west-1.amazonaws.com/survey-images/4b703848-76fc-42a9-9c14-138a7135e0e0/q_box1_wet_weight_photo/JPEG_20221024_122210_1394050485957985770.jpg,16.79,https://mavuno-files.s3-eu-west-1.amazonaws.com/survey-images/4b703848-76fc-42a9-9c14-138a7135e0e0/q_box2_wet_weight_photo/JPEG_20221024_122424_2637693374149399013.jpg,14.35,,15.03,,3.5875,3.7575,used box 1 and 20742,3.6725,have average yields,2022.0_13_Client_K,3,0.9895204383432764,0.6950820051642121,,,,3.4086267948150635,
991707d9-79d4-47ff-a2ab-874eff790d14,Rice,2022.0,Nigeria,https://mavuno-files.s3-eu-west-1.amazonaws.com/survey-images/3c271c8f-f587-4868-bd8f-39b87a209cb3/q_wet_harvest_photo/JPEG_20221022_142721_4637241704509156141.jpg,https://mavuno-files.s3-eu-west-1.amazonaws.com/survey-images/3c271c8f-f587-4868-bd8f-39b87a209cb3/q_harvest_bags_photo/JPEG_20221022_142810_4042949990985886783.jpg,,,https://mavuno-files.s3-eu-west-1.amazonaws.com/survey-images/94619e1c-de96-4c17-8bdd-2ceed8a4d4df/q_field_photo/JPEG_20221022_111146_7840157380813973474.jpg,12.55637065,10.56869645,15.41,https://mavuno-files.s3-eu-west-1.amazonaws.com/survey-images/3c271c8f-f587-4868-bd8f-39b87a209cb3/q_box1_wet_weight_photo/JPEG_20221022_142112_7416567849859328622.jpg,15.35,https://mavuno-files.s3-eu-west-1.amazonaws.com/survey-images/3c271c8f-f587-4868-bd8f-39b87a209cb3/q_box2_wet_weight_photo/JPEG_20221022_142327_3562150591790214908.jpg,12.71,https://mavuno-files.s3-eu-west-1.amazonaws.com/survey-images/647d2744-6ea7-4077-9bae-0f50ee30ed45/q_box1_dry_weight_photo/JPEG_20221026_105039_568719021370251705.jpg,13.22,https://mavuno-files.s3-eu-west-1.amazonaws.com/survey-images/647d2744-6ea7-4077-9bae-0f50ee30ed45/q_box2_dry_weight_photo/JPEG_20221026_105148_6363480585868603691.jpg,3.1775,3.305,used box 1 and 20802,3.24125,have average yields,2022.0_105_Client_K,4,1.1484021454647344,0.8470187885912869,,,,,3.1491057872772217
9a2b7557-3f68-435c-8571-28a10ae9e7a1,Rice,2022.0,Nigeria,https://mavuno-files.s3-eu-west-1.amazonaws.com/survey-images/8e26cc4f-f46e-45fd-ae02-e72cdc6f7f35/q_wet_harvest_photo/JPEG_20221024_094917_7953052713473487542.jpg,https://mavuno-files.s3-eu-west-1.amazonaws.com/survey-images/8e26cc4f-f46e-45fd-ae02-e72cdc6f7f35/q_harvest_bags_photo/JPEG_20221024_095005_3978171803730763528.jpg,,,https://mavuno-files.s3-eu-west-1.amazonaws.com/survey-images/32f600f6-5353-4e72-8aae-d6ae35f530ba/q_field_photo/JPEG_20221119_094629_6090263990681330728.jpg,11.10627231,9.293517955,19.25,https://mavuno-files.s3-eu-west-1.amazonaws.com/survey-images/8e26cc4f-f46e-45fd-ae02-e72cdc6f7f35/q_box1_wet_weight_photo/JPEG_20221024_094445_7219749209102248443.jpg,18.39,https://mavuno-files.s3-eu-west-1.amazonaws.com/survey-images/8e26cc4f-f46e-45fd-ae02-e72cdc6f7f35/q_box2_wet_weight_photo/JPEG_20221024_094706_5706208753597484019.jpg,15.55,https://mavuno-files.s3-eu-west-1.amazonaws.com/survey-images/26ec6da0-df0b-403e-b25b-a42e1982fb1c/q_box1_dry_weight_photo/JPEG_20221107_161200_177565019859555418.jpg,12.0,https://mavuno-files.s3-eu-west-1.amazonaws.com/survey-images/26ec6da0-df0b-403e-b25b-a42e1982fb1c/q_box2_dry_weight_photo/JPEG_20221107_161240_6816453732310458494.jpg,3.8875,3.0,used box 1 and 20934,3.44375,have average yields,2022.0_197_Client_K,0,0.3408287506098632,0.0493396347628021,3.0487494468688965,,,,
9a4cca81-c9b3-46df-9d3f-ed8cbfb5b145,Rice,2022.0,Nigeria,https://mavuno-files.s3-eu-west-1.amazonaws.com/survey-images/24bb765b-1e68-40f4-9163-8e40b7cc9a1b/q_wet_harvest_photo/JPEG_20221125_155407_3929578911166473377.jpg,https://mavuno-files.s3-eu-west-1.amazonaws.com/survey-images/24bb765b-1e68-40f4-9163-8e40b7cc9a1b/q_harvest_bags_photo/JPEG_20221125_155419_4902440293764997217.jpg,,,https://mavuno-files.s3-eu-west-1.amazonaws.com/survey-images/54b6df04-3aca-47b6-b9ae-437e96f0b8c0/q_field_photo/JPEG_20221116_120742_6643162181965438992.jpg,11.11833148,4.584511223,6.4,https://mavuno-files.s3-eu-west-1.amazonaws.com/survey-images/24bb765b-1e68-40f4-9163-8e40b7cc9a1b/q_box1_wet_weight_photo/JPEG_20221125_154842_7376422636014107316.jpg,7.36,https://mavuno-files.s3-eu-west-1.amazonaws.com/survey-images/24bb765b-1e68-40f4-9163-8e40b7cc9a1b/q_box2_wet_weight_photo/JPEG_20221125_155300_8719154152022056540.jpg,6.35,https://mavuno-files.s3-eu-west-1.amazonaws.com/survey-images/c1f5a596-81f8-44d7-b876-bcbcc8c98ac6/q_box1_dry_weight_photo/JPEG_20221127_163657_4533850633522707220.jpg,7.125,https://mavuno-files.s3-eu-west-1.amazonaws.com/survey-images/c1f5a596-81f8-44d7-b876-bcbcc8c98ac6/q_box2_dry_weight_photo/JPEG_20221127_163925_7677220333785153627.jpg,1.5875,1.78125,used box 1 and 20953,1.684375,have average yields,2022.0_129_Client_P,3,0.3475446157256266,-2.896347200517777,,,,1.118419528007507,
9a910024-2b1c-46d4-a4a7-451ae7fff701,Rice,2022.0,Nigeria,https://mavuno-files.s3-eu-west-1.amazonaws.com/survey-images/79b0b218-f6d3-410d-82ab-cb90eddb20de/q_wet_harvest_photo/JPEG_20221130_123443_3603974149241592649.jpg,https://mavuno-files.s3-eu-west-1.amazonaws.com/survey-images/79b0b218-f6d3-410d-82ab-cb90eddb20de/q_harvest_bags_photo/JPEG_20221130_123511_3993292386631727462.jpg,,,https://mavuno-files.s3-eu-west-1.amazonaws.com/survey-images/2eb0066d-36d6-4b3f-aa82-26c9a2f9a764/q_field_photo/JPEG_20221124_151352_3465005429072413509.jpg,8.6262352,8.9512122,6.63,https://mavuno-files.s3-eu-west-1.amazonaws.com/survey-images/79b0b218-f6d3-410d-82ab-cb90eddb20de/q_box1_wet_weight_photo/JPEG_20221130_123104_8845024603993261021.jpg,8.755,https://mavuno-files.s3-eu-west-1.amazonaws.com/survey-images/79b0b218-f6d3-410d-82ab-cb90eddb20de/q_box2_wet_weight_photo/JPEG_20221130_123351_5078982689559157284.jpg,5.07,https://mavuno-files.s3-eu-west-1.amazonaws.com/survey-images/e45aee2f-ef3d-451a-bef2-3577e1ba6b8c/q_box1_dry_weight_photo/JPEG_20221130_123753_1764049703979784232.jpg,4.17,https://mavuno-files.s3-eu-west-1.amazonaws.com/survey-images/e45aee2f-ef3d-451a-bef2-3577e1ba6b8c/q_box2_dry_weight_photo/JPEG_20221130_123951_6380321478225064753.jpg,1.2675,1.0425,used box 1 and 20992,1.155,have average yields,2022.0_169_Client_AU,4,-1.0403272255350118,-0.1647873804508764,,,,,1.1756706237792969
9b2f1282-eb80-42e2-820b-9684965df59a,Rice,2022.0,Nigeria,https://mavuno-files.s3-eu-west-1.amazonaws.com/survey-images/05ee6de4-4e56-445e-ab78-d1abf62876c4/q_wet_harvest_photo/JPEG_20221027_080403_7093698421279223441.jpg,,,,https://mavuno-files.s3-eu-west-1.amazonaws.com/survey-images/06ee2072-5ec2-415c-9e49-3acd43f2da0a/q_field_photo/JPEG_20221027_074110_6599828180335096960.jpg,12.5691026,8.942001723,14.07,https://mavuno-files.s3-eu-west-1.amazonaws.com/survey-images/05ee6de4-4e56-445e-ab78-d1abf62876c4/q_box1_wet_weight_photo/JPEG_20221027_080047_4330024998336365060.jpg,14.54,https://mavuno-files.s3-eu-west-1.amazonaws.com/survey-images/05ee6de4-4e56-445e-ab78-d1abf62876c4/q_box2_wet_weight_photo/JPEG_20221027_080257_2321620857981578848.jpg,12.87,https://mavuno-files.s3-eu-west-1.amazonaws.com/survey-images/abbc2e1e-b003-4207-9bfd-85e5106fae2c/q_box1_dry_weight_photo/JPEG_20221102_074145_3790059606372547050.jpg,13.04,https://mavuno-files.s3-eu-west-1.amazonaws.com/survey-images/abbc2e1e-b003-4207-9bfd-85e5106fae2c/q_box2_dry_weight_photo/JPEG_20221102_074250_3400867201275015564.jpg,3.2175,3.26,used box 1 and 21070,3.23875,have average yields,2022.0_7_Client_K,4,1.1554926880858805,-0.170548931111058,,,,,3.4073948860168457
9bce98e7-3e17-45e5-accf-4cf5edaf83f2,Rice,2022.0,Nigeria,https://mavuno-files.s3-eu-west-1.amazonaws.com/survey-images/19794eee-5fb6-4e68-b314-bda8d562f3d3/q_wet_harvest_photo/JPEG_20221211_082225_7135138796426273306.jpg,https://mavuno-files.s3-eu-west-1.amazonaws.com/survey-images/19794eee-5fb6-4e68-b314-bda8d562f3d3/q_harvest_bags_photo/JPEG_20221211_082327_7918699881275160635.jpg,,,https://mavuno-files.s3-eu-west-1.amazonaws.com/survey-images/6760fc01-1f05-49f3-86cd-e1fe42236aa3/q_field_photo/JPEG_20221210_094932_1377369429108868236.jpg,11.9740335,8.8698048,6.435,https://mavuno-files.s3-eu-west-1.amazonaws.com/survey-images/19794eee-5fb6-4e68-b314-bda8d562f3d3/q_box1_wet_weight_photo/JPEG_20221211_081614_7805988650001031995.jpg,6.925,https://mavuno-files.s3-eu-west-1.amazonaws.com/survey-images/19794eee-5fb6-4e68-b314-bda8d562f3d3/q_box2_wet_weight_photo/JPEG_20221211_081924_8337932288141899415.jpg,5.3,https://mavuno-files.s3-eu-west-1.amazonaws.com/survey-images/088c74ee-f8fa-4b15-8596-272181101d90/q_box1_dry_weight_photo/JPEG_20221211_104515_6006696281980466678.jpg,5.13,https://mavuno-files.s3-eu-west-1.amazonaws.com/survey-images/088c74ee-f8fa-4b15-8596-272181101d90/q_box2_dry_weight_photo/JPEG_20221211_104757_2194979883078033293.jpg,1.325,1.2825,used box 1 and 21156,1.30375,have average yields,2022.0_56_Client_P,3,0.8240931133092949,-0.2157112206834369,,,,2.089357852935791,
9bea7d3f-760a-47ef-a5d3-eccd1daf29c3,Rice,2022.0,Nigeria,https://mavuno-files.s3-eu-west-1.amazonaws.com/survey-images/b9227d4d-d221-4704-95a6-d7cd07bcd930/q_wet_harvest_photo/JPEG_20221019_064632_4818142070362207078.jpg,https://mavuno-files.s3-eu-west-1.amazonaws.com/survey-images/b9227d4d-d221-4704-95a6-d7cd07bcd930/q_harvest_bags_photo/JPEG_20221019_064723_3921927671751818751.jpg,,,https://mavuno-files.s3-eu-west-1.amazonaws.com/survey-images/79647001-cc4e-4cc3-a1b6-d84622c18abb/q_field_photo/JPEG_20221020_191310_591998114506408141.jpg,12.55201089,10.559933,15.46,https://mavuno-files.s3-eu-west-1.amazonaws.com/survey-images/b9227d4d-d221-4704-95a6-d7cd07bcd930/q_box1_wet_weight_photo/JPEG_20221019_064216_8513813297036374319.jpg,15.26,https://mavuno-files.s3-eu-west-1.amazonaws.com/survey-images/b9227d4d-d221-4704-95a6-d7cd07bcd930/q_box2_wet_weight_photo/JPEG_20221019_064429_7915665386087947374.jpg,13.09,https://mavuno-files.s3-eu-west-1.amazonaws.com/survey-images/e410f3e2-6404-4d00-939a-1d9245ca51f8/q_box1_dry_weight_photo/JPEG_20221023_004122_4250837047843643835.jpg,13.25,https://mavuno-files.s3-eu-west-1.amazonaws.com/survey-images/e410f3e2-6404-4d00-939a-1d9245ca51f8/q_box2_dry_weight_photo/JPEG_20221023_004245_4548404574086720822.jpg,3.2725,3.3125,used box 1 and 21172,3.2925,have average yields,2022.0_105_Client_K,3,1.1459741541438475,0.8415368726022486,,,,3.312338829040528,
9bf05162-9ac6-4dd6-b2d4-a96fc4992b7d,Rice,2022.0,Nigeria,https://mavuno-files.s3-eu-west-1.amazonaws.com/survey-images/5c1adfab-eb53-47f7-a0b8-7116e2fc9ee8/q_wet_harvest_photo/JPEG_20220720_073949_8511335492253666600.jpg,https://mavuno-files.s3-eu-west-1.amazonaws.com/survey-images/5c1adfab-eb53-47f7-a0b8-7116e2fc9ee8/q_harvest_bags_photo/JPEG_20220720_074013_3814026480342867263.jpg,,,https://mavuno-files.s3-eu-west-1.amazonaws.com/survey-images/447f61eb-643b-4d27-982c-e3b5fb072cc1/q_field_photo/JPEG_20220718_094343_4779277727898586455.jpg,12.5925337,10.5358534,5.27,https://mavuno-files.s3-eu-west-1.amazonaws.com/survey-images/5c1adfab-eb53-47f7-a0b8-7116e2fc9ee8/q_box1_wet_weight_photo/JPEG_20220720_073744_8975339192113197807.jpg,5.03,https://mavuno-files.s3-eu-west-1.amazonaws.com/survey-images/5c1adfab-eb53-47f7-a0b8-7116e2fc9ee8/q_box2_wet_weight_photo/JPEG_20220720_073858_4046147855799408224.jpg,5.225,https://mavuno-files.s3-eu-west-1.amazonaws.com/survey-images/a580fe4e-7c4c-47ca-90cf-4cabc6ea3f3b/q_box1_dry_weight_photo/JPEG_20220814_111243_5458165889747191247.jpg,4.96,https://mavuno-files.s3-eu-west-1.amazonaws.com/survey-images/a580fe4e-7c4c-47ca-90cf-4cabc6ea3f3b/q_box2_dry_weight_photo/JPEG_20220814_111417_7252070233023297419.jpg,1.30625,1.24,used box 1 and 21174,1.273125,have average yields,2022.0_105_Client_BW,1,1.1685416879021162,0.8264740441214976,,1.6908724308013916,,,
9c1e367f-46d0-44e0-b681-8c8ba4bed785,Rice,2022.0,Nigeria,https://mavuno-files.s3-eu-west-1.amazonaws.com/survey-images/ed3d8f06-cbed-4d07-8dd1-d0b6fe780eee/q_wet_harvest_photo/JPEG_20221026_180921_6915776460824289674.jpg,https://mavuno-files.s3-eu-west-1.amazonaws.com/survey-images/ed3d8f06-cbed-4d07-8dd1-d0b6fe780eee/q_harvest_bags_photo/JPEG_20221026_180932_6729027732369315758.jpg,,,https://mavuno-files.s3-eu-west-1.amazonaws.com/survey-images/2d674074-cb40-4e50-b0e4-90d0c468b4e2/q_field_photo/JPEG_20221026_180236_964008517223677778.jpg,12.56949365,8.939843215,13.71,https://mavuno-files.s3-eu-west-1.amazonaws.com/survey-images/ed3d8f06-cbed-4d07-8dd1-d0b6fe780eee/q_box1_wet_weight_photo/JPEG_20221026_180656_4075897588439574759.jpg,13.46,https://mavuno-files.s3-eu-west-1.amazonaws.com/survey-images/ed3d8f06-cbed-4d07-8dd1-d0b6fe780eee/q_box2_wet_weight_photo/JPEG_20221026_180830_4255273095867895958.jpg,11.41,https://mavuno-files.s3-eu-west-1.amazonaws.com/survey-images/df7cb478-8508-4ba9-904a-894007c6035e/q_box1_dry_weight_photo/JPEG_20221101_171253_3513205561864505625.jpg,11.11,https://mavuno-files.s3-eu-west-1.amazonaws.com/survey-images/df7cb478-8508-4ba9-904a-894007c6035e/q_box2_dry_weight_photo/JPEG_20221101_171406_7029134564492369111.jpg,2.8525,2.7775,used box 1 and 21198,2.815,have average yields,2022.0_7_Client_K,3,1.1557104675063143,-0.1718991709729471,,,,3.411183357238769,
9ccd2580-4959-45a5-8bcb-37ddcc22d023,Rice,2022.0,Nigeria,https://mavuno-files.s3-eu-west-1.amazonaws.com/survey-images/46a1d02e-ca77-4a8e-974f-4693a3ef971e/q_wet_harvest_photo/JPEG_20221212_123445_2132077063273411342.jpg,https://mavuno-files.s3-eu-west-1.amazonaws.com/survey-images/46a1d02e-ca77-4a8e-974f-4693a3ef971e/q_harvest_bags_photo/JPEG_20221212_123520_498683697434102319.jpg,,,https://mavuno-files.s3-eu-west-1.amazonaws.com/survey-images/3d87ddbe-485e-40ff-af95-442c6214f2de/q_field_photo/JPEG_20221124_111440_936150878967514354.jpg,9.5752615,6.7857169,9.025,https://mavuno-files.s3-eu-west-1.amazonaws.com/survey-images/46a1d02e-ca77-4a8e-974f-4693a3ef971e/q_box1_wet_weight_photo/JPEG_20221212_123252_1755591314778859830.jpg,9.15,https://mavuno-files.s3-eu-west-1.amazonaws.com/survey-images/46a1d02e-ca77-4a8e-974f-4693a3ef971e/q_box2_wet_weight_photo/JPEG_20221212_123359_3080962711565918870.jpg,8.89,https://mavuno-files.s3-eu-west-1.amazonaws.com/survey-images/a819f016-74a5-44f6-95ee-7d3e8fd5f0fc/q_box1_dry_weight_photo/JPEG_20221212_124932_855595113504362393.jpg,8.89,https://mavuno-files.s3-eu-west-1.amazonaws.com/survey-images/a819f016-74a5-44f6-95ee-7d3e8fd5f0fc/q_box2_dry_weight_photo/JPEG_20221212_125038_5466401548010061083.jpg,2.2225,2.2225,used box 1 and 21298,2.2225,have average yields,2022.0_17_Client_P,4,-0.5118055592750826,-1.519398099888678,,,,,1.9151495695114136
9ced62d2-f423-40b3-8147-3680d7bcbba2,Rice,2022.0,Nigeria,https://mavuno-files.s3-eu-west-1.amazonaws.com/survey-images/e3c23d2c-e8c6-41cc-a737-08785c545df7/q_wet_harvest_photo/JPEG_20221117_130814_3098720391235264529.jpg,https://mavuno-files.s3-eu-west-1.amazonaws.com/survey-images/e3c23d2c-e8c6-41cc-a737-08785c545df7/q_harvest_bags_photo/JPEG_20221117_130855_4484266610202741628.jpg,,,https://mavuno-files.s3-eu-west-1.amazonaws.com/survey-images/b8e00cee-b858-43b5-8ae2-cc5401e8e4f6/q_field_photo/JPEG_20221117_113902_8314795139418388367.jpg,9.9725058,10.9628738,1.625,https://mavuno-files.s3-eu-west-1.amazonaws.com/survey-images/e3c23d2c-e8c6-41cc-a737-08785c545df7/q_box1_wet_weight_photo/JPEG_20221117_130215_334161493429373126.jpg,1.22,https://mavuno-files.s3-eu-west-1.amazonaws.com/survey-images/e3c23d2c-e8c6-41cc-a737-08785c545df7/q_box2_wet_weight_photo/JPEG_20221117_130524_87610382054505506.jpg,1.28,https://mavuno-files.s3-eu-west-1.amazonaws.com/survey-images/f1d2ccaf-639a-4e91-a79d-73190be67fc1/q_box1_dry_weight_photo/JPEG_20221202_160313_5963318531180280130.jpg,0.965,https://mavuno-files.s3-eu-west-1.amazonaws.com/survey-images/f1d2ccaf-639a-4e91-a79d-73190be67fc1/q_box2_dry_weight_photo/JPEG_20221202_160901_8763599920696204579.jpg,0.32,0.24125,used box 1 and 21324,0.280625,have average yields,2022.0_52_Client_S,3,-0.2905764749512241,1.0935937239742397,,,,0.3288733959197998,
9cf6437c-15d3-4adc-b7dc-a07539f5bd9d,Rice,2022.0,Nigeria,https://mavuno-files.s3-eu-west-1.amazonaws.com/survey-images/1c73507b-9f2e-4090-84f0-2749d686a86c/q_wet_harvest_photo/JPEG_20221114_110300_8973014001837926351.jpg,https://mavuno-files.s3-eu-west-1.amazonaws.com/survey-images/1c73507b-9f2e-4090-84f0-2749d686a86c/q_harvest_bags_photo/JPEG_20221114_110340_3874416840347820006.jpg,,,https://mavuno-files.s3-eu-west-1.amazonaws.com/survey-images/5d7b8ed0-cf83-4f98-bb39-10e8c95b2d0a/q_field_photo/JPEG_20221031_125611_6067279865716134526.jpg,8.0921093,9.1450063,5.485,https://mavuno-files.s3-eu-west-1.amazonaws.com/survey-images/1c73507b-9f2e-4090-84f0-2749d686a86c/q_box1_wet_weight_photo/JPEG_20221114_105704_1130488955410330320.jpg,5.93,https://mavuno-files.s3-eu-west-1.amazonaws.com/survey-images/1c73507b-9f2e-4090-84f0-2749d686a86c/q_box2_wet_weight_photo/JPEG_20221114_110027_1063023348459989730.jpg,4.805,https://mavuno-files.s3-eu-west-1.amazonaws.com/survey-images/6cd99fb9-fa9f-4fb6-8602-602a2c7f2e88/q_box1_dry_weight_photo/JPEG_20221114_112827_329462210599832318.jpg,5.475,https://mavuno-files.s3-eu-west-1.amazonaws.com/survey-images/6cd99fb9-fa9f-4fb6-8602-602a2c7f2e88/q_box2_dry_weight_photo/JPEG_20221114_113654_5574503331735877117.jpg,1.20125,1.36875,used box 1 and 21327,1.285,have average yields,2022.0_173_Client_AU,4,-1.3377869594334126,-0.0435608115343791,,,,,1.1050339937210083
9d83da03-cb2b-4066-8eb7-eba1bdc364a3,Rice,2022.0,Nigeria,https://mavuno-files.s3-eu-west-1.amazonaws.com/survey-images/a7cb1d6f-f987-46ab-ae05-59ee587b2b6e/q_wet_harvest_photo/JPEG_20221124_150359_5642907335750786942.jpg,https://mavuno-files.s3-eu-west-1.amazonaws.com/survey-images/a7cb1d6f-f987-46ab-ae05-59ee587b2b6e/q_harvest_bags_photo/JPEG_20221124_150531_7252412311810842256.jpg,,,https://mavuno-files.s3-eu-west-1.amazonaws.com/survey-images/77ca154d-6128-453d-b2f6-73532e4e38f6/q_field_photo/JPEG_20221014_075912_4213950571538633353.jpg,8.0689356,8.120105,0.88,https://mavuno-files.s3-eu-west-1.amazonaws.com/survey-images/a7cb1d6f-f987-46ab-ae05-59ee587b2b6e/q_box1_wet_weight_photo/JPEG_20221124_145002_6048305407287131330.jpg,0.555,https://mavuno-files.s3-eu-west-1.amazonaws.com/survey-images/a7cb1d6f-f987-46ab-ae05-59ee587b2b6e/q_box2_wet_weight_photo/JPEG_20221124_145857_5921973317580282891.jpg,0.76,https://mavuno-files.s3-eu-west-1.amazonaws.com/survey-images/1aed400b-4bf3-45b6-a5e8-8e51d8cff62a/q_box1_dry_weight_photo/JPEG_20221124_162422_2657465741099882525.jpg,0.415,https://mavuno-files.s3-eu-west-1.amazonaws.com/survey-images/1aed400b-4bf3-45b6-a5e8-8e51d8cff62a/q_box2_dry_weight_photo/JPEG_20221124_163302_2141942228473135589.jpg,0.19,0.10375,used box 1 and 21388,0.146875,have average yields,2022.0_101_Client_AU,4,-1.3506926107703758,-0.6846807841086615,,,,,0.7059865593910217
9dd594d3-f525-4562-9c1b-d4a685560ff5,Rice,2022.0,Nigeria,https://mavuno-files.s3-eu-west-1.amazonaws.com/survey-images/435fdf02-1535-4c51-bd6d-75a574bf16a4/q_wet_harvest_photo/JPEG_20221020_130206_8825790668537918320.jpg,https://mavuno-files.s3-eu-west-1.amazonaws.com/survey-images/435fdf02-1535-4c51-bd6d-75a574bf16a4/q_harvest_bags_photo/JPEG_20221020_130406_600067944549989856.jpg,,,https://mavuno-files.s3-eu-west-1.amazonaws.com/survey-images/9a84aaae-d6bb-4c36-9056-84ff2dc673d2/q_field_photo/JPEG_20221020_111934_4498858060036180785.jpg,10.8140821,10.05791668,15.63,https://mavuno-files.s3-eu-west-1.amazonaws.com/survey-images/435fdf02-1535-4c51-bd6d-75a574bf16a4/q_box1_wet_weight_photo/JPEG_20221020_125838_8586460204634711863.jpg,16.18,https://mavuno-files.s3-eu-west-1.amazonaws.com/survey-images/435fdf02-1535-4c51-bd6d-75a574bf16a4/q_box2_wet_weight_photo/JPEG_20221020_130026_2504051910907003755.jpg,12.16,https://mavuno-files.s3-eu-west-1.amazonaws.com/survey-images/61531cd3-f94a-4469-a4b5-fa2ffe209656/q_box1_dry_weight_photo/JPEG_20221106_152432_450360238809877535.jpg,13.2,https://mavuno-files.s3-eu-west-1.amazonaws.com/survey-images/61531cd3-f94a-4469-a4b5-fa2ffe209656/q_box2_dry_weight_photo/JPEG_20221106_152549_9202681160922072382.jpg,3.04,3.3,used box 1 and 21433,3.17,have average yields,2022.0_179_Client_K,2,0.1781052763984127,0.527504009818055,,,2.5816643238067627,,
9e371467-e74f-4b04-b2aa-fcf7b8bc336c,Rice,2022.0,Nigeria,https://mavuno-files.s3-eu-west-1.amazonaws.com/survey-images/16bd43c4-b8e8-45d2-9c95-46bbead4fbc7/q_wet_harvest_photo/JPEG_20221118_020659_1044812200997940772.jpg,https://mavuno-files.s3-eu-west-1.amazonaws.com/survey-images/16bd43c4-b8e8-45d2-9c95-46bbead4fbc7/q_harvest_bags_photo/JPEG_20221118_020800_2196929986894875465.jpg,,,https://mavuno-files.s3-eu-west-1.amazonaws.com/survey-images/a3969cac-b7f4-47a6-b0d6-74c04bad9ea1/q_field_photo/JPEG_20221118_081855_2550849425669719558.jpg,11.97466,8.8685735,10.39,https://mavuno-files.s3-eu-west-1.amazonaws.com/survey-images/16bd43c4-b8e8-45d2-9c95-46bbead4fbc7/q_box1_wet_weight_photo/JPEG_20221118_015911_3354677322730749844.jpg,10.03,https://mavuno-files.s3-eu-west-1.amazonaws.com/survey-images/16bd43c4-b8e8-45d2-9c95-46bbead4fbc7/q_box2_wet_weight_photo/JPEG_20221118_020318_826802929214838641.jpg,9.065,https://mavuno-files.s3-eu-west-1.amazonaws.com/survey-images/ce96b1fa-0b66-4359-b0d3-bf8c484fdf88/q_box1_dry_weight_photo/JPEG_20221208_170932_5088942511477002428.jpg,9.045,https://mavuno-files.s3-eu-west-1.amazonaws.com/survey-images/ce96b1fa-0b66-4359-b0d3-bf8c484fdf88/q_box2_dry_weight_photo/JPEG_20221208_171147_7572127098405563762.jpg,2.26625,2.26125,used box 1 and 21496,2.26375,have average yields,2022.0_56_Client_P,4,0.8244420170476965,-0.2164814519459312,,,,,1.8326808214187622
9e87b7f3-f02b-42e1-82e6-1b9186eae123,Rice,2022.0,Nigeria,https://mavuno-files.s3-eu-west-1.amazonaws.com/survey-images/3cfd7d2c-55d5-4af8-b53a-40ebdcdfccca/q_wet_harvest_photo/JPEG_20221124_112850_5240697816543300062.jpg,https://mavuno-files.s3-eu-west-1.amazonaws.com/survey-images/3cfd7d2c-55d5-4af8-b53a-40ebdcdfccca/q_harvest_bags_photo/JPEG_20221124_112951_4926309431146328417.jpg,,,https://mavuno-files.s3-eu-west-1.amazonaws.com/survey-images/cd4e152c-9434-4932-89a9-63f4d256f497/q_field_photo/JPEG_20221122_153932_4207174971799165444.jpg,10.5989715,8.1366553,8.695,https://mavuno-files.s3-eu-west-1.amazonaws.com/survey-images/3cfd7d2c-55d5-4af8-b53a-40ebdcdfccca/q_box1_wet_weight_photo/JPEG_20221124_112637_7881699383663780992.jpg,8.255,https://mavuno-files.s3-eu-west-1.amazonaws.com/survey-images/3cfd7d2c-55d5-4af8-b53a-40ebdcdfccca/q_box2_wet_weight_photo/JPEG_20221124_112823_8270603940436255098.jpg,8.68,https://mavuno-files.s3-eu-west-1.amazonaws.com/survey-images/d9199f93-d889-4d4c-8f31-ecf0e1da74ae/q_box1_dry_weight_photo/JPEG_20221124_115128_974062389425417470.jpg,8.24,https://mavuno-files.s3-eu-west-1.amazonaws.com/survey-images/d9199f93-d889-4d4c-8f31-ecf0e1da74ae/q_box2_dry_weight_photo/JPEG_20221124_115423_4529473702473470643.jpg,2.17,2.06,used box 1 and 21533,2.115,have average yields,2022.0_104_Client_AD,3,0.0583081614584225,-0.674327857556519,,,,1.3217413425445557,
9ea6ee9c-a295-4794-b07f-4a5b387b6b1e,Rice,2022.0,Nigeria,https://mavuno-files.s3-eu-west-1.amazonaws.com/survey-images/791ca486-b83c-4923-b068-a7924a935219/q_wet_harvest_photo/JPEG_20220907_140506_951854134.jpg,https://mavuno-files.s3-eu-west-1.amazonaws.com/survey-images/791ca486-b83c-4923-b068-a7924a935219/q_harvest_bags_photo/JPEG_20220907_140530_344615670.jpg,,,https://mavuno-files.s3-eu-west-1.amazonaws.com/survey-images/3f0033ea-3883-49dc-b8cf-969536a68ed2/q_field_photo/JPEG_20220817_101017_1612200256.jpg,12.6373414,10.3057692,10.54,https://mavuno-files.s3-eu-west-1.amazonaws.com/survey-images/791ca486-b83c-4923-b068-a7924a935219/q_box1_wet_weight_photo/JPEG_20220907_140211_492094363.jpg,11.14,https://mavuno-files.s3-eu-west-1.amazonaws.com/survey-images/791ca486-b83c-4923-b068-a7924a935219/q_box2_wet_weight_photo/JPEG_20220907_140420_683720868.jpg,10.33,https://mavuno-files.s3-eu-west-1.amazonaws.com/survey-images/968b61f3-7efd-462b-aea4-7b58a74a5383/q_box1_dry_weight_photo/JPEG_20220908_122156_421830560.jpg,10.97,https://mavuno-files.s3-eu-west-1.amazonaws.com/survey-images/968b61f3-7efd-462b-aea4-7b58a74a5383/q_box2_dry_weight_photo/JPEG_20220908_122323_1878290012.jpg,2.5825,2.7425,used box 1 and 21547,2.6625,have average yields,2022.0_105_Client_BS,1,1.1934955171745767,0.6825464522706766,,2.991812467575073,,,
9f1b94fa-cb5a-4f70-b962-7df75552766d,Rice,2022.0,Nigeria,https://mavuno-files.s3-eu-west-1.amazonaws.com/survey-images/814de160-e738-4f12-a013-e9ff1865b751/q_wet_harvest_photo/JPEG_20221126_111433_6378214028649210953.jpg,https://mavuno-files.s3-eu-west-1.amazonaws.com/survey-images/814de160-e738-4f12-a013-e9ff1865b751/q_harvest_bags_photo/JPEG_20221126_111446_7745112290029180129.jpg,,,https://mavuno-files.s3-eu-west-1.amazonaws.com/survey-images/1e46710c-6e8d-49b6-9147-98d1b7775e32/q_field_photo/JPEG_20221025_124148_3362811947852615726.jpg,12.3102833,9.64285,9.326,https://mavuno-files.s3-eu-west-1.amazonaws.com/survey-images/814de160-e738-4f12-a013-e9ff1865b751/q_box1_wet_weight_photo/JPEG_20221126_111013_7672093635446496157.jpg,9.175,https://mavuno-files.s3-eu-west-1.amazonaws.com/survey-images/814de160-e738-4f12-a013-e9ff1865b751/q_box2_wet_weight_photo/JPEG_20221126_111343_7489284961353289158.jpg,9.326,https://mavuno-files.s3-eu-west-1.amazonaws.com/survey-images/21f4daf0-0ee1-43f3-b906-e492402e2f15/q_box1_dry_weight_photo/JPEG_20221126_111852_1548670036527819821.jpg,9.175,https://mavuno-files.s3-eu-west-1.amazonaws.com/survey-images/21f4daf0-0ee1-43f3-b906-e492402e2f15/q_box2_dry_weight_photo/JPEG_20221126_112007_2543971547094536576.jpg,2.3315,2.29375,used box 1 and 21615,2.312625,have average yields,2022.0_53_Client_BY,3,1.0113537873028051,0.2678618974526019,,,,2.1413559913635254,
9f9e33d5-09ec-4fe0-b154-838d66dcae8b,Rice,2022.0,Nigeria,https://mavuno-files.s3-eu-west-1.amazonaws.com/survey-images/6e9865de-3c08-4ce2-8d16-0889b90b316b/q_wet_harvest_photo/JPEG_20221217_111022_4366191163450770603.jpg,https://mavuno-files.s3-eu-west-1.amazonaws.com/survey-images/6e9865de-3c08-4ce2-8d16-0889b90b316b/q_harvest_bags_photo/JPEG_20221217_111052_4718629020305993613.jpg,,,https://mavuno-files.s3-eu-west-1.amazonaws.com/survey-images/df153d05-cfa2-4876-9ae2-82831a77290f/q_field_photo/JPEG_20221217_102629_1585737078872503020.jpg,7.825231,8.6758367,7.765,https://mavuno-files.s3-eu-west-1.amazonaws.com/survey-images/6e9865de-3c08-4ce2-8d16-0889b90b316b/q_box1_wet_weight_photo/JPEG_20221217_110751_1054414485262418325.jpg,8.505,https://mavuno-files.s3-eu-west-1.amazonaws.com/survey-images/6e9865de-3c08-4ce2-8d16-0889b90b316b/q_box2_wet_weight_photo/JPEG_20221217_110941_2006034495195382803.jpg,6.385,https://mavuno-files.s3-eu-west-1.amazonaws.com/survey-images/f1d3dbe0-a5f7-4280-89f6-53d232de5bd8/q_box1_dry_weight_photo/JPEG_20221217_111459_8620652598179931423.jpg,7.115,https://mavuno-files.s3-eu-west-1.amazonaws.com/survey-images/f1d3dbe0-a5f7-4280-89f6-53d232de5bd8/q_box2_dry_weight_photo/JPEG_20221217_111548_4232454067164422365.jpg,1.59625,1.77875,used box 1 and 21688,1.6875,have average yields,2022.0_106_Client_AU,2,-1.4864139930621094,-0.337046634105477,,,1.033847093582153,,
9fb5d817-6c4f-49b5-b63d-2b759e5d1a1b,Rice,2022.0,Nigeria,https://mavuno-files.s3-eu-west-1.amazonaws.com/survey-images/da375d71-15fc-4952-a448-160df1ac6dd6/q_wet_harvest_photo/JPEG_20221119_130203_8672417523260251925.jpg,https://mavuno-files.s3-eu-west-1.amazonaws.com/survey-images/da375d71-15fc-4952-a448-160df1ac6dd6/q_harvest_bags_photo/JPEG_20221119_130217_6096819601321312624.jpg,,,https://mavuno-files.s3-eu-west-1.amazonaws.com/survey-images/90de76d0-c8c3-41be-a9ae-9aa227df4c24/q_field_photo/JPEG_20221105_132208_3530136910350364515.jpg,11.6350062,9.0283253,13.25,https://mavuno-files.s3-eu-west-1.amazonaws.com/survey-images/da375d71-15fc-4952-a448-160df1ac6dd6/q_box1_wet_weight_photo/JPEG_20221119_125853_138575620638776237.jpg,14.44,https://mavuno-files.s3-eu-west-1.amazonaws.com/survey-images/da375d71-15fc-4952-a448-160df1ac6dd6/q_box2_wet_weight_photo/JPEG_20221119_130045_8438517888868044630.jpg,12.73,https://mavuno-files.s3-eu-west-1.amazonaws.com/survey-images/1e5ba0fa-752e-47dd-944c-82605e09330e/q_box1_dry_weight_photo/JPEG_20221125_124407_8989670972591726642.jpg,13.58,https://mavuno-files.s3-eu-west-1.amazonaws.com/survey-images/1e5ba0fa-752e-47dd-944c-82605e09330e/q_box2_dry_weight_photo/JPEG_20221125_124512_5943267681765393148.jpg,3.1825,3.395,used box 1 and 21703,3.28875,have average yields,2022.0_56_Client_P,4,0.6352856234603774,-0.1165498101042314,,,,,1.9283397197723389
a047cafa-2a9e-4613-a526-4631c14e7e2b,Rice,2022.0,Nigeria,https://mavuno-files.s3-eu-west-1.amazonaws.com/survey-images/47a629e5-3d7e-48e1-b78c-957f80bf49b5/q_wet_harvest_photo/JPEG_20220907_100808_633697990.jpg,https://mavuno-files.s3-eu-west-1.amazonaws.com/survey-images/47a629e5-3d7e-48e1-b78c-957f80bf49b5/q_harvest_bags_photo/JPEG_20220907_100842_894008053.jpg,,,https://mavuno-files.s3-eu-west-1.amazonaws.com/survey-images/b1915394-12b5-4bae-b4a3-bba64375942d/q_field_photo/JPEG_20220719_161245_1749917863.jpg,12.6381676,10.3048008,19.84,https://mavuno-files.s3-eu-west-1.amazonaws.com/survey-images/47a629e5-3d7e-48e1-b78c-957f80bf49b5/q_box1_wet_weight_photo/JPEG_20220907_100403_1424954334.jpg,17.94,https://mavuno-files.s3-eu-west-1.amazonaws.com/survey-images/47a629e5-3d7e-48e1-b78c-957f80bf49b5/q_box2_wet_weight_photo/JPEG_20220907_100727_1418114977.jpg,19.47,https://mavuno-files.s3-eu-west-1.amazonaws.com/survey-images/cdac3b46-5088-45b9-8a2f-a603095c10ef/q_box1_dry_weight_photo/JPEG_20220908_110900_360254471.jpg,17.83,https://mavuno-files.s3-eu-west-1.amazonaws.com/survey-images/cdac3b46-5088-45b9-8a2f-a603095c10ef/q_box2_dry_weight_photo/JPEG_20220908_111038_669554636.jpg,4.8675,4.4575,used box 1 and 21764,4.6625,have average yields,2022.0_105_Client_BS,0,1.1939556357199357,0.6819406762984529,2.2763612270355225,,,,
a04d17f5-87a5-4360-971b-15c91fd4a01b,Rice,2022.0,Nigeria,https://mavuno-files.s3-eu-west-1.amazonaws.com/survey-images/f482aec7-0a27-4a07-94a6-4b4a636f39ef/q_wet_harvest_photo/JPEG_20220719_162359_5788388113824884750.jpg,https://mavuno-files.s3-eu-west-1.amazonaws.com/survey-images/f482aec7-0a27-4a07-94a6-4b4a636f39ef/q_harvest_bags_photo/JPEG_20220719_162431_4992330647134388489.jpg,,,https://mavuno-files.s3-eu-west-1.amazonaws.com/survey-images/74aaa380-1799-4168-86d3-236629bba457/q_field_photo/JPEG_20220716_121737_4947073337035303009.jpg,12.5947215,10.5372842,1.905,https://mavuno-files.s3-eu-west-1.amazonaws.com/survey-images/f482aec7-0a27-4a07-94a6-4b4a636f39ef/q_box1_wet_weight_photo/JPEG_20220719_162209_2023013883973356653.jpg,1.96,https://mavuno-files.s3-eu-west-1.amazonaws.com/survey-images/f482aec7-0a27-4a07-94a6-4b4a636f39ef/q_box2_wet_weight_photo/JPEG_20220719_162305_5332829093942638306.jpg,1.9,https://mavuno-files.s3-eu-west-1.amazonaws.com/survey-images/9989d7f7-3893-43c7-8ce4-8532a37743f6/q_box1_dry_weight_photo/JPEG_20220814_094739_4714615193234103554.jpg,1.95,https://mavuno-files.s3-eu-west-1.amazonaws.com/survey-images/9989d7f7-3893-43c7-8ce4-8532a37743f6/q_box2_dry_weight_photo/JPEG_20220814_094918_8145724639691570414.jpg,0.475,0.4875,used box 1 and 21768,0.48125,have average yields,2022.0_105_Client_BW,4,1.1697600942849988,0.8273690712394836,,,,,0.34339430928230286
a08694c0-f561-4395-8e3f-f98885a41692,Rice,2022.0,Nigeria,https://mavuno-files.s3-eu-west-1.amazonaws.com/survey-images/df5032bd-3ac1-48f4-bc4e-545e189e8990/q_wet_harvest_photo/JPEG_20221018_131200_6306015769108319486.jpg,https://mavuno-files.s3-eu-west-1.amazonaws.com/survey-images/df5032bd-3ac1-48f4-bc4e-545e189e8990/q_harvest_bags_photo/JPEG_20221018_131511_7257715249369664254.jpg,,,https://mavuno-files.s3-eu-west-1.amazonaws.com/survey-images/5dd07805-3abd-43e7-9d9f-726a0229b8f0/q_field_photo/JPEG_20221018_120542_7329931091128890460.jpg,10.8179987,10.18546578,17.24,https://mavuno-files.s3-eu-west-1.amazonaws.com/survey-images/df5032bd-3ac1-48f4-bc4e-545e189e8990/q_box1_wet_weight_photo/JPEG_20221018_130852_3357478230845436185.jpg,16.22,https://mavuno-files.s3-eu-west-1.amazonaws.com/survey-images/df5032bd-3ac1-48f4-bc4e-545e189e8990/q_box2_wet_weight_photo/JPEG_20221018_131035_2893931763384574232.jpg,14.23,https://mavuno-files.s3-eu-west-1.amazonaws.com/survey-images/dfe21297-3eda-4038-9a7d-91d4fcfa643f/q_box1_dry_weight_photo/JPEG_20221104_122704_4097614527133779232.jpg,13.08,https://mavuno-files.s3-eu-west-1.amazonaws.com/survey-images/dfe21297-3eda-4038-9a7d-91d4fcfa643f/q_box2_dry_weight_photo/JPEG_20221104_122839_5675636057478188211.jpg,3.5575,3.27,used box 1 and 21798,3.41375,have average yields,2022.0_179_Client_K,3,0.1802864677500894,0.6072914737366529,,,,2.622385740280152,
a20a2142-b23f-46de-9dd5-688b3a765bb0,Rice,2022.0,Nigeria,https://mavuno-files.s3-eu-west-1.amazonaws.com/survey-images/e9754d34-e950-4a83-b044-aab5c39919c2/q_wet_harvest_photo/JPEG_20220719_161806_5239656982111065805.jpg,https://mavuno-files.s3-eu-west-1.amazonaws.com/survey-images/e9754d34-e950-4a83-b044-aab5c39919c2/q_harvest_bags_photo/JPEG_20220719_161838_2339747733648853753.jpg,,,https://mavuno-files.s3-eu-west-1.amazonaws.com/survey-images/8cd59fe6-87a4-4fc0-b97c-3916d1f81e37/q_field_photo/JPEG_20220716_120221_4408020538067438345.jpg,12.5943626,10.5370832,1.46,https://mavuno-files.s3-eu-west-1.amazonaws.com/survey-images/e9754d34-e950-4a83-b044-aab5c39919c2/q_box1_wet_weight_photo/JPEG_20220719_161514_1797874124887665327.jpg,1.845,https://mavuno-files.s3-eu-west-1.amazonaws.com/survey-images/e9754d34-e950-4a83-b044-aab5c39919c2/q_box2_wet_weight_photo/JPEG_20220719_161714_1847312674974629492.jpg,1.44,https://mavuno-files.s3-eu-west-1.amazonaws.com/survey-images/0a5f5121-cf7a-4aeb-9d46-c644753f440e/q_box1_dry_weight_photo/JPEG_20220814_093829_4587292745435736988.jpg,1.835,https://mavuno-files.s3-eu-west-1.amazonaws.com/survey-images/0a5f5121-cf7a-4aeb-9d46-c644753f440e/q_box2_dry_weight_photo/JPEG_20220814_094106_6622923909551207573.jpg,0.36,0.45875,used box 1 and 21983,0.409375,have average yields,2022.0_105_Client_BW,1,1.1695602195017385,0.827243337069288,,0.2966524064540863,,,
a242fb99-34c1-4f0f-a73a-e4990395eeb4,Rice,2022.0,Nigeria,https://mavuno-files.s3-eu-west-1.amazonaws.com/survey-images/37d18816-697b-4fde-8c07-34442300ae1e/q_wet_harvest_photo/JPEG_20221207_161847_8310283498413638029.jpg,https://mavuno-files.s3-eu-west-1.amazonaws.com/survey-images/37d18816-697b-4fde-8c07-34442300ae1e/q_harvest_bags_photo/JPEG_20221207_161908_7116050852183073824.jpg,,,https://mavuno-files.s3-eu-west-1.amazonaws.com/survey-images/fed20e43-a078-40c8-ae6c-765fb000821f/q_field_photo/JPEG_20221102_124425_4898392865380865000.jpg,8.5681196,8.4262876,7.195,https://mavuno-files.s3-eu-west-1.amazonaws.com/survey-images/37d18816-697b-4fde-8c07-34442300ae1e/q_box1_wet_weight_photo/JPEG_20221207_161555_2397477358858629384.jpg,6.61,https://mavuno-files.s3-eu-west-1.amazonaws.com/survey-images/37d18816-697b-4fde-8c07-34442300ae1e/q_box2_wet_weight_photo/JPEG_20221207_161754_3673503182909131843.jpg,5.25,https://mavuno-files.s3-eu-west-1.amazonaws.com/survey-images/a2443d49-9943-4e50-ba11-e3ce52340fe7/q_box1_dry_weight_photo/JPEG_20221207_162118_4343868138112764730.jpg,4.405,https://mavuno-files.s3-eu-west-1.amazonaws.com/survey-images/a2443d49-9943-4e50-ba11-e3ce52340fe7/q_box2_dry_weight_photo/JPEG_20221207_162249_3881407545328521236.jpg,1.3125,1.10125,used box 1 and 22022,1.206875,have average yields,2022.0_169_Client_AU,3,-1.0726923493969067,-0.493150360530584,,,,1.1882652044296265,
a2582b5c-a27c-41d6-80a0-96e1a8d05ce2,Rice,2022.0,Nigeria,https://mavuno-files.s3-eu-west-1.amazonaws.com/survey-images/f9d7dca8-536f-4dae-9e5b-837e94d8aeb2/q_wet_harvest_photo/JPEG_20221126_135117_3315560072299104650.jpg,https://mavuno-files.s3-eu-west-1.amazonaws.com/survey-images/f9d7dca8-536f-4dae-9e5b-837e94d8aeb2/q_harvest_bags_photo/JPEG_20221126_135126_2140685753390645229.jpg,,,https://mavuno-files.s3-eu-west-1.amazonaws.com/survey-images/f22ce587-76a0-4e45-b1d7-3756c6d2c112/q_field_photo/JPEG_20221119_161450_8427912127222170093.jpg,11.1339125,4.5735193,8.7,https://mavuno-files.s3-eu-west-1.amazonaws.com/survey-images/f9d7dca8-536f-4dae-9e5b-837e94d8aeb2/q_box1_wet_weight_photo/JPEG_20221126_134610_8917115229833299580.jpg,8.74,https://mavuno-files.s3-eu-west-1.amazonaws.com/survey-images/f9d7dca8-536f-4dae-9e5b-837e94d8aeb2/q_box2_wet_weight_photo/JPEG_20221126_134911_6365046584018484644.jpg,8.565,https://mavuno-files.s3-eu-west-1.amazonaws.com/survey-images/4618d3e8-b856-429e-9c89-964ddc8cf574/q_box1_dry_weight_photo/JPEG_20221128_124034_1885383523842197721.jpg,8.71,https://mavuno-files.s3-eu-west-1.amazonaws.com/survey-images/4618d3e8-b856-429e-9c89-964ddc8cf574/q_box2_dry_weight_photo/JPEG_20221128_124308_7014057965686729634.jpg,2.14125,2.1775,used box 1 and 22035,2.159375,have average yields,2022.0_129_Client_P,2,0.3562218322078556,-2.903223122494165,,,0.8561199307441711,,
a3374639-a07b-4e8f-a7f3-29a95d64e012,Rice,2022.0,Nigeria,https://mavuno-files.s3-eu-west-1.amazonaws.com/survey-images/d359a2fb-2cc0-4ab3-87ff-3ed8092d4149/q_wet_harvest_photo/JPEG_20220720_075203_3531620653978409886.jpg,https://mavuno-files.s3-eu-west-1.amazonaws.com/survey-images/d359a2fb-2cc0-4ab3-87ff-3ed8092d4149/q_harvest_bags_photo/JPEG_20220720_075233_3215317950159612918.jpg,,,https://mavuno-files.s3-eu-west-1.amazonaws.com/survey-images/99244085-f903-4af8-8d93-2c37709e0bb2/q_field_photo/JPEG_20220718_102303_6457377022725915938.jpg,12.5930461,10.5358677,5.31,https://mavuno-files.s3-eu-west-1.amazonaws.com/survey-images/d359a2fb-2cc0-4ab3-87ff-3ed8092d4149/q_box1_wet_weight_photo/JPEG_20220720_074928_5524911733067627437.jpg,4.895,https://mavuno-files.s3-eu-west-1.amazonaws.com/survey-images/d359a2fb-2cc0-4ab3-87ff-3ed8092d4149/q_box2_wet_weight_photo/JPEG_20220720_075054_1521714407810751340.jpg,5.28,https://mavuno-files.s3-eu-west-1.amazonaws.com/survey-images/54ac4eed-d558-44e4-a9ee-508479a73a3f/q_box1_dry_weight_photo/JPEG_20220814_113309_8320289248260563354.jpg,4.8,https://mavuno-files.s3-eu-west-1.amazonaws.com/survey-images/54ac4eed-d558-44e4-a9ee-508479a73a3f/q_box2_dry_weight_photo/JPEG_20220814_113458_6308815928519596893.jpg,1.32,1.2,used box 1 and 22164,1.26,have average yields,2022.0_105_Client_BW,2,1.1688270482781054,0.8264829893883324,,,1.2872717380523682,,
a34b54b5-5e30-43be-a518-3c52416be23f,Rice,2022.0,Nigeria,https://mavuno-files.s3-eu-west-1.amazonaws.com/survey-images/4cf644fc-e300-470d-a7e7-cfeba8fd7f6b/q_wet_harvest_photo/JPEG_20221130_111247_7258936603445743411.jpg,https://mavuno-files.s3-eu-west-1.amazonaws.com/survey-images/4cf644fc-e300-470d-a7e7-cfeba8fd7f6b/q_harvest_bags_photo/JPEG_20221130_111307_4578359418477236332.jpg,,,https://mavuno-files.s3-eu-west-1.amazonaws.com/survey-images/5e9c4c8b-0ea7-4d2d-a5eb-8ac51da28363/q_field_photo/JPEG_20221124_144736_1883743120028698362.jpg,8.625667,8.9511704,9.9,https://mavuno-files.s3-eu-west-1.amazonaws.com/survey-images/4cf644fc-e300-470d-a7e7-cfeba8fd7f6b/q_box1_wet_weight_photo/JPEG_20221130_110949_3626632779565800130.jpg,7.98,https://mavuno-files.s3-eu-west-1.amazonaws.com/survey-images/4cf644fc-e300-470d-a7e7-cfeba8fd7f6b/q_box2_wet_weight_photo/JPEG_20221130_111140_7617118758814275995.jpg,5.42,https://mavuno-files.s3-eu-west-1.amazonaws.com/survey-images/db43a355-baaf-453a-93d6-ae4904afa871/q_box1_dry_weight_photo/JPEG_20221130_111624_5419630307418208057.jpg,4.01,https://mavuno-files.s3-eu-west-1.amazonaws.com/survey-images/db43a355-baaf-453a-93d6-ae4904afa871/q_box2_dry_weight_photo/JPEG_20221130_111727_5733444113789050003.jpg,1.355,1.0025,used box 1 and 22172,1.17875,have average yields,2022.0_169_Client_AU,2,-1.0406436614554588,-0.1648135281539319,,,1.385936260223389,,
a359c53b-9e21-439c-9d15-d0173e432958,Rice,2022.0,Nigeria,https://mavuno-files.s3-eu-west-1.amazonaws.com/survey-images/5e896fb7-666d-48a2-b461-081ad37be6f3/q_wet_harvest_photo/JPEG_20221020_151317_3729765715418504286.jpg,https://mavuno-files.s3-eu-west-1.amazonaws.com/survey-images/5e896fb7-666d-48a2-b461-081ad37be6f3/q_harvest_bags_photo/JPEG_20221020_151401_9188199630062751802.jpg,,,https://mavuno-files.s3-eu-west-1.amazonaws.com/survey-images/e32d7960-83d6-43b7-b09c-5a1f79fe2cdf/q_field_photo/JPEG_20221020_195952_8920699350966908250.jpg,12.54598722,10.58002375,16.84,https://mavuno-files.s3-eu-west-1.amazonaws.com/survey-images/5e896fb7-666d-48a2-b461-081ad37be6f3/q_box1_wet_weight_photo/JPEG_20221020_150722_191221880233868722.jpg,16.93,https://mavuno-files.s3-eu-west-1.amazonaws.com/survey-images/5e896fb7-666d-48a2-b461-081ad37be6f3/q_box2_wet_weight_photo/JPEG_20221020_151133_773929365288799929.jpg,13.37,https://mavuno-files.s3-eu-west-1.amazonaws.com/survey-images/1b3dc9c7-f6f5-4cf7-bde8-dae8ce3fbe0f/q_box1_dry_weight_photo/JPEG_20221024_093214_2518904828542952942.jpg,13.26,https://mavuno-files.s3-eu-west-1.amazonaws.com/survey-images/1b3dc9c7-f6f5-4cf7-bde8-dae8ce3fbe0f/q_box2_dry_weight_photo/JPEG_20221024_093328_3981267106190885550.jpg,3.3425,3.315,used box 1 and 22175,3.32875,have average yields,2022.0_105_Client_K,4,1.1426195157050607,0.854104503347763,,,,,3.173128128051758
a3ab6273-f7a2-4de0-b41f-8ffa9d06d415,Rice,2022.0,Nigeria,https://mavuno-files.s3-eu-west-1.amazonaws.com/survey-images/c342a418-d4d7-4cf6-af0a-65a01b5b3387/q_wet_harvest_photo/JPEG_20221021_172340_3638246364963086217.jpg,https://mavuno-files.s3-eu-west-1.amazonaws.com/survey-images/c342a418-d4d7-4cf6-af0a-65a01b5b3387/q_harvest_bags_photo/JPEG_20221021_172352_5702008350243955317.jpg,,,https://mavuno-files.s3-eu-west-1.amazonaws.com/survey-images/3741fe5c-ff62-449f-bc38-42333ae7631e/q_field_photo/JPEG_20221021_160422_50799534581205523.jpg,11.51543194,8.958073519,14.89,https://mavuno-files.s3-eu-west-1.amazonaws.com/survey-images/c342a418-d4d7-4cf6-af0a-65a01b5b3387/q_box1_wet_weight_photo/JPEG_20221021_172131_8984626925094956769.jpg,15.4,https://mavuno-files.s3-eu-west-1.amazonaws.com/survey-images/c342a418-d4d7-4cf6-af0a-65a01b5b3387/q_box2_wet_weight_photo/JPEG_20221021_172242_9089740914164835501.jpg,11.41,https://mavuno-files.s3-eu-west-1.amazonaws.com/survey-images/b0405e8a-bbf3-4e77-bafd-133123398d52/q_box1_dry_weight_photo/JPEG_20221120_135500_6433664610594867217.jpg,12.62,https://mavuno-files.s3-eu-west-1.amazonaws.com/survey-images/b0405e8a-bbf3-4e77-bafd-133123398d52/q_box2_dry_weight_photo/JPEG_20221120_135554_3526543731581270983.jpg,2.8525,3.155,used box 1 and 22220,3.00375,have average yields,2022.0_201_Client_K,4,0.5686935942015485,-0.1604953294513289,,,,,2.6780316829681396
a3c96eab-435c-416e-a102-4dc19ac1d0ec,Rice,2022.0,Nigeria,,,,,https://mavuno-files.s3-eu-west-1.amazonaws.com/survey-images/244b78bb-9182-47c7-974d-80ba6d47099b/q_field_photo/JPEG_20221115_101626_1989405940.jpg,12.6212951,10.3666539,0.0,,0.0,,0.0,,0.0,,0.0,0.0,used box 1 and 22226,0.0,have average yields,2022.0_105_Client_BN,0,1.184559181887233,0.7206324584004304,-0.1071189790964126,,,,
a3d768d4-2971-432c-9a8a-e35e9d927d27,Rice,2022.0,Nigeria,https://mavuno-files.s3-eu-west-1.amazonaws.com/survey-images/78e1f446-0ef9-4b5d-aeb5-ba49816aa81a/q_wet_harvest_photo/JPEG_20221210_152830_2743181405732821103.jpg,https://mavuno-files.s3-eu-west-1.amazonaws.com/survey-images/78e1f446-0ef9-4b5d-aeb5-ba49816aa81a/q_harvest_bags_photo/JPEG_20221211_081113_1505865600606092888.jpg,,,https://mavuno-files.s3-eu-west-1.amazonaws.com/survey-images/7396e292-3731-4163-bdc6-d73a6c32b3c0/q_field_photo/JPEG_20221210_104228_2354273787341198849.jpg,11.9740754,8.8700736,5.6,https://mavuno-files.s3-eu-west-1.amazonaws.com/survey-images/78e1f446-0ef9-4b5d-aeb5-ba49816aa81a/q_box1_wet_weight_photo/JPEG_20221210_152331_6335555353202477851.jpg,6.825,https://mavuno-files.s3-eu-west-1.amazonaws.com/survey-images/78e1f446-0ef9-4b5d-aeb5-ba49816aa81a/q_box2_wet_weight_photo/JPEG_20221210_152551_962348832671989061.jpg,4.92,https://mavuno-files.s3-eu-west-1.amazonaws.com/survey-images/bd4b75fc-c9f0-471c-aaa6-75cb46a03d99/q_box1_dry_weight_photo/JPEG_20221211_121517_4010596871174718784.jpg,5.31,https://mavuno-files.s3-eu-west-1.amazonaws.com/survey-images/bd4b75fc-c9f0-471c-aaa6-75cb46a03d99/q_box2_dry_weight_photo/JPEG_20221211_121648_2341300706669848144.jpg,1.23,1.3275,used box 1 and 22233,1.27875,have average yields,2022.0_56_Client_P,0,0.8241164478131079,-0.2155430746886692,2.023683547973633,,,,
a40aff7f-be53-466f-b194-eb49d1d7c79b,Rice,2022.0,Nigeria,,https://mavuno-files.s3-eu-west-1.amazonaws.com/survey-images/f316bf53-92a6-4d8e-9e8d-208d0fbc8968/q_harvest_bags_photo/JPEG_20221026_081316_4060191707636373279.jpg,,,https://mavuno-files.s3-eu-west-1.amazonaws.com/survey-images/0f996e19-4b67-45c1-8908-4a3d5bc83576/q_field_photo/JPEG_20221119_161642_1265039602698728707.jpg,11.10786728,9.297115467,16.41,,17.43,,12.05,https://mavuno-files.s3-eu-west-1.amazonaws.com/survey-images/b77d1eaf-9141-4afe-be65-44c71bd71024/q_box1_dry_weight_photo/JPEG_20221204_124406_9124133199886550783.jpg,13.22,https://mavuno-files.s3-eu-west-1.amazonaws.com/survey-images/b77d1eaf-9141-4afe-be65-44c71bd71024/q_box2_dry_weight_photo/JPEG_20221204_124520_7132222516517748033.jpg,3.0125,3.305,used box 1 and 22262,3.15875,have average yields,2022.0_197_Client_K,2,0.3417170043938049,0.0515900336985581,,,3.2560408115386963,,
a417482f-49d1-49a6-8800-670740502e2c,Rice,2022.0,Nigeria,https://mavuno-files.s3-eu-west-1.amazonaws.com/survey-images/0a780232-7c83-4da1-b2cc-e6b9fd18e694/q_wet_harvest_photo/JPEG_20221028_155905_6424663149874367366.jpg,https://mavuno-files.s3-eu-west-1.amazonaws.com/survey-images/0a780232-7c83-4da1-b2cc-e6b9fd18e694/q_harvest_bags_photo/JPEG_20221028_155955_5462717139855607303.jpg,,,https://mavuno-files.s3-eu-west-1.amazonaws.com/survey-images/daa4ce36-8e2d-477c-b0ca-cce3b59ee62a/q_field_photo/JPEG_20221028_153840_2747880511509800126.jpg,9.7809658,11.1372537,3.365,https://mavuno-files.s3-eu-west-1.amazonaws.com/survey-images/0a780232-7c83-4da1-b2cc-e6b9fd18e694/q_box1_wet_weight_photo/JPEG_20221028_155424_2067182966067612666.jpg,3.035,https://mavuno-files.s3-eu-west-1.amazonaws.com/survey-images/0a780232-7c83-4da1-b2cc-e6b9fd18e694/q_box2_wet_weight_photo/JPEG_20221028_155625_3170117224996948473.jpg,2.295,https://mavuno-files.s3-eu-west-1.amazonaws.com/survey-images/0459fc1d-7f01-4fc3-bf79-5e904a722c74/q_box1_dry_weight_photo/JPEG_20221030_151825_6582569414659081904.jpg,2.425,https://mavuno-files.s3-eu-west-1.amazonaws.com/survey-images/0459fc1d-7f01-4fc3-bf79-5e904a722c74/q_box2_dry_weight_photo/JPEG_20221030_152104_5427860648890912323.jpg,0.57375,0.60625,used box 1 and 22269,0.59,have average yields,2022.0_52_Client_S,4,-0.3972469012138332,1.2026758733534102,,,,,0.9487369656562805
a429ce23-59f0-4ae1-916c-2fd1d015d34b,Rice,2022.0,Nigeria,https://mavuno-files.s3-eu-west-1.amazonaws.com/survey-images/9464e9dd-9323-499f-af88-b7e2f2f3dc1d/q_wet_harvest_photo/JPEG_20221114_095343_7017680663752112629.jpg,https://mavuno-files.s3-eu-west-1.amazonaws.com/survey-images/9464e9dd-9323-499f-af88-b7e2f2f3dc1d/q_harvest_bags_photo/JPEG_20221114_095428_5070811812362106976.jpg,,,https://mavuno-files.s3-eu-west-1.amazonaws.com/survey-images/d9397834-4722-4b2c-b5a3-fa008f6e77d8/q_field_photo/JPEG_20221114_074415_8239393462144265104.jpg,10.0180916,11.1841684,2.005,https://mavuno-files.s3-eu-west-1.amazonaws.com/survey-images/9464e9dd-9323-499f-af88-b7e2f2f3dc1d/q_box1_wet_weight_photo/JPEG_20221114_094602_5806448244631579958.jpg,2.465,https://mavuno-files.s3-eu-west-1.amazonaws.com/survey-images/9464e9dd-9323-499f-af88-b7e2f2f3dc1d/q_box2_wet_weight_photo/JPEG_20221114_095004_1193718018247165323.jpg,1.25,https://mavuno-files.s3-eu-west-1.amazonaws.com/survey-images/e6e48ca7-4da0-4958-9353-596a3674b042/q_box1_dry_weight_photo/JPEG_20221129_090849_1660824664693173414.jpg,1.11,https://mavuno-files.s3-eu-west-1.amazonaws.com/survey-images/e6e48ca7-4da0-4958-9353-596a3674b042/q_box2_dry_weight_photo/JPEG_20221129_091214_2670874860526108296.jpg,0.3125,0.2775,used box 1 and 22277,0.295,have average yields,2022.0_52_Client_S,4,-0.2651893144754906,1.2320230418830342,,,,,0.11520040035247803
a47040a0-b9b0-4ee4-bbd1-2329574fa983,Rice,2022.0,Nigeria,https://mavuno-files.s3-eu-west-1.amazonaws.com/survey-images/93087ba3-d379-4646-98a8-13f9dfaf1545/q_wet_harvest_photo/JPEG_20221119_132358_236645146836599249.jpg,https://mavuno-files.s3-eu-west-1.amazonaws.com/survey-images/93087ba3-d379-4646-98a8-13f9dfaf1545/q_harvest_bags_photo/JPEG_20221119_132409_3992762049471869114.jpg,,,https://mavuno-files.s3-eu-west-1.amazonaws.com/survey-images/efdd85bd-aabe-40ef-940a-3fd9cf002d1c/q_field_photo/JPEG_20221105_141051_5089656402480166855.jpg,11.6348707,9.0281885,16.85,https://mavuno-files.s3-eu-west-1.amazonaws.com/survey-images/93087ba3-d379-4646-98a8-13f9dfaf1545/q_box1_wet_weight_photo/JPEG_20221119_132011_4101370245263138905.jpg,15.84,https://mavuno-files.s3-eu-west-1.amazonaws.com/survey-images/93087ba3-d379-4646-98a8-13f9dfaf1545/q_box2_wet_weight_photo/JPEG_20221119_132158_6893945122178967202.jpg,15.62,https://mavuno-files.s3-eu-west-1.amazonaws.com/survey-images/03ff2129-032b-4e7f-b510-3ee4fd297519/q_box1_dry_weight_photo/JPEG_20221125_125624_5471980544583582560.jpg,14.39,https://mavuno-files.s3-eu-west-1.amazonaws.com/survey-images/03ff2129-032b-4e7f-b510-3ee4fd297519/q_box2_dry_weight_photo/JPEG_20221125_125744_5650476700823225457.jpg,3.905,3.5975,used box 1 and 22312,3.75125,have average yields,2022.0_56_Client_P,1,0.635210162236829,-0.1166353844051403,,2.382283926010132,,,
a4ca1871-9dbb-43e6-aae5-756f34834cc4,Rice,2022.0,Nigeria,https://mavuno-files.s3-eu-west-1.amazonaws.com/survey-images/842c599e-a4dd-414d-bf8c-d38488f99a6c/q_wet_harvest_photo/JPEG_20221129_072455_1718079433255171768.jpg,https://mavuno-files.s3-eu-west-1.amazonaws.com/survey-images/842c599e-a4dd-414d-bf8c-d38488f99a6c/q_harvest_bags_photo/JPEG_20221129_072529_412409399536179274.jpg,,,https://mavuno-files.s3-eu-west-1.amazonaws.com/survey-images/eef18c98-e0a6-47d0-91e9-b8229d97475d/q_field_photo/JPEG_20221027_081133_620130482756067653.jpg,7.5661635,9.3947093,8.535,https://mavuno-files.s3-eu-west-1.amazonaws.com/survey-images/842c599e-a4dd-414d-bf8c-d38488f99a6c/q_box1_wet_weight_photo/JPEG_20221129_072123_291027899362182905.jpg,5.76,https://mavuno-files.s3-eu-west-1.amazonaws.com/survey-images/842c599e-a4dd-414d-bf8c-d38488f99a6c/q_box2_wet_weight_photo/JPEG_20221129_072345_5434697249006005249.jpg,8.02,https://mavuno-files.s3-eu-west-1.amazonaws.com/survey-images/2dc75a74-ab40-4830-88ed-fbe0f8ec6c39/q_box1_dry_weight_photo/JPEG_20221129_073336_5281918559076212744.jpg,5.385,https://mavuno-files.s3-eu-west-1.amazonaws.com/survey-images/2dc75a74-ab40-4830-88ed-fbe0f8ec6c39/q_box2_dry_weight_photo/JPEG_20221129_073504_2731276442374453927.jpg,2.005,1.34625,used box 1 and 22348,1.675625,have average yields,2022.0_5_Client_AU,0,-1.6306911187579871,0.1126391859792508,1.154386043548584,,,,
a52e91e8-ca29-4105-b7d6-9a4bb1e9577e,Rice,2022.0,Nigeria,https://mavuno-files.s3-eu-west-1.amazonaws.com/survey-images/192dd540-7918-43d2-85a3-9a06361790b5/q_wet_harvest_photo/JPEG_20221018_160506_4853254197156245192.jpg,https://mavuno-files.s3-eu-west-1.amazonaws.com/survey-images/192dd540-7918-43d2-85a3-9a06361790b5/q_harvest_bags_photo/JPEG_20221018_160545_1974261137239860678.jpg,,,https://mavuno-files.s3-eu-west-1.amazonaws.com/survey-images/18a33512-614c-4fa9-931a-4cca443a84ea/q_field_photo/JPEG_20221018_154936_3058106976129590629.jpg,12.3321144,9.9329312,0.0,,0.0,,0.0,,0.0,,0.0,0.0,used box 1 and 22408,0.0,have average yields,2022.0_53_Client_BY,1,1.0235117320808238,0.449320200791973,,0.1030593737959861,,,
a58aba4f-29d4-4c4e-a5dc-a13a1285b42f,Rice,2022.0,Nigeria,https://mavuno-files.s3-eu-west-1.amazonaws.com/survey-images/d111da8f-38a3-4a31-9aad-fa7e8f99006c/q_wet_harvest_photo/JPEG_20221024_090340_4953911280953345584.jpg,https://mavuno-files.s3-eu-west-1.amazonaws.com/survey-images/d111da8f-38a3-4a31-9aad-fa7e8f99006c/q_harvest_bags_photo/JPEG_20221024_090440_6844034758623096332.jpg,,,https://mavuno-files.s3-eu-west-1.amazonaws.com/survey-images/b9e5b1f2-63f2-41bb-9ced-4faca7aaf84b/q_field_photo/JPEG_20221018_174400_4468336340974042145.jpg,12.25877097,10.34118075,18.83,https://mavuno-files.s3-eu-west-1.amazonaws.com/survey-images/d111da8f-38a3-4a31-9aad-fa7e8f99006c/q_box1_wet_weight_photo/JPEG_20221024_084007_8524521585557165728.jpg,18.69,https://mavuno-files.s3-eu-west-1.amazonaws.com/survey-images/d111da8f-38a3-4a31-9aad-fa7e8f99006c/q_box2_wet_weight_photo/JPEG_20221024_084233_520402092403264365.jpg,15.2,,16.08,https://mavuno-files.s3-eu-west-1.amazonaws.com/survey-images/fa7439c7-9408-4a17-8a84-5483bd3e5db7/q_box2_dry_weight_photo/JPEG_20221029_120203_3433923493311012338.jpg,3.8,4.02,used box 1 and 22470,3.91,have average yields,2022.0_13_Client_K,4,0.9826660865672924,0.7046979042834823,,,,,2.488605260848999
a5a131df-ae5d-4b54-8e2d-588de19adadd,Rice,2022.0,Nigeria,https://mavuno-files.s3-eu-west-1.amazonaws.com/survey-images/eeebb825-fcd1-4fd7-85af-2ec1481251e5/q_wet_harvest_photo/JPEG_20221117_114015_719125411046886649.jpg,https://mavuno-files.s3-eu-west-1.amazonaws.com/survey-images/eeebb825-fcd1-4fd7-85af-2ec1481251e5/q_harvest_bags_photo/JPEG_20221117_114127_7728748723777169607.jpg,,,https://mavuno-files.s3-eu-west-1.amazonaws.com/survey-images/6bd9e2a3-f849-47d3-8093-33b25dabd3d2/q_field_photo/JPEG_20221117_104746_8552415614250121749.jpg,9.972469,10.9628642,2.25,https://mavuno-files.s3-eu-west-1.amazonaws.com/survey-images/eeebb825-fcd1-4fd7-85af-2ec1481251e5/q_box1_wet_weight_photo/JPEG_20221117_113235_620515969608753583.jpg,1.205,https://mavuno-files.s3-eu-west-1.amazonaws.com/survey-images/eeebb825-fcd1-4fd7-85af-2ec1481251e5/q_box2_wet_weight_photo/JPEG_20221117_113701_240480121142763162.jpg,1.495,https://mavuno-files.s3-eu-west-1.amazonaws.com/survey-images/648662cd-1b81-4466-a787-ace1287c0e96/q_box1_dry_weight_photo/JPEG_20221202_152630_9189140979347328132.jpg,0.885,https://mavuno-files.s3-eu-west-1.amazonaws.com/survey-images/648662cd-1b81-4466-a787-ace1287c0e96/q_box2_dry_weight_photo/JPEG_20221202_152903_5638781859579522785.jpg,0.37375,0.22125,used box 1 and 22484,0.2975,have average yields,2022.0_52_Client_S,1,-0.2905969692171032,1.0935877187601406,,1.4184304475784302,,,
a5a6888d-4809-42a5-8614-48e9a3521827,Rice,2022.0,Nigeria,https://mavuno-files.s3-eu-west-1.amazonaws.com/survey-images/68e27885-f93c-4101-ae98-3f1efe974193/q_wet_harvest_photo/JPEG_20221119_135831_534132211810145312.jpg,https://mavuno-files.s3-eu-west-1.amazonaws.com/survey-images/68e27885-f93c-4101-ae98-3f1efe974193/q_harvest_bags_photo/JPEG_20221119_135916_3441723466506647472.jpg,,,https://mavuno-files.s3-eu-west-1.amazonaws.com/survey-images/18baa161-85fa-4a12-a2b8-c88dfeaf6559/q_field_photo/JPEG_20221017_130323_660354488645671542.jpg,7.6896926,8.1945194,,,0.51,https://mavuno-files.s3-eu-west-1.amazonaws.com/survey-images/68e27885-f93c-4101-ae98-3f1efe974193/q_box2_wet_weight_photo/JPEG_20221119_135524_5720693863045697316.jpg,0.0,https://mavuno-files.s3-eu-west-1.amazonaws.com/survey-images/addd3aea-f8d0-41db-b45c-74ff5bdc9707/q_box1_dry_weight_photo/JPEG_20221119_140316_9082236516741856315.jpg,0.365,https://mavuno-files.s3-eu-west-1.amazonaws.com/survey-images/addd3aea-f8d0-41db-b45c-74ff5bdc9707/q_box2_dry_weight_photo/JPEG_20221119_140517_5169700565210166028.jpg,0.0,0.09125,used box 1 and 22486,0.045625,have average yields,2022.0_135_Client_AU,3,-1.5618966019320688,-0.6381313670212485,,,,0.8839561939239502,
a5ea3dca-2454-4642-80d1-c1d3ed4d2023,Rice,2022.0,Nigeria,https://mavuno-files.s3-eu-west-1.amazonaws.com/survey-images/796417ba-f7f2-478a-b36e-92c1915453bf/q_wet_harvest_photo/JPEG_20221026_134313_6611610947242871852.jpg,https://mavuno-files.s3-eu-west-1.amazonaws.com/survey-images/796417ba-f7f2-478a-b36e-92c1915453bf/q_harvest_bags_photo/JPEG_20221026_134337_3143642490757830181.jpg,,,https://mavuno-files.s3-eu-west-1.amazonaws.com/survey-images/1bacb322-c200-4521-9ea9-fd9dd290b705/q_field_photo/JPEG_20221026_122651_7953107265426763456.jpg,11.90266672,7.919571139,13.67,https://mavuno-files.s3-eu-west-1.amazonaws.com/survey-images/796417ba-f7f2-478a-b36e-92c1915453bf/q_box1_wet_weight_photo/JPEG_20221026_134131_6218686229339098441.jpg,12.99,https://mavuno-files.s3-eu-west-1.amazonaws.com/survey-images/796417ba-f7f2-478a-b36e-92c1915453bf/q_box2_wet_weight_photo/JPEG_20221026_134225_6268705312394403347.jpg,11.03,https://mavuno-files.s3-eu-west-1.amazonaws.com/survey-images/b8c443d0-35bc-4c25-8187-17f9f927a69f/q_box1_dry_weight_photo/JPEG_20221121_165039_587836614951337746.jpg,10.16,https://mavuno-files.s3-eu-west-1.amazonaws.com/survey-images/b8c443d0-35bc-4c25-8187-17f9f927a69f/q_box2_dry_weight_photo/JPEG_20221121_165201_2431790597603507044.jpg,2.7575,2.54,used box 1 and 22532,2.64875,have average yields,2022.0_74_Client_K,2,0.7843482827590702,-0.8101233642522667,,,2.822206974029541,,
a6163d7c-e380-4430-81d2-a47794c93c2f,Rice,2022.0,Nigeria,https://mavuno-files.s3-eu-west-1.amazonaws.com/survey-images/f813beb2-8911-4852-8658-575b04cfcdf2/q_wet_harvest_photo/JPEG_20221209_095205_6863803142307734116.jpg,https://mavuno-files.s3-eu-west-1.amazonaws.com/survey-images/f813beb2-8911-4852-8658-575b04cfcdf2/q_harvest_bags_photo/JPEG_20221209_095354_8178234036110869076.jpg,,,https://mavuno-files.s3-eu-west-1.amazonaws.com/survey-images/6b256d2b-885d-4918-9fdb-cb9f701bd56c/q_field_photo/JPEG_20221206_112618_152388691924094386.jpg,11.13234618,4.572178335,6.265,https://mavuno-files.s3-eu-west-1.amazonaws.com/survey-images/f813beb2-8911-4852-8658-575b04cfcdf2/q_box1_wet_weight_photo/JPEG_20221209_094805_2785804205739867915.jpg,6.24,https://mavuno-files.s3-eu-west-1.amazonaws.com/survey-images/f813beb2-8911-4852-8658-575b04cfcdf2/q_box2_wet_weight_photo/JPEG_20221209_094941_2501972647567188046.jpg,6.12,https://mavuno-files.s3-eu-west-1.amazonaws.com/survey-images/dd56f070-533d-47dd-98a8-a81e12673d29/q_box1_dry_weight_photo/JPEG_20221210_124945_7792080383813636861.jpg,6.145,https://mavuno-files.s3-eu-west-1.amazonaws.com/survey-images/dd56f070-533d-47dd-98a8-a81e12673d29/q_box2_dry_weight_photo/JPEG_20221210_125100_1663587094348495635.jpg,1.53,1.53625,used box 1 and 22557,1.533125,have average yields,2022.0_129_Client_P,3,0.3553495338781935,-2.904061953944592,,,,1.330156683921814,
a628952f-45fd-4a87-b246-9b1655733d48,Rice,2022.0,Nigeria,https://mavuno-files.s3-eu-west-1.amazonaws.com/survey-images/7b242fa5-bb82-44c0-8a27-bfa898e69f6f/q_wet_harvest_photo/JPEG_20221031_135518_2335415181922953674.jpg,https://mavuno-files.s3-eu-west-1.amazonaws.com/survey-images/7b242fa5-bb82-44c0-8a27-bfa898e69f6f/q_harvest_bags_photo/JPEG_20221031_135621_205261056859755476.jpg,,,https://mavuno-files.s3-eu-west-1.amazonaws.com/survey-images/34fda9fb-019f-4d2f-bf2c-e1d5d46eb0cb/q_field_photo/JPEG_20221027_094702_5657499180591700399.jpg,8.5616448,8.595861,8.075,https://mavuno-files.s3-eu-west-1.amazonaws.com/survey-images/7b242fa5-bb82-44c0-8a27-bfa898e69f6f/q_box1_wet_weight_photo/JPEG_20221031_132446_5275565760100495184.jpg,9.15,https://mavuno-files.s3-eu-west-1.amazonaws.com/survey-images/7b242fa5-bb82-44c0-8a27-bfa898e69f6f/q_box2_wet_weight_photo/JPEG_20221031_132803_2146077999621605158.jpg,3.835,https://mavuno-files.s3-eu-west-1.amazonaws.com/survey-images/3f07b154-3fa4-4379-add5-af59df880a46/q_box1_dry_weight_photo/JPEG_20221103_102139_7386501971106965310.jpg,5.365,https://mavuno-files.s3-eu-west-1.amazonaws.com/survey-images/3f07b154-3fa4-4379-add5-af59df880a46/q_box2_dry_weight_photo/JPEG_20221103_102506_6644320293927859249.jpg,0.95875,1.34125,used box 1 and 22567,1.15,have average yields,2022.0_169_Client_AU,3,-1.076298226372813,-0.3870748842312299,,,,2.5496954917907715,
a686e568-8518-48fc-9e10-4bd5cdd01923,Rice,2022.0,Nigeria,https://mavuno-files.s3-eu-west-1.amazonaws.com/survey-images/84084275-1155-42f5-a64c-83c610aa110e/q_wet_harvest_photo/JPEG_20221017_091456_9185966950607573207.jpg,https://mavuno-files.s3-eu-west-1.amazonaws.com/survey-images/84084275-1155-42f5-a64c-83c610aa110e/q_harvest_bags_photo/JPEG_20221017_091836_2050798871839210033.jpg,,,https://mavuno-files.s3-eu-west-1.amazonaws.com/survey-images/9df18af2-9046-416e-9962-12cc89de56c7/q_field_photo/JPEG_20221017_071544_1477118965628171678.jpg,10.6488466,10.21958917,17.33,https://mavuno-files.s3-eu-west-1.amazonaws.com/survey-images/84084275-1155-42f5-a64c-83c610aa110e/q_box1_wet_weight_photo/JPEG_20221017_090155_3850061653496684632.jpg,15.05,https://mavuno-files.s3-eu-west-1.amazonaws.com/survey-images/84084275-1155-42f5-a64c-83c610aa110e/q_box2_wet_weight_photo/JPEG_20221017_090839_921718906469514606.jpg,11.08,https://mavuno-files.s3-eu-west-1.amazonaws.com/survey-images/415c82e1-02f4-43d6-8123-ad7fa5972510/q_box1_dry_weight_photo/JPEG_20221104_091755_5131685135446672494.jpg,10.17,https://mavuno-files.s3-eu-west-1.amazonaws.com/survey-images/415c82e1-02f4-43d6-8123-ad7fa5972510/q_box2_dry_weight_photo/JPEG_20221104_091932_1385620155702732834.jpg,2.77,2.5425,used box 1 and 22611,2.65625,have average yields,2022.0_197_Client_K,1,0.0860840734187984,0.6286371261042929,,3.121212720870972,,,
a6a45fff-6c0d-4332-bd9b-0105656d9ad7,Rice,2022.0,Nigeria,https://mavuno-files.s3-eu-west-1.amazonaws.com/survey-images/3b63cd47-f8d0-4901-aaea-a4e4efa4fe90/q_wet_harvest_photo/JPEG_20221111_162143_3689554439561007842.jpg,https://mavuno-files.s3-eu-west-1.amazonaws.com/survey-images/3b63cd47-f8d0-4901-aaea-a4e4efa4fe90/q_harvest_bags_photo/JPEG_20221111_162252_1419829672099489588.jpg,,,https://mavuno-files.s3-eu-west-1.amazonaws.com/survey-images/43a82888-136b-4f50-b5ce-95ea2fe59215/q_field_photo/JPEG_20221023_094142_2647978473305944018.jpg,10.6783524,11.4762707,8.335,https://mavuno-files.s3-eu-west-1.amazonaws.com/survey-images/3b63cd47-f8d0-4901-aaea-a4e4efa4fe90/q_box1_wet_weight_photo/JPEG_20221111_161154_6101509754883889397.jpg,9.255,https://mavuno-files.s3-eu-west-1.amazonaws.com/survey-images/3b63cd47-f8d0-4901-aaea-a4e4efa4fe90/q_box2_wet_weight_photo/JPEG_20221111_161657_2650290740636980400.jpg,7.845,https://mavuno-files.s3-eu-west-1.amazonaws.com/survey-images/e6acfe16-8a1e-42d0-9470-3e1b1f193979/q_box1_dry_weight_photo/JPEG_20221111_162648_4627749414988034575.jpg,8.475,https://mavuno-files.s3-eu-west-1.amazonaws.com/survey-images/e6acfe16-8a1e-42d0-9470-3e1b1f193979/q_box2_dry_weight_photo/JPEG_20221111_163006_616902327575991531.jpg,1.96125,2.11875,used box 1 and 22636,2.04,have average yields,2022.0_200_Client_S,4,0.1025161307604461,1.4147456304531578,,,,,0.8668792843818665
a6c0d4fc-66dd-4c39-a446-d1a3594cbeed,Rice,2022.0,Nigeria,https://mavuno-files.s3-eu-west-1.amazonaws.com/survey-images/ac3c0b69-96c6-478d-9a92-ca709438b4b2/q_wet_harvest_photo/JPEG_20221124_110659_2057372870900139981.jpg,https://mavuno-files.s3-eu-west-1.amazonaws.com/survey-images/ac3c0b69-96c6-478d-9a92-ca709438b4b2/q_harvest_bags_photo/JPEG_20221124_110747_6546463262466608361.jpg,,,https://mavuno-files.s3-eu-west-1.amazonaws.com/survey-images/0cb14873-d5d9-4ca0-ade5-f383291225a5/q_field_photo/JPEG_20221115_135815_367643083104462513.jpg,10.9426372,5.0054051,3.91,https://mavuno-files.s3-eu-west-1.amazonaws.com/survey-images/ac3c0b69-96c6-478d-9a92-ca709438b4b2/q_box1_wet_weight_photo/JPEG_20221124_105924_7748192527804850194.jpg,2.805,https://mavuno-files.s3-eu-west-1.amazonaws.com/survey-images/ac3c0b69-96c6-478d-9a92-ca709438b4b2/q_box2_wet_weight_photo/JPEG_20221124_110405_5009035617599526468.jpg,3.91,https://mavuno-files.s3-eu-west-1.amazonaws.com/survey-images/2ca7ea7e-daba-4663-a67c-d733552892de/q_box1_dry_weight_photo/JPEG_20221123_174643_5019086829505969033.jpg,2.66,https://mavuno-files.s3-eu-west-1.amazonaws.com/survey-images/2ca7ea7e-daba-4663-a67c-d733552892de/q_box2_dry_weight_photo/JPEG_20221123_174832_3976446633489914869.jpg,0.9775,0.665,used box 1 and 22657,0.82125,have average yields,2022.0_129_Client_P,2,0.249698819863132,-2.6330599250709383,,,1.331773042678833,,
a6f8c1d5-7ff2-4c70-97a4-6cacd1a06ea9,Rice,2022.0,Nigeria,https://mavuno-files.s3-eu-west-1.amazonaws.com/survey-images/f2e8903d-09ef-4254-9c9a-7ce86567850b/q_wet_harvest_photo/JPEG_20221021_111621_6061844802232656003.jpg,https://mavuno-files.s3-eu-west-1.amazonaws.com/survey-images/f2e8903d-09ef-4254-9c9a-7ce86567850b/q_harvest_bags_photo/JPEG_20221021_111627_8557202130402534288.jpg,,,https://mavuno-files.s3-eu-west-1.amazonaws.com/survey-images/cf086bdc-9132-42ed-8071-adb500a73ed9/q_field_photo/JPEG_20221021_101520_4569066693684278117.jpg,11.69602687,8.121632673,14.52,https://mavuno-files.s3-eu-west-1.amazonaws.com/survey-images/f2e8903d-09ef-4254-9c9a-7ce86567850b/q_box1_wet_weight_photo/JPEG_20221021_111434_6474581776229424731.jpg,14.95,https://mavuno-files.s3-eu-west-1.amazonaws.com/survey-images/f2e8903d-09ef-4254-9c9a-7ce86567850b/q_box2_wet_weight_photo/JPEG_20221021_111541_8358020439735193620.jpg,12.09,https://mavuno-files.s3-eu-west-1.amazonaws.com/survey-images/ac5755a6-5c05-48d4-a42e-b042b0fb1298/q_box1_dry_weight_photo/JPEG_20221127_073423_5277364697209562279.jpg,12.32,https://mavuno-files.s3-eu-west-1.amazonaws.com/survey-images/ac5755a6-5c05-48d4-a42e-b042b0fb1298/q_box2_dry_weight_photo/JPEG_20221127_073458_7446822110537336653.jpg,3.0225,3.08,used box 1 and 22689,3.05125,have average yields,2022.0_74_Client_K,3,0.6692686081096944,-0.6837251587505295,,,,2.586111068725586,
a7ade4af-1b44-4a6e-9279-6ab3f9f4cc39,Rice,2022.0,Nigeria,https://mavuno-files.s3-eu-west-1.amazonaws.com/survey-images/0ff10deb-baae-4e64-864f-2c09110b9a95/q_wet_harvest_photo/JPEG_20221120_094609_304195321890976354.jpg,https://mavuno-files.s3-eu-west-1.amazonaws.com/survey-images/0ff10deb-baae-4e64-864f-2c09110b9a95/q_harvest_bags_photo/JPEG_20221120_094727_2117151118862833709.jpg,,,https://mavuno-files.s3-eu-west-1.amazonaws.com/survey-images/da234ab9-ffb1-460b-b3dd-068a6c4f799f/q_field_photo/JPEG_20221027_113843_5134791427752261843.jpg,9.8287364,6.7106799,6.175,https://mavuno-files.s3-eu-west-1.amazonaws.com/survey-images/0ff10deb-baae-4e64-864f-2c09110b9a95/q_box1_wet_weight_photo/JPEG_20221120_094314_4419638126067928928.jpg,6.32,https://mavuno-files.s3-eu-west-1.amazonaws.com/survey-images/0ff10deb-baae-4e64-864f-2c09110b9a95/q_box2_wet_weight_photo/JPEG_20221120_094514_700233088639679885.jpg,5.32,https://mavuno-files.s3-eu-west-1.amazonaws.com/survey-images/e281a450-b1e2-4456-b15c-c6eebc1d2a4f/q_box1_dry_weight_photo/JPEG_20221120_095216_2509744333070155142.jpg,5.005,https://mavuno-files.s3-eu-west-1.amazonaws.com/survey-images/e281a450-b1e2-4456-b15c-c6eebc1d2a4f/q_box2_dry_weight_photo/JPEG_20221120_095548_7807875604205845211.jpg,1.33,1.25125,used box 1 and 22782,1.290625,have average yields,2022.0_17_Client_P,3,-0.3706430050834136,-1.5663369801321283,,,,2.895897150039673,
a7de75d9-32fa-430b-b6ea-8befabd2d875,Rice,2022.0,Nigeria,https://mavuno-files.s3-eu-west-1.amazonaws.com/survey-images/00119b4c-df4d-48f1-b4f7-29fd03d8d413/q_wet_harvest_photo/JPEG_20221129_145728_3928075666327636600.jpg,https://mavuno-files.s3-eu-west-1.amazonaws.com/survey-images/00119b4c-df4d-48f1-b4f7-29fd03d8d413/q_harvest_bags_photo/JPEG_20221129_145739_6095573132983291531.jpg,,,https://mavuno-files.s3-eu-west-1.amazonaws.com/survey-images/16e04155-23ae-48eb-8170-dd5384b74e91/q_field_photo/JPEG_20221129_135236_615913156149326423.jpg,10.5251891,5.4771938,8.45,,8.575,,7.095,https://mavuno-files.s3-eu-west-1.amazonaws.com/survey-images/b39bc9a4-9d7d-413f-af53-a6e2de93b20a/q_box1_dry_weight_photo/JPEG_20221207_175058_8155521555683578615.jpg,7.235,https://mavuno-files.s3-eu-west-1.amazonaws.com/survey-images/b39bc9a4-9d7d-413f-af53-a6e2de93b20a/q_box2_dry_weight_photo/JPEG_20221207_175145_3687476906082324375.jpg,1.77375,1.80875,used box 1 and 22808,1.79125,have average yields,2022.0_85_Client_P,4,0.0172180494260626,-2.3379357424741785,,,,,1.3624591827392578
a7f7511a-fc6f-4955-b2a1-a5b2b7358bd9,Rice,2022.0,Nigeria,,,,,https://mavuno-files.s3-eu-west-1.amazonaws.com/survey-images/ee8284de-6061-4a77-ad61-6205d4135e61/q_field_photo/JPEG_20220829_114046_9186680912602639897.jpg,6.4496032,8.5151753,0.0,,0.0,,0.0,,0.0,,0.0,0.0,used box 1 and 22821,0.0,have average yields,2022.0_98_Client_AY,0,-2.25251404425087,-0.437547269983045,-0.0251662638038396,,,,
a8f28c70-5b13-419c-85a4-650b117369a9,Rice,2022.0,Nigeria,,,,,https://mavuno-files.s3-eu-west-1.amazonaws.com/survey-images/03473d27-afc1-45f9-83aa-1d2c990edace/q_field_photo/JPEG_20221025_174426_237076157629912023.jpg,11.36101672,9.57152389,0.0,,0.0,,0.0,https://mavuno-files.s3-eu-west-1.amazonaws.com/survey-images/f4fabcc4-d5ad-4a84-9492-2abe0a6b83be/q_box1_dry_weight_photo/JPEG_20221025_181038_3744772908176526259.jpg,0.0,,0.0,0.0,used box 1 and 22954,0.0,have average yields,2022.0_7_Client_K,2,0.4826983068525121,0.2232443389745027,,,0.7594568133354187,,
a8fd4eac-3dbf-4f5e-91b0-a56052060f9d,Rice,2022.0,Nigeria,,,,,https://mavuno-files.s3-eu-west-1.amazonaws.com/survey-images/b86cb54f-61f2-444f-b3a1-54cd58de4a00/q_field_photo/JPEG_20221020_111419_4274357206794110645.jpg,11.11118222,9.296481796,17.32,,17.89,,12.19,https://mavuno-files.s3-eu-west-1.amazonaws.com/survey-images/5ef72f64-28ac-42c4-8bb3-91dd60f15572/q_box1_dry_weight_photo/JPEG_20221205_094924_140327882476473233.jpg,12.56,https://mavuno-files.s3-eu-west-1.amazonaws.com/survey-images/5ef72f64-28ac-42c4-8bb3-91dd60f15572/q_box2_dry_weight_photo/JPEG_20221205_095022_8308619414269214391.jpg,3.0475,3.14,used box 1 and 22961,3.09375,have average yields,2022.0_197_Client_K,0,0.3435631256365473,0.0511936451544704,2.708401679992676,,,,
a907adf4-278a-4728-8daf-e60b8240afaa,Rice,2022.0,Nigeria,https://mavuno-files.s3-eu-west-1.amazonaws.com/survey-images/5c99aca5-f315-4b0e-9921-108b7bedd82c/q_wet_harvest_photo/JPEG_20221025_112927_1889119555431147086.jpg,https://mavuno-files.s3-eu-west-1.amazonaws.com/survey-images/5c99aca5-f315-4b0e-9921-108b7bedd82c/q_harvest_bags_photo/JPEG_20221025_112937_2978431592294746219.jpg,,,https://mavuno-files.s3-eu-west-1.amazonaws.com/survey-images/98acec12-0a85-4684-ba21-f583f4560ee5/q_field_photo/JPEG_20221025_100016_4603577845713141991.jpg,11.91003468,7.920266502,13.27,https://mavuno-files.s3-eu-west-1.amazonaws.com/survey-images/5c99aca5-f315-4b0e-9921-108b7bedd82c/q_box1_wet_weight_photo/JPEG_20221025_112639_3743236910366686205.jpg,12.98,https://mavuno-files.s3-eu-west-1.amazonaws.com/survey-images/5c99aca5-f315-4b0e-9921-108b7bedd82c/q_box2_wet_weight_photo/JPEG_20221025_112733_3511632412980137123.jpg,10.17,https://mavuno-files.s3-eu-west-1.amazonaws.com/survey-images/0b38da1c-5af9-4340-bb62-7423adebd25a/q_box1_dry_weight_photo/JPEG_20221107_083234_160781211497288595.jpg,9.35,https://mavuno-files.s3-eu-west-1.amazonaws.com/survey-images/0b38da1c-5af9-4340-bb62-7423adebd25a/q_box2_dry_weight_photo/JPEG_20221107_083418_3979338349642359629.jpg,2.5425,2.3375,used box 1 and 22964,2.44,have average yields,2022.0_74_Client_K,4,0.7884515689336866,-0.8096883847010761,,,,,4.932919502258301
a91cf4cd-7707-425a-b193-2dac4677aceb,Rice,2022.0,Nigeria,https://mavuno-files.s3-eu-west-1.amazonaws.com/survey-images/b367b4a6-f508-420f-8089-6dd7492c76ae/q_wet_harvest_photo/JPEG_20221117_121042_1252081714.jpg,https://mavuno-files.s3-eu-west-1.amazonaws.com/survey-images/b367b4a6-f508-420f-8089-6dd7492c76ae/q_harvest_bags_photo/JPEG_20221117_121121_1633191669.jpg,,,https://mavuno-files.s3-eu-west-1.amazonaws.com/survey-images/9f7acd80-2ec6-4863-a8cf-e5d5abc817ff/q_field_photo/JPEG_20221116_135214_1631939576.jpg,12.6319313,10.3620848,1.895,https://mavuno-files.s3-eu-west-1.amazonaws.com/survey-images/b367b4a6-f508-420f-8089-6dd7492c76ae/q_box1_wet_weight_photo/JPEG_20221117_120546_1756639753.jpg,1.915,https://mavuno-files.s3-eu-west-1.amazonaws.com/survey-images/b367b4a6-f508-420f-8089-6dd7492c76ae/q_box2_wet_weight_photo/JPEG_20221117_120841_1610534546.jpg,1.825,https://mavuno-files.s3-eu-west-1.amazonaws.com/survey-images/092ab243-a427-45a0-b99b-6bf967b5c5d8/q_box1_dry_weight_photo/JPEG_20221217_064156_2087253488.jpg,1.885,https://mavuno-files.s3-eu-west-1.amazonaws.com/survey-images/092ab243-a427-45a0-b99b-6bf967b5c5d8/q_box2_dry_weight_photo/JPEG_20221217_064504_36523425.jpg,0.45625,0.47125,used box 1 and 22974,0.46375,have average yields,2022.0_105_Client_BN,0,1.1904825816356637,0.717774289260935,0.2452649176120758,,,,
a97329dc-91ca-4c73-9b75-17b5f9ef71f5,Rice,2022.0,Nigeria,https://mavuno-files.s3-eu-west-1.amazonaws.com/survey-images/63c2dd75-7388-4ba2-a915-f4e530e7428e/q_wet_harvest_photo/JPEG_20221130_114748_8672517607970522488.jpg,https://mavuno-files.s3-eu-west-1.amazonaws.com/survey-images/63c2dd75-7388-4ba2-a915-f4e530e7428e/q_harvest_bags_photo/JPEG_20221130_114814_3363117701957375323.jpg,,,https://mavuno-files.s3-eu-west-1.amazonaws.com/survey-images/57249543-ea35-45bf-a8c7-b3b0e07a4c60/q_field_photo/JPEG_20221124_154932_3035929277491171886.jpg,8.626684,8.9515626,9.45,https://mavuno-files.s3-eu-west-1.amazonaws.com/survey-images/63c2dd75-7388-4ba2-a915-f4e530e7428e/q_box1_wet_weight_photo/JPEG_20221130_114323_6265392332216693903.jpg,7.335,https://mavuno-files.s3-eu-west-1.amazonaws.com/survey-images/63c2dd75-7388-4ba2-a915-f4e530e7428e/q_box2_wet_weight_photo/JPEG_20221130_114636_3980270318818184158.jpg,5.64,https://mavuno-files.s3-eu-west-1.amazonaws.com/survey-images/143704b3-a5e9-49a1-8616-9276a27cadff/q_box1_dry_weight_photo/JPEG_20221130_115050_2857217287145987079.jpg,3.47,https://mavuno-files.s3-eu-west-1.amazonaws.com/survey-images/143704b3-a5e9-49a1-8616-9276a27cadff/q_box2_dry_weight_photo/JPEG_20221130_115240_5784229584206694475.jpg,1.41,0.8675,used box 1 and 23021,1.13875,have average yields,2022.0_169_Client_AU,1,-1.0400772845967925,-0.1645681901362674,,1.8800290822982788,,,
a9bb7f8b-e444-4267-9032-48760a9abc8f,Rice,2022.0,Nigeria,https://mavuno-files.s3-eu-west-1.amazonaws.com/survey-images/329247ba-9970-4c36-9260-5772b9d3249e/q_wet_harvest_photo/JPEG_20221026_110908_1737460616340276322.jpg,https://mavuno-files.s3-eu-west-1.amazonaws.com/survey-images/329247ba-9970-4c36-9260-5772b9d3249e/q_harvest_bags_photo/JPEG_20221026_111032_267393365095564470.jpg,,,https://mavuno-files.s3-eu-west-1.amazonaws.com/survey-images/9fedb1f7-46e5-4406-8fca-3f8f0070d4a9/q_field_photo/JPEG_20221021_141127_3356479524172094256.jpg,11.66690908,10.22407986,18.57,https://mavuno-files.s3-eu-west-1.amazonaws.com/survey-images/329247ba-9970-4c36-9260-5772b9d3249e/q_box1_wet_weight_photo/JPEG_20221026_110151_1851517722593387154.jpg,17.11,https://mavuno-files.s3-eu-west-1.amazonaws.com/survey-images/329247ba-9970-4c36-9260-5772b9d3249e/q_box2_wet_weight_photo/JPEG_20221026_110607_6539232924697084071.jpg,16.45,,15.39,https://mavuno-files.s3-eu-west-1.amazonaws.com/survey-images/b882d339-73fb-4041-b410-860e35369958/q_box2_dry_weight_photo/JPEG_20221029_091459_6443030517464435171.jpg,4.1125,3.8475,used box 1 and 23058,3.98,have average yields,2022.0_13_Client_K,2,0.6530526371839074,0.6314462464065493,,,3.411520481109619,,
a9f50167-16d2-4c76-9706-e9da9e0df551,Rice,2022.0,Nigeria,https://mavuno-files.s3-eu-west-1.amazonaws.com/survey-images/d18e0e20-f8f4-42a3-a05e-d6f591154b57/q_wet_harvest_photo/JPEG_20221117_173818_3129579322487024632.jpg,https://mavuno-files.s3-eu-west-1.amazonaws.com/survey-images/d18e0e20-f8f4-42a3-a05e-d6f591154b57/q_harvest_bags_photo/JPEG_20221117_173859_3093443946063092903.jpg,,,https://mavuno-files.s3-eu-west-1.amazonaws.com/survey-images/a733b2ca-c424-458d-bb23-b964441ac4fe/q_field_photo/JPEG_20221117_170209_893703280791421356.jpg,8.3649843,9.1181618,3.995,https://mavuno-files.s3-eu-west-1.amazonaws.com/survey-images/d18e0e20-f8f4-42a3-a05e-d6f591154b57/q_box1_wet_weight_photo/JPEG_20221117_172805_3197807148661505744.jpg,4.575,https://mavuno-files.s3-eu-west-1.amazonaws.com/survey-images/d18e0e20-f8f4-42a3-a05e-d6f591154b57/q_box2_wet_weight_photo/JPEG_20221117_173434_5881010855112957519.jpg,3.345,https://mavuno-files.s3-eu-west-1.amazonaws.com/survey-images/edb1bfc4-5186-4a85-afe2-51527dfe0101/q_box1_dry_weight_photo/JPEG_20221117_174330_5995710674223976357.jpg,4.11,https://mavuno-files.s3-eu-west-1.amazonaws.com/survey-images/edb1bfc4-5186-4a85-afe2-51527dfe0101/q_box2_dry_weight_photo/JPEG_20221117_174437_8489960388755550065.jpg,0.83625,1.0275,used box 1 and 23085,0.931875,have average yields,2022.0_173_Client_AU,2,-1.1858203072124176,-0.0603532042299206,,,-0.0859955549240112,,
aa057a73-c426-487b-a808-61a8549db297,Rice,2022.0,Nigeria,https://mavuno-files.s3-eu-west-1.amazonaws.com/survey-images/58e1dc60-a455-489e-b459-2a5770c59c3c/q_wet_harvest_photo/JPEG_20221023_102507_4684526797680685322.jpg,https://mavuno-files.s3-eu-west-1.amazonaws.com/survey-images/58e1dc60-a455-489e-b459-2a5770c59c3c/q_harvest_bags_photo/JPEG_20221023_102523_8936694180159561544.jpg,,,https://mavuno-files.s3-eu-west-1.amazonaws.com/survey-images/936e07b5-890c-4316-bce5-003b4177015b/q_field_photo/JPEG_20221023_095609_403463026407148904.jpg,11.84641734,9.963159263,14.2,https://mavuno-files.s3-eu-west-1.amazonaws.com/survey-images/58e1dc60-a455-489e-b459-2a5770c59c3c/q_box1_wet_weight_photo/JPEG_20221023_102200_4058829961433915719.jpg,13.82,https://mavuno-files.s3-eu-west-1.amazonaws.com/survey-images/58e1dc60-a455-489e-b459-2a5770c59c3c/q_box2_wet_weight_photo/JPEG_20221023_102315_2076644802660601126.jpg,12.72,https://mavuno-files.s3-eu-west-1.amazonaws.com/survey-images/2745d064-7b4e-4257-8e50-4c080ece744d/q_box1_dry_weight_photo/JPEG_20221124_120319_7285116613128872381.jpg,11.75,https://mavuno-files.s3-eu-west-1.amazonaws.com/survey-images/2745d064-7b4e-4257-8e50-4c080ece744d/q_box2_dry_weight_photo/JPEG_20221124_120451_1641657903040664367.jpg,3.18,2.9375,used box 1 and 23100,3.05875,have average yields,2022.0_113_Client_K,0,0.7530224743555651,0.4682291580950158,2.77205491065979,,,,
aa1a5313-7a5e-487b-a3d9-73885dce15f8,Rice,2022.0,Nigeria,,,,,https://mavuno-files.s3-eu-west-1.amazonaws.com/survey-images/6004d345-6b4e-4edf-8b9c-b8b1d462f92b/q_field_photo/JPEG_20221023_150218_6548808097515377967.jpg,12.3124467,9.6494717,0.0,,0.0,,0.0,,0.0,,0.0,0.0,used box 1 and 23113,0.0,have average yields,2022.0_53_Client_BY,4,1.0125586050963555,0.2720040564316131,,,,,0.24407179653644562
aa5a5ea2-05ec-4d14-b1e9-55429d15e42c,Rice,2022.0,Nigeria,https://mavuno-files.s3-eu-west-1.amazonaws.com/survey-images/761a6c5f-a27d-4d61-abff-35f12cc77f37/q_wet_harvest_photo/JPEG_20221025_143336_6145959225892388978.jpg,https://mavuno-files.s3-eu-west-1.amazonaws.com/survey-images/761a6c5f-a27d-4d61-abff-35f12cc77f37/q_harvest_bags_photo/JPEG_20221025_143434_5493161840789786950.jpg,,,https://mavuno-files.s3-eu-west-1.amazonaws.com/survey-images/cb2c7498-cb2c-478d-a133-733bdbc66483/q_field_photo/JPEG_20221020_090431_8158786910046220230.jpg,12.25520075,10.32641787,17.21,https://mavuno-files.s3-eu-west-1.amazonaws.com/survey-images/761a6c5f-a27d-4d61-abff-35f12cc77f37/q_box1_wet_weight_photo/JPEG_20221025_142646_5874802965467283699.jpg,17.03,https://mavuno-files.s3-eu-west-1.amazonaws.com/survey-images/761a6c5f-a27d-4d61-abff-35f12cc77f37/q_box2_wet_weight_photo/JPEG_20221025_142957_2709486980421326477.jpg,15.3,https://mavuno-files.s3-eu-west-1.amazonaws.com/survey-images/38f21a43-2634-4f75-ab14-10d99ebdb54e/q_box1_dry_weight_photo/JPEG_20221129_144716_1876934834268713310.jpg,16.44,https://mavuno-files.s3-eu-west-1.amazonaws.com/survey-images/38f21a43-2634-4f75-ab14-10d99ebdb54e/q_box2_dry_weight_photo/JPEG_20221129_144806_2442205278253643155.jpg,3.825,4.11,used box 1 and 23153,3.9675,have average yields,2022.0_13_Client_K,3,0.9806777974932018,0.6954630860422362,,,,4.195547580718994,
ab074a62-9cb3-4f6f-ae1d-c3177f6b9681,Rice,2022.0,Nigeria,https://mavuno-files.s3-eu-west-1.amazonaws.com/survey-images/05b17f18-4e63-4971-adb4-b06059e08f1a/q_wet_harvest_photo/JPEG_20221105_115022_6053571417976937378.jpg,https://mavuno-files.s3-eu-west-1.amazonaws.com/survey-images/05b17f18-4e63-4971-adb4-b06059e08f1a/q_harvest_bags_photo/JPEG_20221105_115156_5009127746341878648.jpg,,,https://mavuno-files.s3-eu-west-1.amazonaws.com/survey-images/5f35ab14-4429-463a-bf3d-279da16e0573/q_field_photo/JPEG_20221025_115745_6474399491426626817.jpg,8.5672575,8.4254585,4.97,https://mavuno-files.s3-eu-west-1.amazonaws.com/survey-images/05b17f18-4e63-4971-adb4-b06059e08f1a/q_box1_wet_weight_photo/JPEG_20221105_113813_977449899364079179.jpg,4.905,https://mavuno-files.s3-eu-west-1.amazonaws.com/survey-images/05b17f18-4e63-4971-adb4-b06059e08f1a/q_box2_wet_weight_photo/JPEG_20221105_114338_9102157209178558092.jpg,3.73,https://mavuno-files.s3-eu-west-1.amazonaws.com/survey-images/53f2b0b4-2325-47b4-894b-8e807ae3b64a/q_box1_dry_weight_photo/JPEG_20221105_115639_1069037849712149005.jpg,2.805,https://mavuno-files.s3-eu-west-1.amazonaws.com/survey-images/53f2b0b4-2325-47b4-894b-8e807ae3b64a/q_box2_dry_weight_photo/JPEG_20221105_115940_4445743404079715913.jpg,0.9325,0.70125,used box 1 and 23242,0.816875,have average yields,2022.0_169_Client_AU,0,-1.0731724609896858,-0.4936689983440611,0.487991601228714,,,,
ab20f28a-987b-48ee-bbf4-8e7cabf1d8b8,Rice,2022.0,Nigeria,https://mavuno-files.s3-eu-west-1.amazonaws.com/survey-images/57d0ee77-9f80-4400-9218-dedf71f945bc/q_wet_harvest_photo/JPEG_20220830_125319_1828395921825172181.jpg,https://mavuno-files.s3-eu-west-1.amazonaws.com/survey-images/57d0ee77-9f80-4400-9218-dedf71f945bc/q_harvest_bags_photo/JPEG_20220830_125339_49471555778376818.jpg,,,https://mavuno-files.s3-eu-west-1.amazonaws.com/survey-images/ffc4444a-0390-4129-acac-bfe2089ee7a7/q_field_photo/JPEG_20220830_112801_3888313022941421971.jpg,6.4503074,8.5149403,1.565,https://mavuno-files.s3-eu-west-1.amazonaws.com/survey-images/57d0ee77-9f80-4400-9218-dedf71f945bc/q_box1_wet_weight_photo/JPEG_20220830_125047_4348149606108343194.jpg,1.435,https://mavuno-files.s3-eu-west-1.amazonaws.com/survey-images/57d0ee77-9f80-4400-9218-dedf71f945bc/q_box2_wet_weight_photo/JPEG_20220830_125245_9061204713839258703.jpg,1.39,https://mavuno-files.s3-eu-west-1.amazonaws.com/survey-images/72528564-78c4-402b-aa9a-fa6bee1d872e/q_box1_dry_weight_photo/JPEG_20220921_163516_3379306454379366707.jpg,1.33,https://mavuno-files.s3-eu-west-1.amazonaws.com/survey-images/72528564-78c4-402b-aa9a-fa6bee1d872e/q_box2_dry_weight_photo/JPEG_20220921_163617_4771385529304649789.jpg,0.3475,0.3325,used box 1 and 23255,0.34,have average yields,2022.0_98_Client_AY,4,-2.252121868652175,-0.4376942726198403,,,,,0.12579363584518433
abfa989a-6c3b-4b57-bfee-adba74b3eb79,Rice,2022.0,Nigeria,https://mavuno-files.s3-eu-west-1.amazonaws.com/survey-images/47fc97ea-bdc5-48f7-9361-41513011c7c8/q_wet_harvest_photo/JPEG_20221022_095736_1490385453697363095.jpg,https://mavuno-files.s3-eu-west-1.amazonaws.com/survey-images/47fc97ea-bdc5-48f7-9361-41513011c7c8/q_harvest_bags_photo/JPEG_20221022_095744_3730229459663013967.jpg,,,https://mavuno-files.s3-eu-west-1.amazonaws.com/survey-images/454bc4fe-43ba-4fc2-995e-60c4fdcf3f58/q_field_photo/JPEG_20221022_094333_9170278335138225428.jpg,11.85175047,9.95304767,13.93,https://mavuno-files.s3-eu-west-1.amazonaws.com/survey-images/47fc97ea-bdc5-48f7-9361-41513011c7c8/q_box1_wet_weight_photo/JPEG_20221022_095454_99791183401716518.jpg,13.73,https://mavuno-files.s3-eu-west-1.amazonaws.com/survey-images/47fc97ea-bdc5-48f7-9361-41513011c7c8/q_box2_wet_weight_photo/JPEG_20221022_095644_2753819275487377432.jpg,10.97,https://mavuno-files.s3-eu-west-1.amazonaws.com/survey-images/37f8772f-eee4-4f30-bce9-22d1008bbe54/q_box1_dry_weight_photo/JPEG_20221115_081504_6695536273943022659.jpg,10.8,https://mavuno-files.s3-eu-west-1.amazonaws.com/survey-images/37f8772f-eee4-4f30-bce9-22d1008bbe54/q_box2_dry_weight_photo/JPEG_20221115_081640_1253207592177926828.jpg,2.7425,2.7,used box 1 and 23368,2.72125,have average yields,2022.0_113_Client_K,2,0.7559925445780458,0.4619039205069261,,,2.944843292236328,,
ac496a23-e764-49f0-bb5f-0adc7ade7d2c,Rice,2022.0,Nigeria,,,,,https://mavuno-files.s3-eu-west-1.amazonaws.com/survey-images/11f39283-bd99-4d14-b211-b0672674d4ad/q_field_photo/JPEG_20221019_105020_1434045416.jpg,12.6404538,10.310962,16.14,,16.65,,16.1,,16.64,,4.025,4.16,used box 1 and 23411,4.0925,have average yields,2022.0_105_Client_BS,1,1.1952288419876689,0.6857947726636583,,3.531002283096313,,,
adba5105-8b3b-47e6-aa37-63fd852db44e,Rice,2022.0,Nigeria,https://mavuno-files.s3-eu-west-1.amazonaws.com/survey-images/24d56511-0c3f-4174-ba3b-7e6834097bf4/q_wet_harvest_photo/JPEG_20221017_110621_3959378303315313872.jpg,https://mavuno-files.s3-eu-west-1.amazonaws.com/survey-images/24d56511-0c3f-4174-ba3b-7e6834097bf4/q_harvest_bags_photo/JPEG_20221017_110629_105025409577158739.jpg,,,https://mavuno-files.s3-eu-west-1.amazonaws.com/survey-images/e02af92c-da81-485f-8dfd-c40aee5dbe7b/q_field_photo/JPEG_20221017_100450_7141097006943112188.jpg,12.06292647,9.631848782,14.65,https://mavuno-files.s3-eu-west-1.amazonaws.com/survey-images/24d56511-0c3f-4174-ba3b-7e6834097bf4/q_box1_wet_weight_photo/JPEG_20221017_110345_4820320565219786235.jpg,15.33,https://mavuno-files.s3-eu-west-1.amazonaws.com/survey-images/24d56511-0c3f-4174-ba3b-7e6834097bf4/q_box2_wet_weight_photo/JPEG_20221017_110511_381189143458697904.jpg,11.95,https://mavuno-files.s3-eu-west-1.amazonaws.com/survey-images/ae81f311-2df9-4f9f-bb79-dd5d8ee28f94/q_box1_dry_weight_photo/JPEG_20221202_094042_6491413944026055395.jpg,12.52,https://mavuno-files.s3-eu-west-1.amazonaws.com/survey-images/ae81f311-2df9-4f9f-bb79-dd5d8ee28f94/q_box2_dry_weight_photo/JPEG_20221202_094134_1124499629734810907.jpg,2.9875,3.13,used box 1 and 23609,3.05875,have average yields,2022.0_56_Client_K,4,0.873598443797179,0.260980161052772,,,,,4.112343788146973
adc9a0b5-657a-443d-9a48-ec5a9cab83dd,Rice,2022.0,Nigeria,https://mavuno-files.s3-eu-west-1.amazonaws.com/survey-images/fcb7f3ca-2f05-4d47-8cf6-b198b7e3a8de/q_wet_harvest_photo/JPEG_20221021_180519_2747186982044918682.jpg,https://mavuno-files.s3-eu-west-1.amazonaws.com/survey-images/fcb7f3ca-2f05-4d47-8cf6-b198b7e3a8de/q_harvest_bags_photo/JPEG_20221021_180535_2402175572295590295.jpg,,,https://mavuno-files.s3-eu-west-1.amazonaws.com/survey-images/5e9aab7b-5f5c-4c71-982f-4015c6ccc485/q_field_photo/JPEG_20221021_164853_6817477148087790284.jpg,11.77855385,9.61709965,15.81,https://mavuno-files.s3-eu-west-1.amazonaws.com/survey-images/fcb7f3ca-2f05-4d47-8cf6-b198b7e3a8de/q_box1_wet_weight_photo/JPEG_20221021_180235_568409611697757411.jpg,15.99,https://mavuno-files.s3-eu-west-1.amazonaws.com/survey-images/fcb7f3ca-2f05-4d47-8cf6-b198b7e3a8de/q_box2_wet_weight_photo/JPEG_20221021_180457_327451175624882088.jpg,12.59,https://mavuno-files.s3-eu-west-1.amazonaws.com/survey-images/4184ec19-7449-4490-92e9-cb9458405c96/q_box1_dry_weight_photo/JPEG_20221103_170250_6198177037312840570.jpg,12.68,https://mavuno-files.s3-eu-west-1.amazonaws.com/survey-images/4184ec19-7449-4490-92e9-cb9458405c96/q_box2_dry_weight_photo/JPEG_20221103_170346_3639986830290465901.jpg,3.1475,3.17,used box 1 and 23619,3.15875,have average yields,2022.0_56_Client_K,4,0.7152286589333642,0.2517539427785493,,,,,2.8674495220184326
add53025-430f-43ec-949c-2429d84ce5a9,Rice,2022.0,Nigeria,https://mavuno-files.s3-eu-west-1.amazonaws.com/survey-images/30ed35d1-7114-4ba8-9ab1-3d686f5fed15/q_wet_harvest_photo/JPEG_20221201_130052_5372313599910813423.jpg,https://mavuno-files.s3-eu-west-1.amazonaws.com/survey-images/30ed35d1-7114-4ba8-9ab1-3d686f5fed15/q_harvest_bags_photo/JPEG_20221201_130106_1180956850601385865.jpg,,,https://mavuno-files.s3-eu-west-1.amazonaws.com/survey-images/ac771cec-54ae-4395-abee-6412693d03a7/q_field_photo/JPEG_20221016_123453_7843215279020458718.jpg,7.5871553,8.1389951,1.8,https://mavuno-files.s3-eu-west-1.amazonaws.com/survey-images/30ed35d1-7114-4ba8-9ab1-3d686f5fed15/q_box1_wet_weight_photo/JPEG_20221201_125745_2151824868329106926.jpg,0.765,https://mavuno-files.s3-eu-west-1.amazonaws.com/survey-images/30ed35d1-7114-4ba8-9ab1-3d686f5fed15/q_box2_wet_weight_photo/JPEG_20221201_125908_7405768295067606394.jpg,1.625,https://mavuno-files.s3-eu-west-1.amazonaws.com/survey-images/f18d347a-8462-441c-9b9e-eba239fa1413/q_box1_dry_weight_photo/JPEG_20221201_130344_4530218614403485176.jpg,0.745,https://mavuno-files.s3-eu-west-1.amazonaws.com/survey-images/f18d347a-8462-441c-9b9e-eba239fa1413/q_box2_dry_weight_photo/JPEG_20221201_130447_2591958787513084047.jpg,0.40625,0.18625,used box 1 and 23623,0.29625,have average yields,2022.0_135_Client_AU,3,-1.619000588038454,-0.6728642117285449,,,,0.6056202054023743,
ae73a01a-10a0-4a70-96d4-153672691c78,Rice,2022.0,Nigeria,https://mavuno-files.s3-eu-west-1.amazonaws.com/survey-images/8dfec8fa-e9e6-4f15-bd07-09eca477bf32/q_wet_harvest_photo/JPEG_20221018_083320_1395191484.jpg,https://mavuno-files.s3-eu-west-1.amazonaws.com/survey-images/8dfec8fa-e9e6-4f15-bd07-09eca477bf32/q_harvest_bags_photo/JPEG_20221018_083350_503789092.jpg,,,https://mavuno-files.s3-eu-west-1.amazonaws.com/survey-images/7cb09645-25b7-4b9e-a35c-9453af1330b9/q_field_photo/JPEG_20221017_161927_6232516179872309157.jpg,11.87148474,9.956214018,14.18,https://mavuno-files.s3-eu-west-1.amazonaws.com/survey-images/8dfec8fa-e9e6-4f15-bd07-09eca477bf32/q_box1_wet_weight_photo/JPEG_20221018_083124_78880341.jpg,14.66,https://mavuno-files.s3-eu-west-1.amazonaws.com/survey-images/8dfec8fa-e9e6-4f15-bd07-09eca477bf32/q_box2_wet_weight_photo/JPEG_20221018_083229_1244672764.jpg,11.82,https://mavuno-files.s3-eu-west-1.amazonaws.com/survey-images/80a92fb8-a82e-42d2-8f01-0c273f8f0740/q_box1_dry_weight_photo/JPEG_20221203_141951_2071075089.jpg,12.03,https://mavuno-files.s3-eu-west-1.amazonaws.com/survey-images/80a92fb8-a82e-42d2-8f01-0c273f8f0740/q_box2_dry_weight_photo/JPEG_20221203_142050_1365048830.jpg,2.955,3.0075,used box 1 and 23729,2.98125,have average yields,2022.0_113_Client_K,1,0.7669827450211977,0.463884607762295,,2.029327869415283,,,
aea2e331-b1bb-4253-a720-c6df3ecb535d,Rice,2022.0,Nigeria,https://mavuno-files.s3-eu-west-1.amazonaws.com/survey-images/a8cb4dd4-1577-4c42-9095-5255507b66c4/q_wet_harvest_photo/JPEG_20221128_152155_494614587973929502.jpg,https://mavuno-files.s3-eu-west-1.amazonaws.com/survey-images/a8cb4dd4-1577-4c42-9095-5255507b66c4/q_harvest_bags_photo/JPEG_20221128_152235_1450123867322968898.jpg,,,https://mavuno-files.s3-eu-west-1.amazonaws.com/survey-images/89ff25e4-8872-44d3-b65d-ae08eb142a79/q_field_photo/JPEG_20221128_133209_4150295711287328221.jpg,10.0029608,11.1698295,3.47,https://mavuno-files.s3-eu-west-1.amazonaws.com/survey-images/a8cb4dd4-1577-4c42-9095-5255507b66c4/q_box1_wet_weight_photo/JPEG_20221128_151601_4912553573333913964.jpg,3.405,https://mavuno-files.s3-eu-west-1.amazonaws.com/survey-images/a8cb4dd4-1577-4c42-9095-5255507b66c4/q_box2_wet_weight_photo/JPEG_20221128_151921_3740042936942444267.jpg,3.165,https://mavuno-files.s3-eu-west-1.amazonaws.com/survey-images/50fdfbd7-9fae-43ef-b197-c846bc6faca6/q_box1_dry_weight_photo/JPEG_20221202_122606_3903203302794940115.jpg,3.075,https://mavuno-files.s3-eu-west-1.amazonaws.com/survey-images/50fdfbd7-9fae-43ef-b197-c846bc6faca6/q_box2_dry_weight_photo/JPEG_20221202_123028_8309799815748630909.jpg,0.79125,0.76875,used box 1 and 23749,0.78,have average yields,2022.0_200_Client_S,2,-0.2736157992081535,1.2230534414202916,,,0.6226783394813538,,
afaa5ddf-8be9-44e8-9654-000e25ccf703,Rice,2022.0,Nigeria,https://mavuno-files.s3-eu-west-1.amazonaws.com/survey-images/2226f507-afb0-4cde-8104-9ffff129fea0/q_wet_harvest_photo/JPEG_20221214_101334_2549134907433660581.jpg,https://mavuno-files.s3-eu-west-1.amazonaws.com/survey-images/2226f507-afb0-4cde-8104-9ffff129fea0/q_harvest_bags_photo/JPEG_20221214_101353_223278578726034523.jpg,,,https://mavuno-files.s3-eu-west-1.amazonaws.com/survey-images/4821a4bd-cb7b-4a90-9df2-b764c1015103/q_field_photo/JPEG_20221025_131923_2774460599624378233.jpg,7.78027,8.577295,3.53,https://mavuno-files.s3-eu-west-1.amazonaws.com/survey-images/2226f507-afb0-4cde-8104-9ffff129fea0/q_box1_wet_weight_photo/JPEG_20221214_101136_3717432151992604720.jpg,3.51,https://mavuno-files.s3-eu-west-1.amazonaws.com/survey-images/2226f507-afb0-4cde-8104-9ffff129fea0/q_box2_wet_weight_photo/JPEG_20221214_101255_4155036400074351265.jpg,3.07,https://mavuno-files.s3-eu-west-1.amazonaws.com/survey-images/88d81b15-03b0-411f-8b36-57da9d6e225e/q_box1_dry_weight_photo/JPEG_20221214_101607_2612558554166669620.jpg,3.29,https://mavuno-files.s3-eu-west-1.amazonaws.com/survey-images/88d81b15-03b0-411f-8b36-57da9d6e225e/q_box2_dry_weight_photo/JPEG_20221214_101710_6311930986887020700.jpg,0.7675,0.8225,used box 1 and 23893,0.795,have average yields,2022.0_106_Client_AU,3,-1.5114531965454192,-0.3986887180811957,,,,0.9516801834106444,
afe5c73f-d9c5-4d51-a49b-8cfe81ccb7bb,Rice,2022.0,Nigeria,,,,,https://mavuno-files.s3-eu-west-1.amazonaws.com/survey-images/6b91658a-3746-40ef-9ae3-642546336627/q_field_photo/JPEG_20221014_115414_2943530970388726167.jpg,7.9339416,8.1765496,0.0,,0.0,,0.0,,0.0,,0.0,0.0,used box 1 and 23924,0.0,have average yields,2022.0_101_Client_AU,1,-1.4258720381635817,-0.6493722520539498,,0.1317054033279419,,,
aff0a244-0f61-4948-8663-f00b2ebed9af,Rice,2022.0,Nigeria,https://mavuno-files.s3-eu-west-1.amazonaws.com/survey-images/404be16d-294d-48e2-a11e-7035d62b9a5e/q_wet_harvest_photo/JPEG_20221019_095802_3418655502836371074.jpg,https://mavuno-files.s3-eu-west-1.amazonaws.com/survey-images/404be16d-294d-48e2-a11e-7035d62b9a5e/q_harvest_bags_photo/JPEG_20221019_095840_8785649692372756339.jpg,,,https://mavuno-files.s3-eu-west-1.amazonaws.com/survey-images/218cbf21-fefc-43aa-80b2-8eff8cd11469/q_field_photo/JPEG_20221019_094351_2109354771528744886.jpg,12.3285482,9.9307501,0.0,,0.0,,0.0,,0.0,,0.0,0.0,used box 1 and 23931,0.0,have average yields,2022.0_53_Client_BY,2,1.021525681782517,0.4479558286595709,,,0.1042355895042419,,
b0140b16-ff5e-440b-a2d7-6edb49926a0d,Rice,2022.0,Nigeria,https://mavuno-files.s3-eu-west-1.amazonaws.com/survey-images/032551ab-b5d4-40a9-a8b9-0315348d0d8a/q_wet_harvest_photo/JPEG_20221018_104005_4319418887633042659.jpg,https://mavuno-files.s3-eu-west-1.amazonaws.com/survey-images/032551ab-b5d4-40a9-a8b9-0315348d0d8a/q_harvest_bags_photo/JPEG_20221018_104019_2240814866295898312.jpg,,,https://mavuno-files.s3-eu-west-1.amazonaws.com/survey-images/7eaf0f89-236f-4fe6-82e8-38d3ff8cc8b5/q_field_photo/JPEG_20221018_094112_2761632894286048492.jpg,11.53055003,8.967964165,16.94,https://mavuno-files.s3-eu-west-1.amazonaws.com/survey-images/032551ab-b5d4-40a9-a8b9-0315348d0d8a/q_box1_wet_weight_photo/JPEG_20221018_103635_5312849484843649380.jpg,15.55,https://mavuno-files.s3-eu-west-1.amazonaws.com/survey-images/032551ab-b5d4-40a9-a8b9-0315348d0d8a/q_box2_wet_weight_photo/JPEG_20221018_103744_579242711081511345.jpg,13.51,https://mavuno-files.s3-eu-west-1.amazonaws.com/survey-images/19a3b240-eaf8-4f04-b079-f28d8c1a7e56/q_box1_dry_weight_photo/JPEG_20221101_153808_6211251248946594973.jpg,12.11,https://mavuno-files.s3-eu-west-1.amazonaws.com/survey-images/19a3b240-eaf8-4f04-b079-f28d8c1a7e56/q_box2_dry_weight_photo/JPEG_20221101_153857_690309750163415256.jpg,3.3775,3.0275,used box 1 and 23947,3.2025,have average yields,2022.0_201_Client_K,2,0.5771130006157525,-0.1543083037423535,,,3.063461780548096,,
b0a2f229-4751-48ac-837d-69f54a11684b,Rice,2022.0,Nigeria,https://mavuno-files.s3-eu-west-1.amazonaws.com/survey-images/3ab0d7d6-e7cc-4d84-9c7e-cd0ba6fa323c/q_wet_harvest_photo/JPEG_20221129_145758_4130241157875897826.jpg,https://mavuno-files.s3-eu-west-1.amazonaws.com/survey-images/3ab0d7d6-e7cc-4d84-9c7e-cd0ba6fa323c/q_harvest_bags_photo/JPEG_20221129_145816_8425429238434202432.jpg,,,https://mavuno-files.s3-eu-west-1.amazonaws.com/survey-images/3e93d312-b6ee-4c39-8506-d8ee562ab4f5/q_field_photo/JPEG_20221124_114803_2663317712673135611.jpg,8.5858604,8.8224685,8.165,https://mavuno-files.s3-eu-west-1.amazonaws.com/survey-images/3ab0d7d6-e7cc-4d84-9c7e-cd0ba6fa323c/q_box1_wet_weight_photo/JPEG_20221129_145215_4505397079360886792.jpg,5.86,https://mavuno-files.s3-eu-west-1.amazonaws.com/survey-images/3ab0d7d6-e7cc-4d84-9c7e-cd0ba6fa323c/q_box2_wet_weight_photo/JPEG_20221129_145529_8545344924450786142.jpg,4.505,https://mavuno-files.s3-eu-west-1.amazonaws.com/survey-images/628c4359-8944-47f7-9f32-b7c4b90c5463/q_box1_dry_weight_photo/JPEG_20221129_150036_2524220035736327211.jpg,3.735,https://mavuno-files.s3-eu-west-1.amazonaws.com/survey-images/628c4359-8944-47f7-9f32-b7c4b90c5463/q_box2_dry_weight_photo/JPEG_20221129_150236_8369098844769373465.jpg,1.12625,0.93375,used box 1 and 24044,1.03,have average yields,2022.0_169_Client_AU,2,-1.0628123311331512,-0.2453221181989038,,,1.17354416847229,,
b1246243-c26a-4903-8ba1-bacc4ad833c1,Rice,2022.0,Nigeria,https://mavuno-files.s3-eu-west-1.amazonaws.com/survey-images/48016330-b187-4b7c-91b5-16d050a2081e/q_wet_harvest_photo/JPEG_20221018_152105_7985217078478077988.jpg,https://mavuno-files.s3-eu-west-1.amazonaws.com/survey-images/48016330-b187-4b7c-91b5-16d050a2081e/q_harvest_bags_photo/JPEG_20221018_152111_5652819075205141928.jpg,,,https://mavuno-files.s3-eu-west-1.amazonaws.com/survey-images/7a1e3279-7ead-4d38-b571-27b366669c03/q_field_photo/JPEG_20221018_145916_3580407551597378108.jpg,11.389384,9.532304294,15.47,https://mavuno-files.s3-eu-west-1.amazonaws.com/survey-images/48016330-b187-4b7c-91b5-16d050a2081e/q_box1_wet_weight_photo/JPEG_20221018_151859_5996106185286131968.jpg,14.79,https://mavuno-files.s3-eu-west-1.amazonaws.com/survey-images/48016330-b187-4b7c-91b5-16d050a2081e/q_box2_wet_weight_photo/JPEG_20221018_151954_8674869529912558282.jpg,13.81,https://mavuno-files.s3-eu-west-1.amazonaws.com/survey-images/dafb20ec-a2d1-454f-b7aa-30f3ba0c3097/q_box1_dry_weight_photo/JPEG_20221030_075604_5922410302038174890.jpg,12.2,https://mavuno-files.s3-eu-west-1.amazonaws.com/survey-images/dafb20ec-a2d1-454f-b7aa-30f3ba0c3097/q_box2_dry_weight_photo/JPEG_20221030_075704_3252849861574932888.jpg,3.4525,3.05,used box 1 and 24110,3.25125,have average yields,2022.0_7_Client_K,1,0.4984963117053403,0.1987107899274922,,3.2775089740753174,,,
b1a12273-b565-4bf3-97fd-f55b360775f9,Rice,2022.0,Nigeria,https://mavuno-files.s3-eu-west-1.amazonaws.com/survey-images/1063fb79-ea4c-4992-8034-56787a658a6f/q_wet_harvest_photo/JPEG_20221027_141920_5763977339596284293.jpg,https://mavuno-files.s3-eu-west-1.amazonaws.com/survey-images/1063fb79-ea4c-4992-8034-56787a658a6f/q_harvest_bags_photo/JPEG_20221027_142029_6043607886156835454.jpg,,,https://mavuno-files.s3-eu-west-1.amazonaws.com/survey-images/2dbf8bce-5d7a-4f9f-b32d-cfd08a69daf2/q_field_photo/JPEG_20221022_162046_6869069775364221753.jpg,10.6900862,11.4830049,12.27,https://mavuno-files.s3-eu-west-1.amazonaws.com/survey-images/1063fb79-ea4c-4992-8034-56787a658a6f/q_box1_wet_weight_photo/JPEG_20221027_141228_5020758147491187211.jpg,10.24,https://mavuno-files.s3-eu-west-1.amazonaws.com/survey-images/1063fb79-ea4c-4992-8034-56787a658a6f/q_box2_wet_weight_photo/JPEG_20221027_141624_2658139271209499659.jpg,10.15,https://mavuno-files.s3-eu-west-1.amazonaws.com/survey-images/8271962f-8dd8-4d37-a0d5-7d0f3f6413b5/q_box1_dry_weight_photo/JPEG_20221027_142500_3650221183566139539.jpg,8.845,https://mavuno-files.s3-eu-west-1.amazonaws.com/survey-images/8271962f-8dd8-4d37-a0d5-7d0f3f6413b5/q_box2_dry_weight_photo/JPEG_20221027_142748_7845899630716190920.jpg,2.5375,2.21125,used box 1 and 24176,2.374375,have average yields,2022.0_200_Client_S,3,0.1090507942650937,1.418958163034889,,,,0.3967772424221039,
b20114e3-390a-431f-9c9c-e0eac851e839,Rice,2022.0,Nigeria,https://mavuno-files.s3-eu-west-1.amazonaws.com/survey-images/1fef9ab3-db31-4232-b250-0bd59e1ab6fb/q_wet_harvest_photo/JPEG_20221120_134043_3768513682810408689.jpg,https://mavuno-files.s3-eu-west-1.amazonaws.com/survey-images/1fef9ab3-db31-4232-b250-0bd59e1ab6fb/q_harvest_bags_photo/JPEG_20221120_134136_2386261136931981899.jpg,,,https://mavuno-files.s3-eu-west-1.amazonaws.com/survey-images/24a76bb8-b253-44e9-9a28-eaf4d99e243d/q_field_photo/JPEG_20221104_083933_5031019697914668362.jpg,9.8647615,6.7239217,10.24,https://mavuno-files.s3-eu-west-1.amazonaws.com/survey-images/1fef9ab3-db31-4232-b250-0bd59e1ab6fb/q_box1_wet_weight_photo/JPEG_20221120_133839_3462576560045831364.jpg,10.1,https://mavuno-files.s3-eu-west-1.amazonaws.com/survey-images/1fef9ab3-db31-4232-b250-0bd59e1ab6fb/q_box2_wet_weight_photo/JPEG_20221120_134008_8425294326093549460.jpg,9.435,https://mavuno-files.s3-eu-west-1.amazonaws.com/survey-images/ba893575-0029-40ee-9cd7-1b73f177a1d4/q_box1_dry_weight_photo/JPEG_20221120_134430_3850811931870962422.jpg,9.355,https://mavuno-files.s3-eu-west-1.amazonaws.com/survey-images/ba893575-0029-40ee-9cd7-1b73f177a1d4/q_box2_dry_weight_photo/JPEG_20221120_134612_4647852949127246500.jpg,2.35875,2.33875,used box 1 and 24225,2.34875,have average yields,2022.0_17_Client_P,2,-0.3505802882976085,-1.5580536630431223,,,1.8980462551116943,,
b21e939f-d6dd-4277-b795-1b5954217f10,Rice,2022.0,Nigeria,https://mavuno-files.s3-eu-west-1.amazonaws.com/survey-images/e6ac3a03-fa49-487c-8ee3-5c99dbb0b1cc/q_wet_harvest_photo/JPEG_20221217_114036_3339798415651272770.jpg,https://mavuno-files.s3-eu-west-1.amazonaws.com/survey-images/e6ac3a03-fa49-487c-8ee3-5c99dbb0b1cc/q_harvest_bags_photo/JPEG_20221217_114045_2518134680028723829.jpg,,,https://mavuno-files.s3-eu-west-1.amazonaws.com/survey-images/a5ecd6aa-779e-4ee0-985c-4fb65b0c9460/q_field_photo/JPEG_20221217_104018_4968440598062726984.jpg,7.8255338,8.676368,6.245,https://mavuno-files.s3-eu-west-1.amazonaws.com/survey-images/e6ac3a03-fa49-487c-8ee3-5c99dbb0b1cc/q_box1_wet_weight_photo/JPEG_20221217_113753_6190114853713819428.jpg,6.65,https://mavuno-files.s3-eu-west-1.amazonaws.com/survey-images/e6ac3a03-fa49-487c-8ee3-5c99dbb0b1cc/q_box2_wet_weight_photo/JPEG_20221217_113953_8476942784339488518.jpg,5.62,https://mavuno-files.s3-eu-west-1.amazonaws.com/survey-images/353b9f68-93a6-4664-ba75-8dd8fe8d42e2/q_box1_dry_weight_photo/JPEG_20221217_114221_5353696784883113105.jpg,5.915,https://mavuno-files.s3-eu-west-1.amazonaws.com/survey-images/353b9f68-93a6-4664-ba75-8dd8fe8d42e2/q_box2_dry_weight_photo/JPEG_20221217_114312_4125925507985221401.jpg,1.405,1.47875,used box 1 and 24250,1.441875,have average yields,2022.0_106_Client_AU,3,-1.4862453608961268,-0.3367142830376922,,,,1.1702991724014282,
b22e1026-c7f9-412d-bc49-1c45a47c3935,Rice,2022.0,Nigeria,https://mavuno-files.s3-eu-west-1.amazonaws.com/survey-images/b214978b-ac63-41c2-a6c5-b20eb07dc8dc/q_wet_harvest_photo/JPEG_20220720_074526_8530556521600725509.jpg,https://mavuno-files.s3-eu-west-1.amazonaws.com/survey-images/b214978b-ac63-41c2-a6c5-b20eb07dc8dc/q_harvest_bags_photo/JPEG_20220720_074558_8435731246168542322.jpg,,,https://mavuno-files.s3-eu-west-1.amazonaws.com/survey-images/3f7b58f2-cab2-4c58-9a54-f4ec70c0666d/q_field_photo/JPEG_20220718_100602_1439880126890389654.jpg,12.5929075,10.5354694,4.86,https://mavuno-files.s3-eu-west-1.amazonaws.com/survey-images/b214978b-ac63-41c2-a6c5-b20eb07dc8dc/q_box1_wet_weight_photo/JPEG_20220720_074303_6337613366656608423.jpg,4.935,https://mavuno-files.s3-eu-west-1.amazonaws.com/survey-images/b214978b-ac63-41c2-a6c5-b20eb07dc8dc/q_box2_wet_weight_photo/JPEG_20220720_074416_2230601065816061774.jpg,4.84,https://mavuno-files.s3-eu-west-1.amazonaws.com/survey-images/b6fd6660-5dbb-454c-b0cd-5eadae138cf9/q_box1_dry_weight_photo/JPEG_20220814_111756_6915015348594657741.jpg,4.9,https://mavuno-files.s3-eu-west-1.amazonaws.com/survey-images/b6fd6660-5dbb-454c-b0cd-5eadae138cf9/q_box2_dry_weight_photo/JPEG_20220814_112006_517726262124283340.jpg,1.21,1.225,used box 1 and 24254,1.2175,have average yields,2022.0_105_Client_BW,0,1.16874986063542,0.8262338355575424,0.6430624127388,,,,
b2337991-850a-4699-b8f3-ea5f12ff260f,Rice,2022.0,Nigeria,https://mavuno-files.s3-eu-west-1.amazonaws.com/survey-images/960681b0-6efd-4b87-8310-f0f4a652bd45/q_wet_harvest_photo/JPEG_20221117_170135_5243747208793984791.jpg,https://mavuno-files.s3-eu-west-1.amazonaws.com/survey-images/960681b0-6efd-4b87-8310-f0f4a652bd45/q_harvest_bags_photo/JPEG_20221117_170248_6390415398061220027.jpg,,,https://mavuno-files.s3-eu-west-1.amazonaws.com/survey-images/831cab06-3a86-46ce-8269-de3a5d6f763f/q_field_photo/JPEG_20221117_161403_7475702926349039530.jpg,11.9738406,8.8760665,8.95,https://mavuno-files.s3-eu-west-1.amazonaws.com/survey-images/960681b0-6efd-4b87-8310-f0f4a652bd45/q_box1_wet_weight_photo/JPEG_20221117_165452_7908454908935762506.jpg,9.275,https://mavuno-files.s3-eu-west-1.amazonaws.com/survey-images/960681b0-6efd-4b87-8310-f0f4a652bd45/q_box2_wet_weight_photo/JPEG_20221117_165839_8255573785105838792.jpg,8.005,https://mavuno-files.s3-eu-west-1.amazonaws.com/survey-images/faf5ff9e-c9b6-40c3-8a25-1b295b132549/q_box1_dry_weight_photo/JPEG_20221119_112534_8168409438497309812.jpg,8.385,https://mavuno-files.s3-eu-west-1.amazonaws.com/survey-images/faf5ff9e-c9b6-40c3-8a25-1b295b132549/q_box2_dry_weight_photo/JPEG_20221119_112727_2252909513220933170.jpg,2.00125,2.09625,used box 1 and 24257,2.04875,have average yields,2022.0_56_Client_P,2,0.8239856854862497,-0.2117942572331338,,,1.7248411178588867,,
b2635b76-d0e7-4248-b4ea-dc684647f98e,Rice,2022.0,Nigeria,https://mavuno-files.s3-eu-west-1.amazonaws.com/survey-images/20ac0e02-e599-4c21-9992-28786825566e/q_wet_harvest_photo/JPEG_20221018_092436_4785557344905115842.jpg,https://mavuno-files.s3-eu-west-1.amazonaws.com/survey-images/20ac0e02-e599-4c21-9992-28786825566e/q_harvest_bags_photo/JPEG_20221018_092516_8602576435240973392.jpg,,,https://mavuno-files.s3-eu-west-1.amazonaws.com/survey-images/25e2064a-9bcc-46a1-91bd-dbb220b71332/q_field_photo/JPEG_20221018_091109_3354095444386205877.jpg,12.3199774,9.9308624,0.0,,0.0,,0.0,,0.0,,0.0,0.0,used box 1 and 24286,0.0,have average yields,2022.0_53_Client_BY,3,1.016752522706546,0.4480260771536659,,,,-0.0713276118040084,
b29a325a-6b8e-4562-9a99-85475d35de14,Rice,2022.0,Nigeria,https://mavuno-files.s3-eu-west-1.amazonaws.com/survey-images/611afe12-1799-466d-86f9-2b188470f378/q_wet_harvest_photo/JPEG_20221020_103435_956044990911753298.jpg,https://mavuno-files.s3-eu-west-1.amazonaws.com/survey-images/611afe12-1799-466d-86f9-2b188470f378/q_harvest_bags_photo/JPEG_20221020_103516_3829092413697418908.jpg,,,https://mavuno-files.s3-eu-west-1.amazonaws.com/survey-images/ab7c366c-1a17-420b-b77f-59f31b5f5937/q_field_photo/JPEG_20221020_092515_7720699820683367704.jpg,11.68751682,8.12411841,15.1,https://mavuno-files.s3-eu-west-1.amazonaws.com/survey-images/611afe12-1799-466d-86f9-2b188470f378/q_box1_wet_weight_photo/JPEG_20221020_103044_7502499142547659145.jpg,14.39,https://mavuno-files.s3-eu-west-1.amazonaws.com/survey-images/611afe12-1799-466d-86f9-2b188470f378/q_box2_wet_weight_photo/JPEG_20221020_103207_7661220028472384943.jpg,13.35,https://mavuno-files.s3-eu-west-1.amazonaws.com/survey-images/9ed544a9-8aa9-4fc9-a9e6-8b9a7fa2fdbb/q_box1_dry_weight_photo/JPEG_20221125_143002_2635386550914039595.jpg,11.53,https://mavuno-files.s3-eu-west-1.amazonaws.com/survey-images/9ed544a9-8aa9-4fc9-a9e6-8b9a7fa2fdbb/q_box2_dry_weight_photo/JPEG_20221125_143123_4329912811497729624.jpg,3.3375,2.8825,used box 1 and 24323,3.11,have average yields,2022.0_74_Client_K,4,0.6645292812797052,-0.6821702230340209,,,,,2.9483203887939453
b2d3bfa0-337e-46e1-a68c-06abc7bd105f,Rice,2022.0,Nigeria,https://mavuno-files.s3-eu-west-1.amazonaws.com/survey-images/185b4cef-e82d-44b0-a9c4-c72af590a1ff/q_wet_harvest_photo/JPEG_20221119_131704_2559921427470339279.jpg,https://mavuno-files.s3-eu-west-1.amazonaws.com/survey-images/185b4cef-e82d-44b0-a9c4-c72af590a1ff/q_harvest_bags_photo/JPEG_20221119_131716_3805869209419032202.jpg,,,https://mavuno-files.s3-eu-west-1.amazonaws.com/survey-images/8efbbb27-fe57-4565-9080-c9d43f4a5903/q_field_photo/JPEG_20221105_140033_2696585065259291847.jpg,11.6348841,9.0280534,17.56,https://mavuno-files.s3-eu-west-1.amazonaws.com/survey-images/185b4cef-e82d-44b0-a9c4-c72af590a1ff/q_box1_wet_weight_photo/JPEG_20221119_131307_4852051322355649314.jpg,18.89,https://mavuno-files.s3-eu-west-1.amazonaws.com/survey-images/185b4cef-e82d-44b0-a9c4-c72af590a1ff/q_box2_wet_weight_photo/JPEG_20221119_131514_4641016523330473492.jpg,16.15,https://mavuno-files.s3-eu-west-1.amazonaws.com/survey-images/f807f855-c6fe-464d-bfbd-13202e0ca47d/q_box1_dry_weight_photo/JPEG_20221125_125244_1101249705922438950.jpg,17.13,https://mavuno-files.s3-eu-west-1.amazonaws.com/survey-images/f807f855-c6fe-464d-bfbd-13202e0ca47d/q_box2_dry_weight_photo/JPEG_20221125_125405_8918790306957125222.jpg,4.0375,4.2825,used box 1 and 24344,4.16,have average yields,2022.0_56_Client_P,4,0.6352176248227742,-0.1167198952827201,,,,,0.669363796710968
b2e742c5-d477-45b3-94bb-d5d2f7d175e6,Rice,2022.0,Nigeria,,,,,https://mavuno-files.s3-eu-west-1.amazonaws.com/survey-images/b208a245-f294-4d53-8442-ed12bdafa834/q_field_photo/JPEG_20221115_153901_2024754069.jpg,12.6306596,10.3671402,0.0,,0.0,,0.0,,0.0,,0.0,0.0,used box 1 and 24358,0.0,have average yields,2022.0_105_Client_BN,3,1.1897743599531003,0.7209366600271268,,,,0.8860068321228027,
b3247da4-1c33-41fe-838e-79e94aa4d6df,Rice,2022.0,Nigeria,https://mavuno-files.s3-eu-west-1.amazonaws.com/survey-images/467f0731-58c3-47fe-a87f-ad0521131a88/q_wet_harvest_photo/JPEG_20221017_103822_1655630936292481802.jpg,https://mavuno-files.s3-eu-west-1.amazonaws.com/survey-images/467f0731-58c3-47fe-a87f-ad0521131a88/q_harvest_bags_photo/JPEG_20221017_103906_2126807295805987290.jpg,,,https://mavuno-files.s3-eu-west-1.amazonaws.com/survey-images/44fba929-742b-42e1-8229-7267e5be43f7/q_field_photo/JPEG_20221017_092159_348100212089741774.jpg,11.85527127,9.97237131,15.2,https://mavuno-files.s3-eu-west-1.amazonaws.com/survey-images/467f0731-58c3-47fe-a87f-ad0521131a88/q_box1_wet_weight_photo/JPEG_20221017_103214_5131863456484993751.jpg,15.1,https://mavuno-files.s3-eu-west-1.amazonaws.com/survey-images/467f0731-58c3-47fe-a87f-ad0521131a88/q_box2_wet_weight_photo/JPEG_20221017_103358_5398777369157351884.jpg,13.23,https://mavuno-files.s3-eu-west-1.amazonaws.com/survey-images/c6cab51a-f2e4-448d-8f77-545648f35055/q_box1_dry_weight_photo/JPEG_20221028_090047_4766486516733517350.jpg,13.09,https://mavuno-files.s3-eu-west-1.amazonaws.com/survey-images/c6cab51a-f2e4-448d-8f77-545648f35055/q_box2_dry_weight_photo/JPEG_20221028_090155_5565769245805077125.jpg,3.3075,3.2725,used box 1 and 24389,3.29,have average yields,2022.0_113_Client_K,3,0.7579533111896426,0.47399169085792,,,,3.247626304626465,
b3392a8a-827f-43eb-8965-17e2857f7424,Rice,2022.0,Nigeria,,,,,https://mavuno-files.s3-eu-west-1.amazonaws.com/survey-images/5441fdf7-fff6-43b4-9234-a272b2115bbb/q_field_photo/JPEG_20221013_155021_1971888753640283807.jpg,7.8895116,7.9276825,0.0,,0.0,,0.0,,0.0,,0.0,0.0,used box 1 and 24402,0.0,have average yields,2022.0_135_Client_AU,2,-1.4506155227560833,-0.8050493580607825,,,-0.1203921660780906,,
b366c52e-43ff-4320-96ff-69b235a23237,Rice,2022.0,Nigeria,https://mavuno-files.s3-eu-west-1.amazonaws.com/survey-images/a284f52b-cf0e-488e-9604-1faf88e026e4/q_wet_harvest_photo/JPEG_20221021_112858_677158174847254813.jpg,https://mavuno-files.s3-eu-west-1.amazonaws.com/survey-images/a284f52b-cf0e-488e-9604-1faf88e026e4/q_harvest_bags_photo/JPEG_20221021_112809_5970615444536738534.jpg,,,https://mavuno-files.s3-eu-west-1.amazonaws.com/survey-images/f7d5b253-99c5-453a-9e82-77f0f39a84bd/q_field_photo/JPEG_20221021_094448_7332797526270161857.jpg,11.78931881,9.61777322,14.02,https://mavuno-files.s3-eu-west-1.amazonaws.com/survey-images/a284f52b-cf0e-488e-9604-1faf88e026e4/q_box1_wet_weight_photo/JPEG_20221021_111511_5751920918188864647.jpg,14.94,https://mavuno-files.s3-eu-west-1.amazonaws.com/survey-images/a284f52b-cf0e-488e-9604-1faf88e026e4/q_box2_wet_weight_photo/JPEG_20221021_111646_535770499969374212.jpg,11.81,https://mavuno-files.s3-eu-west-1.amazonaws.com/survey-images/67118437-e407-41d6-a0c6-2feb4c2a73bc/q_box1_dry_weight_photo/JPEG_20221103_090355_7849334237857488638.jpg,12.08,https://mavuno-files.s3-eu-west-1.amazonaws.com/survey-images/67118437-e407-41d6-a0c6-2feb4c2a73bc/q_box2_dry_weight_photo/JPEG_20221205_075428_4250853169004500226.jpg,2.9525,3.02,used box 1 and 24425,2.98625,have average yields,2022.0_56_Client_K,0,0.7212237663359948,0.2521752898681927,2.997018814086914,,,,
b37ba9c2-e230-4f4f-aa16-53974e1d23ea,Rice,2022.0,Nigeria,https://mavuno-files.s3-eu-west-1.amazonaws.com/survey-images/ca6b386c-72f8-4e41-b5a6-962d76bfbbf8/q_wet_harvest_photo/JPEG_20221121_142753_4552178280777778670.jpg,https://mavuno-files.s3-eu-west-1.amazonaws.com/survey-images/ca6b386c-72f8-4e41-b5a6-962d76bfbbf8/q_harvest_bags_photo/JPEG_20221121_142901_1119596024557163943.jpg,,,https://mavuno-files.s3-eu-west-1.amazonaws.com/survey-images/9d753f19-2710-4c5c-b23e-b921330ee612/q_field_photo/JPEG_20221116_144233_5936154131408737819.jpg,10.0108171,11.1833016,1.075,https://mavuno-files.s3-eu-west-1.amazonaws.com/survey-images/ca6b386c-72f8-4e41-b5a6-962d76bfbbf8/q_box1_wet_weight_photo/JPEG_20221121_141755_2134461837695512075.jpg,1.23,https://mavuno-files.s3-eu-west-1.amazonaws.com/survey-images/ca6b386c-72f8-4e41-b5a6-962d76bfbbf8/q_box2_wet_weight_photo/JPEG_20221121_142454_112649890398717418.jpg,0.91,https://mavuno-files.s3-eu-west-1.amazonaws.com/survey-images/24bde8a8-c6ac-4a44-8108-416492ccfd80/q_box1_dry_weight_photo/JPEG_20221201_124621_5521960843397417869.jpg,1.095,https://mavuno-files.s3-eu-west-1.amazonaws.com/survey-images/24bde8a8-c6ac-4a44-8108-416492ccfd80/q_box2_dry_weight_photo/JPEG_20221201_124932_4059952101733805003.jpg,0.2275,0.27375,used box 1 and 24434,0.250625,have average yields,2022.0_52_Client_S,1,-0.2692405518976859,1.2314808210933563,,0.1503287553787231,,,
b3950aa8-777e-440e-a336-6e6d822a946c,Rice,2022.0,Nigeria,https://mavuno-files.s3-eu-west-1.amazonaws.com/survey-images/50ff5573-1550-40a2-ab3a-a86f9e6c74ce/q_wet_harvest_photo/JPEG_20221119_133644_2822408084683741665.jpg,https://mavuno-files.s3-eu-west-1.amazonaws.com/survey-images/50ff5573-1550-40a2-ab3a-a86f9e6c74ce/q_harvest_bags_photo/JPEG_20221119_133733_7192746662594031893.jpg,,,https://mavuno-files.s3-eu-west-1.amazonaws.com/survey-images/0bc82b58-6272-45f9-ae6d-d7768112ce7a/q_field_photo/JPEG_20221105_144100_285908208199645748.jpg,11.6346523,9.0280765,17.92,https://mavuno-files.s3-eu-west-1.amazonaws.com/survey-images/50ff5573-1550-40a2-ab3a-a86f9e6c74ce/q_box1_wet_weight_photo/JPEG_20221119_133410_3524710417970205363.jpg,19.22,https://mavuno-files.s3-eu-west-1.amazonaws.com/survey-images/50ff5573-1550-40a2-ab3a-a86f9e6c74ce/q_box2_wet_weight_photo/JPEG_20221119_133556_760597395457456357.jpg,16.59,https://mavuno-files.s3-eu-west-1.amazonaws.com/survey-images/9aea8b0d-5531-4522-8b83-8f2e5a2ae7db/q_box1_dry_weight_photo/JPEG_20221125_130615_9126093708796203169.jpg,17.94,https://mavuno-files.s3-eu-west-1.amazonaws.com/survey-images/9aea8b0d-5531-4522-8b83-8f2e5a2ae7db/q_box2_dry_weight_photo/JPEG_20221125_130742_1336562569210564461.jpg,4.1475,4.485,used box 1 and 24452,4.31625,have average yields,2022.0_56_Client_P,2,0.6350885332241125,-0.1167054452362947,,,0.0917941778898239,,
b3b9bf50-b24c-4f1a-b0c7-e540a135ba23,Rice,2022.0,Nigeria,https://mavuno-files.s3-eu-west-1.amazonaws.com/survey-images/e4ec549a-ec5d-4fd7-984a-b50831945656/q_wet_harvest_photo/JPEG_20221119_130816_5159894882182231100.jpg,https://mavuno-files.s3-eu-west-1.amazonaws.com/survey-images/e4ec549a-ec5d-4fd7-984a-b50831945656/q_harvest_bags_photo/JPEG_20221119_130839_890221837111055016.jpg,,,https://mavuno-files.s3-eu-west-1.amazonaws.com/survey-images/77a5db18-e035-4543-a571-26c4e102352b/q_field_photo/JPEG_20221105_134349_1903613880817437238.jpg,11.6349465,9.0280591,14.03,https://mavuno-files.s3-eu-west-1.amazonaws.com/survey-images/e4ec549a-ec5d-4fd7-984a-b50831945656/q_box1_wet_weight_photo/JPEG_20221119_130526_8254571462503951609.jpg,15.22,https://mavuno-files.s3-eu-west-1.amazonaws.com/survey-images/e4ec549a-ec5d-4fd7-984a-b50831945656/q_box2_wet_weight_photo/JPEG_20221119_130654_1548729706685626393.jpg,12.88,https://mavuno-files.s3-eu-west-1.amazonaws.com/survey-images/b8911dea-1496-46de-bec7-f27a8f8a095c/q_box1_dry_weight_photo/JPEG_20221125_124831_9051396932531729683.jpg,14.09,https://mavuno-files.s3-eu-west-1.amazonaws.com/survey-images/b8911dea-1496-46de-bec7-f27a8f8a095c/q_box2_dry_weight_photo/JPEG_20221125_124951_1058015840687953042.jpg,3.22,3.5225,used box 1 and 24474,3.37125,have average yields,2022.0_56_Client_P,0,0.6352523759692642,-0.1167163296868483,2.863009452819824,,,,
b420d867-e36b-4add-8288-4a8c8b9ca905,Rice,2022.0,Nigeria,https://mavuno-files.s3-eu-west-1.amazonaws.com/survey-images/0bc6d820-418c-4d51-b33f-e98d86e16be4/q_wet_harvest_photo/JPEG_20220907_134401_822574385.jpg,https://mavuno-files.s3-eu-west-1.amazonaws.com/survey-images/0bc6d820-418c-4d51-b33f-e98d86e16be4/q_harvest_bags_photo/JPEG_20220907_134432_1824272633.jpg,,,https://mavuno-files.s3-eu-west-1.amazonaws.com/survey-images/ba49311d-214f-4544-bffa-38ac25471bf9/q_field_photo/JPEG_20220728_120029_1418068370.jpg,12.6388102,10.3067447,14.46,https://mavuno-files.s3-eu-west-1.amazonaws.com/survey-images/0bc6d820-418c-4d51-b33f-e98d86e16be4/q_box1_wet_weight_photo/JPEG_20220907_133741_1720955947.jpg,12.04,https://mavuno-files.s3-eu-west-1.amazonaws.com/survey-images/0bc6d820-418c-4d51-b33f-e98d86e16be4/q_box2_wet_weight_photo/JPEG_20220907_134009_1408502041.jpg,14.11,https://mavuno-files.s3-eu-west-1.amazonaws.com/survey-images/85feac08-c80e-412d-8b33-4f0db7d75c03/q_box1_dry_weight_photo/JPEG_20220908_120621_167185519.jpg,11.81,https://mavuno-files.s3-eu-west-1.amazonaws.com/survey-images/85feac08-c80e-412d-8b33-4f0db7d75c03/q_box2_dry_weight_photo/JPEG_20220908_120945_1200413936.jpg,3.5275,2.9525,used box 1 and 24524,3.24,have average yields,2022.0_105_Client_BS,2,1.19431350569966,0.6831566695991604,,,3.164569139480591,,
b434f1f2-f907-4bd8-a0d2-68d312c7876b,Rice,2022.0,Nigeria,https://mavuno-files.s3-eu-west-1.amazonaws.com/survey-images/01fda007-c8eb-4595-9119-23b5743a9220/q_wet_harvest_photo/JPEG_20221108_133838_27612254644955042.jpg,https://mavuno-files.s3-eu-west-1.amazonaws.com/survey-images/01fda007-c8eb-4595-9119-23b5743a9220/q_harvest_bags_photo/JPEG_20221108_133920_6964519246367512820.jpg,,,https://mavuno-files.s3-eu-west-1.amazonaws.com/survey-images/463cb93f-8c31-4482-b6be-6c9dd43f1019/q_field_photo/JPEG_20221031_103950_1795882026480121723.jpg,8.186586,9.1334229,4.355,https://mavuno-files.s3-eu-west-1.amazonaws.com/survey-images/01fda007-c8eb-4595-9119-23b5743a9220/q_box1_wet_weight_photo/JPEG_20221108_132643_8017908090472166604.jpg,6.145,https://mavuno-files.s3-eu-west-1.amazonaws.com/survey-images/01fda007-c8eb-4595-9119-23b5743a9220/q_box2_wet_weight_photo/JPEG_20221108_132959_3361793595863788684.jpg,3.905,https://mavuno-files.s3-eu-west-1.amazonaws.com/survey-images/3f0335e6-cedd-4acd-9d42-f8be155b20c6/q_box1_dry_weight_photo/JPEG_20221108_141118_523982280900492462.jpg,5.0,https://mavuno-files.s3-eu-west-1.amazonaws.com/survey-images/3f0335e6-cedd-4acd-9d42-f8be155b20c6/q_box2_dry_weight_photo/JPEG_20221108_141321_978097120697222009.jpg,0.97625,1.25,used box 1 and 24534,1.113125,have average yields,2022.0_173_Client_AU,3,-1.2851719972276874,-0.0508067278878052,,,,1.8754812479019165,
b53cb23a-a9e4-4d32-9269-ca87c44e9bbf,Rice,2022.0,Nigeria,https://mavuno-files.s3-eu-west-1.amazonaws.com/survey-images/5783447c-0b3d-4390-a91f-b87373ed2d7a/q_wet_harvest_photo/JPEG_20221026_095443_7709059626792222127.jpg,https://mavuno-files.s3-eu-west-1.amazonaws.com/survey-images/5783447c-0b3d-4390-a91f-b87373ed2d7a/q_harvest_bags_photo/JPEG_20221026_095457_379104037439535877.jpg,,,https://mavuno-files.s3-eu-west-1.amazonaws.com/survey-images/d6b1aef1-b873-41fb-b94e-b497b7c42396/q_field_photo/JPEG_20221026_090529_2045873758333651477.jpg,12.22997027,9.558977187,15.39,https://mavuno-files.s3-eu-west-1.amazonaws.com/survey-images/5783447c-0b3d-4390-a91f-b87373ed2d7a/q_box1_wet_weight_photo/JPEG_20221026_094647_7589443176235904962.jpg,18.2,https://mavuno-files.s3-eu-west-1.amazonaws.com/survey-images/5783447c-0b3d-4390-a91f-b87373ed2d7a/q_box2_wet_weight_photo/JPEG_20221026_095310_2041302012559751100.jpg,13.43,https://mavuno-files.s3-eu-west-1.amazonaws.com/survey-images/c0fea5c1-01e5-473e-9f7a-10c702ecc105/q_box1_dry_weight_photo/JPEG_20221101_094629_4570128858348853886.jpg,16.1,https://mavuno-files.s3-eu-west-1.amazonaws.com/survey-images/c0fea5c1-01e5-473e-9f7a-10c702ecc105/q_box2_dry_weight_photo/JPEG_20221101_094836_8625064424261822058.jpg,3.3575,4.025,used box 1 and 24679,3.69125,have average yields,2022.0_7_Client_K,2,0.9666267060427988,0.2153958350422142,,,2.6956748962402344,,
b5b599fa-3c77-40fb-9f6d-62fb7c32bf8b,Rice,2022.0,Nigeria,https://mavuno-files.s3-eu-west-1.amazonaws.com/survey-images/b71056cf-03d4-4492-a7f9-19f5913a7e5f/q_wet_harvest_photo/JPEG_20221109_160619_8337020292194548092.jpg,https://mavuno-files.s3-eu-west-1.amazonaws.com/survey-images/b71056cf-03d4-4492-a7f9-19f5913a7e5f/q_harvest_bags_photo/JPEG_20221109_160707_3138851995334188239.jpg,,,https://mavuno-files.s3-eu-west-1.amazonaws.com/survey-images/896cfdcb-7e31-4a45-98b9-927aa31450f5/q_field_photo/JPEG_20221109_104730_6272302720566606357.jpg,10.0123078,11.2114749,1.02,https://mavuno-files.s3-eu-west-1.amazonaws.com/survey-images/b71056cf-03d4-4492-a7f9-19f5913a7e5f/q_box1_wet_weight_photo/JPEG_20221109_155740_7529140210766534028.jpg,1.315,https://mavuno-files.s3-eu-west-1.amazonaws.com/survey-images/b71056cf-03d4-4492-a7f9-19f5913a7e5f/q_box2_wet_weight_photo/JPEG_20221109_160238_8579184231179190235.jpg,0.155,https://mavuno-files.s3-eu-west-1.amazonaws.com/survey-images/b46c8d65-85ba-4efa-8c43-abdece8709fa/q_box1_dry_weight_photo/JPEG_20221115_105558_5875016053208038705.jpg,0.74,https://mavuno-files.s3-eu-west-1.amazonaws.com/survey-images/b46c8d65-85ba-4efa-8c43-abdece8709fa/q_box2_dry_weight_photo/JPEG_20221115_105814_1990005949753670703.jpg,0.03875,0.185,used box 1 and 24741,0.111875,have average yields,2022.0_52_Client_S,2,-0.2684103670567668,1.2491044355070833,,,0.9410390257835388,,
b64e97b7-13d2-4802-9967-945bc4728e1a,Rice,2022.0,Nigeria,,,,,https://mavuno-files.s3-eu-west-1.amazonaws.com/survey-images/e83e59d9-7805-4236-b18e-385e2ef66387/q_field_photo/JPEG_20221030_125225_2722871337931430404.jpg,7.9174822,8.2988825,0.0,,0.0,,0.0,,0.0,,0.0,0.0,used box 1 and 24822,0.0,have average yields,2022.0_101_Client_AU,1,-1.4350384327236043,-0.5728477462376996,,0.9916967153549194,,,
b66734f2-f24a-41ef-8523-5215a147e0d2,Rice,2022.0,Nigeria,,,,,https://mavuno-files.s3-eu-west-1.amazonaws.com/survey-images/6eb7e06a-da1c-4ad2-8586-6b3f532c6fad/q_field_photo/JPEG_20221104_094809_2976399471002977221.jpg,7.7252907,8.5774008,0.0,,0.0,,0.0,,0.0,,0.0,0.0,used box 1 and 24840,0.0,have average yields,2022.0_106_Client_AU,1,-1.5420716854595875,-0.398622535617481,,0.0820429399609565,,,
b6aec06e-205f-49ee-8e16-02d075496964,Rice,2022.0,Nigeria,https://mavuno-files.s3-eu-west-1.amazonaws.com/survey-images/bc08bbff-4760-4a4b-ac63-402594727b92/q_wet_harvest_photo/JPEG_20220720_075757_7056153624933339709.jpg,https://mavuno-files.s3-eu-west-1.amazonaws.com/survey-images/bc08bbff-4760-4a4b-ac63-402594727b92/q_harvest_bags_photo/JPEG_20220720_075833_3491845700772726358.jpg,,,https://mavuno-files.s3-eu-west-1.amazonaws.com/survey-images/2897d1ef-02cf-45ae-80c4-67afddc9f9df/q_field_photo/JPEG_20220718_104240_9393032438685158.jpg,12.5932687,10.536278,5.065,https://mavuno-files.s3-eu-west-1.amazonaws.com/survey-images/bc08bbff-4760-4a4b-ac63-402594727b92/q_box1_wet_weight_photo/JPEG_20220720_075554_6284586966344628271.jpg,5.19,https://mavuno-files.s3-eu-west-1.amazonaws.com/survey-images/bc08bbff-4760-4a4b-ac63-402594727b92/q_box2_wet_weight_photo/JPEG_20220720_075653_990349908356954876.jpg,4.93,https://mavuno-files.s3-eu-west-1.amazonaws.com/survey-images/77f0c6f1-3a68-4cbb-962c-f15d615a6364/q_box1_dry_weight_photo/JPEG_20220814_113838_8293557277874058087.jpg,5.1,https://mavuno-files.s3-eu-west-1.amazonaws.com/survey-images/77f0c6f1-3a68-4cbb-962c-f15d615a6364/q_box2_dry_weight_photo/JPEG_20220814_114003_4806313249405469797.jpg,1.2325,1.275,used box 1 and 24879,1.25375,have average yields,2022.0_105_Client_BW,3,1.1689510163102967,0.8267396497367449,,,,1.011322021484375,
b6fcbb9d-46ab-4b8d-9120-f592369055ba,Rice,2022.0,Nigeria,https://mavuno-files.s3-eu-west-1.amazonaws.com/survey-images/5c92fe32-9067-4fd6-91b2-0d3b04d11c38/q_wet_harvest_photo/JPEG_20220719_170111_5967881130709646945.jpg,https://mavuno-files.s3-eu-west-1.amazonaws.com/survey-images/5c92fe32-9067-4fd6-91b2-0d3b04d11c38/q_harvest_bags_photo/JPEG_20220719_170153_1185291794907768564.jpg,,,https://mavuno-files.s3-eu-west-1.amazonaws.com/survey-images/2c1bdb06-9dd1-43ca-a2e6-b312150967ff/q_field_photo/JPEG_20220716_140140_3934083978673938128.jpg,12.5934672,10.5384275,1.885,https://mavuno-files.s3-eu-west-1.amazonaws.com/survey-images/5c92fe32-9067-4fd6-91b2-0d3b04d11c38/q_box1_wet_weight_photo/JPEG_20220719_165830_3233215802612296406.jpg,1.97,https://mavuno-files.s3-eu-west-1.amazonaws.com/survey-images/5c92fe32-9067-4fd6-91b2-0d3b04d11c38/q_box2_wet_weight_photo/JPEG_20220719_170013_7915222878288457995.jpg,1.85,https://mavuno-files.s3-eu-west-1.amazonaws.com/survey-images/ce1a42af-7b9c-4d76-b2c9-dc66ad213f5c/q_box1_dry_weight_photo/JPEG_20220814_103637_1365950980394087279.jpg,1.95,https://mavuno-files.s3-eu-west-1.amazonaws.com/survey-images/ce1a42af-7b9c-4d76-b2c9-dc66ad213f5c/q_box2_dry_weight_photo/JPEG_20220814_103821_3557224626035752756.jpg,0.4625,0.4875,used box 1 and 24912,0.475,have average yields,2022.0_105_Client_BW,4,1.1690615628259755,0.8280842547060705,,,,,0.4626862108707428
b89f8d2e-d0f7-4fe8-8edf-1825d2a7d4cd,Rice,2022.0,Nigeria,https://mavuno-files.s3-eu-west-1.amazonaws.com/survey-images/3ee6b1a1-f2fb-4b1a-a311-e993d1d9e87c/q_wet_harvest_photo/JPEG_20221025_095728_2581875792623454042.jpg,https://mavuno-files.s3-eu-west-1.amazonaws.com/survey-images/3ee6b1a1-f2fb-4b1a-a311-e993d1d9e87c/q_harvest_bags_photo/JPEG_20221025_095811_74505383110633748.jpg,,,https://mavuno-files.s3-eu-west-1.amazonaws.com/survey-images/458c4128-572b-4ae7-9efb-72434d3a0314/q_field_photo/JPEG_20221119_114229_705189677858419785.jpg,11.10538665,9.292971119,17.8,https://mavuno-files.s3-eu-west-1.amazonaws.com/survey-images/3ee6b1a1-f2fb-4b1a-a311-e993d1d9e87c/q_box1_wet_weight_photo/JPEG_20221025_095306_8622935422317154273.jpg,17.97,https://mavuno-files.s3-eu-west-1.amazonaws.com/survey-images/3ee6b1a1-f2fb-4b1a-a311-e993d1d9e87c/q_box2_wet_weight_photo/JPEG_20221025_095511_2585348655386816442.jpg,12.75,https://mavuno-files.s3-eu-west-1.amazonaws.com/survey-images/dde5c14b-d122-4881-9610-cb3e79c644da/q_box1_dry_weight_photo/JPEG_20221203_095017_7892052942030239123.jpg,12.89,https://mavuno-files.s3-eu-west-1.amazonaws.com/survey-images/dde5c14b-d122-4881-9610-cb3e79c644da/q_box2_dry_weight_photo/JPEG_20221203_095106_6748397996043030640.jpg,3.1875,3.2225,used box 1 and 25114,3.205,have average yields,2022.0_197_Client_K,2,0.340335518231646,0.0489975652568677,,,3.443927526473999,,
b8b7d0e2-ee98-4b0f-ae9f-559465e87512,Rice,2022.0,Nigeria,https://mavuno-files.s3-eu-west-1.amazonaws.com/survey-images/8b031e79-9147-4dc3-8318-697595b0b8dc/q_wet_harvest_photo/JPEG_20220907_135517_105722848.jpg,https://mavuno-files.s3-eu-west-1.amazonaws.com/survey-images/8b031e79-9147-4dc3-8318-697595b0b8dc/q_harvest_bags_photo/JPEG_20220907_135532_6412435.jpg,,,https://mavuno-files.s3-eu-west-1.amazonaws.com/survey-images/c64fa13c-62ed-4ae6-b2a1-19d2e06ad7e7/q_field_photo/JPEG_20220817_094515_444707816.jpg,12.6380373,10.3045802,11.21,https://mavuno-files.s3-eu-west-1.amazonaws.com/survey-images/8b031e79-9147-4dc3-8318-697595b0b8dc/q_box1_wet_weight_photo/JPEG_20220907_135119_2065156397.jpg,11.49,https://mavuno-files.s3-eu-west-1.amazonaws.com/survey-images/8b031e79-9147-4dc3-8318-697595b0b8dc/q_box2_wet_weight_photo/JPEG_20220907_135318_148670996.jpg,11.07,https://mavuno-files.s3-eu-west-1.amazonaws.com/survey-images/9f61b8cf-3bea-4f1f-82da-62e855b6ac93/q_box1_dry_weight_photo/JPEG_20220908_121343_834172513.jpg,11.28,https://mavuno-files.s3-eu-west-1.amazonaws.com/survey-images/9f61b8cf-3bea-4f1f-82da-62e855b6ac93/q_box2_dry_weight_photo/JPEG_20220908_121702_274356856.jpg,2.7675,2.82,used box 1 and 25126,2.79375,have average yields,2022.0_105_Client_BS,2,1.1938830704252616,0.6818026814828057,,,3.706854820251465,,
b8c53476-b624-4ab1-923d-1d6c4a999c9c,Rice,2022.0,Nigeria,https://mavuno-files.s3-eu-west-1.amazonaws.com/survey-images/8fd56889-6521-4657-a452-6c35ed99a0a4/q_wet_harvest_photo/JPEG_20221019_160628_2990269220880147004.jpg,https://mavuno-files.s3-eu-west-1.amazonaws.com/survey-images/8fd56889-6521-4657-a452-6c35ed99a0a4/q_harvest_bags_photo/JPEG_20221019_160643_4846447162083765789.jpg,,,https://mavuno-files.s3-eu-west-1.amazonaws.com/survey-images/620d30eb-28a6-4494-8e8e-eb02392899d4/q_field_photo/JPEG_20221019_145927_5683182452811252474.jpg,11.69811757,8.127187528,13.83,https://mavuno-files.s3-eu-west-1.amazonaws.com/survey-images/8fd56889-6521-4657-a452-6c35ed99a0a4/q_box1_wet_weight_photo/JPEG_20221019_160320_3291555650101944488.jpg,14.22,https://mavuno-files.s3-eu-west-1.amazonaws.com/survey-images/8fd56889-6521-4657-a452-6c35ed99a0a4/q_box2_wet_weight_photo/JPEG_20221019_160411_5500411686144622424.jpg,10.86,https://mavuno-files.s3-eu-west-1.amazonaws.com/survey-images/96107fd2-b680-445c-a820-06685dc2d00c/q_box1_dry_weight_photo/JPEG_20221125_122612_2963963612066435555.jpg,11.61,https://mavuno-files.s3-eu-west-1.amazonaws.com/survey-images/96107fd2-b680-445c-a820-06685dc2d00c/q_box2_dry_weight_photo/JPEG_20221125_122642_153303736293859826.jpg,2.715,2.9025,used box 1 and 25133,2.80875,have average yields,2022.0_74_Client_K,4,0.6704329385899452,-0.6802503573376969,,,,,3.408342123031616
b8d7f337-0c23-465c-b703-2b8f11a06ced,Rice,2022.0,Nigeria,https://mavuno-files.s3-eu-west-1.amazonaws.com/survey-images/d8e5b8a8-f3d9-4c23-b7f8-67f20fe2e711/q_wet_harvest_photo/JPEG_20221017_174121_3375953377098964032.jpg,https://mavuno-files.s3-eu-west-1.amazonaws.com/survey-images/d8e5b8a8-f3d9-4c23-b7f8-67f20fe2e711/q_harvest_bags_photo/JPEG_20221017_174220_141896478439363069.jpg,,,https://mavuno-files.s3-eu-west-1.amazonaws.com/survey-images/b47c440b-d774-448e-999d-7680e0eb8d3f/q_field_photo/JPEG_20221017_152615_5718057999097050028.jpg,10.64761229,10.22125013,17.23,https://mavuno-files.s3-eu-west-1.amazonaws.com/survey-images/d8e5b8a8-f3d9-4c23-b7f8-67f20fe2e711/q_box1_wet_weight_photo/JPEG_20221017_173213_6581354768253644213.jpg,17.27,https://mavuno-files.s3-eu-west-1.amazonaws.com/survey-images/d8e5b8a8-f3d9-4c23-b7f8-67f20fe2e711/q_box2_wet_weight_photo/JPEG_20221017_173855_1215956213713429895.jpg,11.89,https://mavuno-files.s3-eu-west-1.amazonaws.com/survey-images/dd5507cb-7c0f-4ad9-b540-a9d7dbcbe0e9/q_box1_dry_weight_photo/JPEG_20221104_112419_800742279176893018.jpg,12.67,https://mavuno-files.s3-eu-west-1.amazonaws.com/survey-images/dd5507cb-7c0f-4ad9-b540-a9d7dbcbe0e9/q_box2_dry_weight_photo/JPEG_20221104_112523_7042697909751112723.jpg,2.9725,3.1675,used box 1 and 25141,3.07,have average yields,2022.0_197_Client_K,2,0.085396674578659,0.6296761282302988,,,2.7356748580932617,,
b8f21038-70ec-4934-aec9-58205df56ee0,Rice,2022.0,Nigeria,https://mavuno-files.s3-eu-west-1.amazonaws.com/survey-images/5fbde2c9-3779-485c-ac5b-f9c631b16763/q_wet_harvest_photo/JPEG_20221116_173854_6403328744293345727.jpg,https://mavuno-files.s3-eu-west-1.amazonaws.com/survey-images/5fbde2c9-3779-485c-ac5b-f9c631b16763/q_harvest_bags_photo/JPEG_20221116_173948_7772522459985447076.jpg,,,https://mavuno-files.s3-eu-west-1.amazonaws.com/survey-images/eca3a6dc-e1eb-4aca-9cb5-965e1c71d604/q_field_photo/JPEG_20221116_171626_8043788117038799335.jpg,10.0387322,11.1969199,1.175,https://mavuno-files.s3-eu-west-1.amazonaws.com/survey-images/5fbde2c9-3779-485c-ac5b-f9c631b16763/q_box1_wet_weight_photo/JPEG_20221116_173045_6849114995177530693.jpg,1.145,https://mavuno-files.s3-eu-west-1.amazonaws.com/survey-images/5fbde2c9-3779-485c-ac5b-f9c631b16763/q_box2_wet_weight_photo/JPEG_20221116_173527_816498861094612578.jpg,1.025,https://mavuno-files.s3-eu-west-1.amazonaws.com/survey-images/754dde19-5589-4a5f-afe0-1214ca96e10e/q_box1_dry_weight_photo/JPEG_20221129_142649_2565467978960031460.jpg,1.12,https://mavuno-files.s3-eu-west-1.amazonaws.com/survey-images/754dde19-5589-4a5f-afe0-1214ca96e10e/q_box2_dry_weight_photo/JPEG_20221129_142916_1414411943811390085.jpg,0.25625,0.28,used box 1 and 25157,0.268125,have average yields,2022.0_200_Client_S,4,-0.2536943703368458,1.239999655172802,,,,,-0.05251140892505646
b9149e20-3b62-4411-bfbd-ad0d104b05f6,Rice,2022.0,Nigeria,,,,,https://mavuno-files.s3-eu-west-1.amazonaws.com/survey-images/eb2e6059-af2d-450d-ab69-1b94a7cb2748/q_field_photo/JPEG_20221115_073340_1131189156.jpg,12.6247817,10.367681,0.0,,0.0,,0.0,,0.0,,0.0,0.0,used box 1 and 25175,0.0,have average yields,2022.0_105_Client_BN,0,1.186500902197389,0.7212749537546963,0.2568144202232361,,,,
b9343163-edd3-409e-8d14-1abcebbb3729,Rice,2022.0,Nigeria,https://mavuno-files.s3-eu-west-1.amazonaws.com/survey-images/9815afba-3dbd-4638-bdd0-d2dea1eec95f/q_wet_harvest_photo/JPEG_20221128_154223_4267570098637382392.jpg,https://mavuno-files.s3-eu-west-1.amazonaws.com/survey-images/9815afba-3dbd-4638-bdd0-d2dea1eec95f/q_harvest_bags_photo/JPEG_20221128_154256_2425509132130184208.jpg,,,https://mavuno-files.s3-eu-west-1.amazonaws.com/survey-images/d2c6032c-5ee4-4f20-be40-70b5c789569d/q_field_photo/JPEG_20221128_140941_8885636438617204591.jpg,10.0029429,11.1696826,1.85,https://mavuno-files.s3-eu-west-1.amazonaws.com/survey-images/9815afba-3dbd-4638-bdd0-d2dea1eec95f/q_box1_wet_weight_photo/JPEG_20221128_153453_3760330685547536771.jpg,2.595,https://mavuno-files.s3-eu-west-1.amazonaws.com/survey-images/9815afba-3dbd-4638-bdd0-d2dea1eec95f/q_box2_wet_weight_photo/JPEG_20221128_154020_738375660943094616.jpg,1.685,https://mavuno-files.s3-eu-west-1.amazonaws.com/survey-images/9d4ffc0b-81e8-48fc-82c0-d2dc0432cdb5/q_box1_dry_weight_photo/JPEG_20221202_120521_6636531727157421960.jpg,2.18,https://mavuno-files.s3-eu-west-1.amazonaws.com/survey-images/9d4ffc0b-81e8-48fc-82c0-d2dc0432cdb5/q_box2_dry_weight_photo/JPEG_20221202_120814_6861880435100330993.jpg,0.42125,0.545,used box 1 and 25192,0.483125,have average yields,2022.0_200_Client_S,0,-0.2736257678863933,1.2229615491337158,0.2073468565940857,,,,
b9448233-8b79-4c4a-8e28-325bc50ec515,Rice,2022.0,Nigeria,,,,,https://mavuno-files.s3-eu-west-1.amazonaws.com/survey-images/9f674e94-a717-4a70-81d0-e1d44fa6e560/q_field_photo/JPEG_20221023_160430_1961008285265526568.jpg,12.3118333,9.6541067,0.0,,0.0,,0.0,,0.0,,0.0,0.0,used box 1 and 25207,0.0,have average yields,2022.0_53_Client_BY,2,1.0122169968710786,0.2749034488637253,,,0.0709619671106338,,
b9540ecf-6112-4cc1-8492-c036f4ed10ca,Rice,2022.0,Nigeria,https://mavuno-files.s3-eu-west-1.amazonaws.com/survey-images/d8badf60-aba6-45ff-822a-9a64ca7da2e2/q_wet_harvest_photo/JPEG_20221128_155847_3979762183175870513.jpg,https://mavuno-files.s3-eu-west-1.amazonaws.com/survey-images/d8badf60-aba6-45ff-822a-9a64ca7da2e2/q_harvest_bags_photo/JPEG_20221128_155929_6425602222840569118.jpg,,,https://mavuno-files.s3-eu-west-1.amazonaws.com/survey-images/dfe74236-09c9-4154-b0dd-737c46606c4e/q_field_photo/JPEG_20221128_143547_5096242396871839444.jpg,10.0032818,11.1696257,2.735,https://mavuno-files.s3-eu-west-1.amazonaws.com/survey-images/d8badf60-aba6-45ff-822a-9a64ca7da2e2/q_box1_wet_weight_photo/JPEG_20221128_155340_7401452897381591928.jpg,3.045,https://mavuno-files.s3-eu-west-1.amazonaws.com/survey-images/d8badf60-aba6-45ff-822a-9a64ca7da2e2/q_box2_wet_weight_photo/JPEG_20221128_155644_956850840119477355.jpg,2.375,https://mavuno-files.s3-eu-west-1.amazonaws.com/survey-images/5948e950-a0a4-48f1-8669-76cb2bd713b4/q_box1_dry_weight_photo/JPEG_20221202_121222_3730632031033839444.jpg,2.925,https://mavuno-files.s3-eu-west-1.amazonaws.com/survey-images/5948e950-a0a4-48f1-8669-76cb2bd713b4/q_box2_dry_weight_photo/JPEG_20221202_121413_4191338132459608979.jpg,0.59375,0.73125,used box 1 and 25215,0.6625,have average yields,2022.0_200_Client_S,0,-0.2734370312911113,1.2229259557293168,0.6165679097175598,,,,
b957317e-1ca4-40c3-9fab-90433019a7a3,Rice,2022.0,Nigeria,https://mavuno-files.s3-eu-west-1.amazonaws.com/survey-images/57fd78bd-f3ed-48e5-8f72-9fc5c6007c3f/q_wet_harvest_photo/JPEG_20220719_160306_3418378059481082523.jpg,https://mavuno-files.s3-eu-west-1.amazonaws.com/survey-images/57fd78bd-f3ed-48e5-8f72-9fc5c6007c3f/q_harvest_bags_photo/JPEG_20220719_160336_2175885854782693612.jpg,,,https://mavuno-files.s3-eu-west-1.amazonaws.com/survey-images/d8354da7-a46d-48ba-8362-827c9ce1b2df/q_field_photo/JPEG_20220716_112504_3953114077022075238.jpg,12.5936873,10.5363917,1.935,https://mavuno-files.s3-eu-west-1.amazonaws.com/survey-images/57fd78bd-f3ed-48e5-8f72-9fc5c6007c3f/q_box1_wet_weight_photo/JPEG_20220719_160026_1516822587576300104.jpg,1.825,https://mavuno-files.s3-eu-west-1.amazonaws.com/survey-images/57fd78bd-f3ed-48e5-8f72-9fc5c6007c3f/q_box2_wet_weight_photo/JPEG_20220719_160154_937695319318958871.jpg,1.93,https://mavuno-files.s3-eu-west-1.amazonaws.com/survey-images/d94f30fe-4f0d-4354-82b0-f31d2f21594a/q_box1_dry_weight_photo/JPEG_20220814_091932_8546036765919589119.jpg,1.815,https://mavuno-files.s3-eu-west-1.amazonaws.com/survey-images/d94f30fe-4f0d-4354-82b0-f31d2f21594a/q_box2_dry_weight_photo/JPEG_20220814_092401_198598562150360918.jpg,0.4825,0.45375,used box 1 and 25218,0.468125,have average yields,2022.0_105_Client_BW,3,1.1691841385846702,0.8268107739912284,,,,0.1215545311570167,
b9bd0035-4eba-4adb-be77-411945c27438,Rice,2022.0,Nigeria,,,,,https://mavuno-files.s3-eu-west-1.amazonaws.com/survey-images/8af8198a-4e09-4aea-9623-fb1e02e66f06/q_field_photo/JPEG_20221004_154539_2963379609898755075.jpg,6.4811319,8.5685187,0.0,,0.0,,0.0,,0.0,,0.0,0.0,used box 1 and 25261,0.0,have average yields,2022.0_98_Client_AY,4,-2.234955414886216,-0.4041786722995221,,,,,1.8321267366409302
b9c40895-9609-4695-84ef-68954508fe42,Rice,2022.0,Nigeria,https://mavuno-files.s3-eu-west-1.amazonaws.com/survey-images/8b6d58e8-23d8-49c3-a3ca-507ce4db05e1/q_wet_harvest_photo/JPEG_20221126_154852_8024275799854248274.jpg,https://mavuno-files.s3-eu-west-1.amazonaws.com/survey-images/8b6d58e8-23d8-49c3-a3ca-507ce4db05e1/q_harvest_bags_photo/JPEG_20221126_154907_6056601512453595927.jpg,,,https://mavuno-files.s3-eu-west-1.amazonaws.com/survey-images/00675685-ac66-4f20-bc7e-5fb4e46f545b/q_field_photo/JPEG_20221021_163341_8355737798597657602.jpg,7.6696423,9.3846635,2.855,https://mavuno-files.s3-eu-west-1.amazonaws.com/survey-images/8b6d58e8-23d8-49c3-a3ca-507ce4db05e1/q_box1_wet_weight_photo/JPEG_20221126_154505_7687221000910326018.jpg,3.76,https://mavuno-files.s3-eu-west-1.amazonaws.com/survey-images/8b6d58e8-23d8-49c3-a3ca-507ce4db05e1/q_box2_wet_weight_photo/JPEG_20221126_154800_1361597379421773361.jpg,2.82,https://mavuno-files.s3-eu-west-1.amazonaws.com/survey-images/bffaec7e-9ce1-4831-a7e8-7549f75c0344/q_box1_dry_weight_photo/JPEG_20221126_160309_2083953323252127322.jpg,3.685,https://mavuno-files.s3-eu-west-1.amazonaws.com/survey-images/bffaec7e-9ce1-4831-a7e8-7549f75c0344/q_box2_dry_weight_photo/JPEG_20221126_160526_3598601267775911449.jpg,0.705,0.92125,used box 1 and 25265,0.813125,have average yields,2022.0_5_Client_AU,2,-1.5730628024525513,0.1063551047506614,,,1.1061404943466189,,
ba6895a3-7a29-4f6f-8ff3-04b8808f7f14,Rice,2022.0,Nigeria,,,,,https://mavuno-files.s3-eu-west-1.amazonaws.com/survey-images/f530a679-d58b-4154-8932-bcde6a41601d/q_field_photo/JPEG_20221027_081532_6760155333064465855.jpg,11.74101415,9.619929716,0.0,,0.0,,0.0,,0.0,,0.0,0.0,used box 1 and 25346,0.0,have average yields,2022.0_56_Client_K,2,0.6943224471720064,0.2535242711372928,,,1.4711127281188965,,
ba8e1d2a-4da3-40d5-aa86-fb2075b0a9cd,Rice,2022.0,Nigeria,https://mavuno-files.s3-eu-west-1.amazonaws.com/survey-images/49b09db6-0692-47ae-8a53-86ffaa78530f/q_wet_harvest_photo/JPEG_20221025_180900_6141175003329514606.jpg,https://mavuno-files.s3-eu-west-1.amazonaws.com/survey-images/49b09db6-0692-47ae-8a53-86ffaa78530f/q_harvest_bags_photo/JPEG_20221025_180958_5420296955186988771.jpg,,,https://mavuno-files.s3-eu-west-1.amazonaws.com/survey-images/9bd62ea3-a9d6-4826-bd85-6496dfd4a1f9/q_field_photo/JPEG_20221020_115613_6015582348316194210.jpg,12.25462706,10.34114085,18.1,https://mavuno-files.s3-eu-west-1.amazonaws.com/survey-images/49b09db6-0692-47ae-8a53-86ffaa78530f/q_box1_wet_weight_photo/JPEG_20221025_180259_5401476966912320999.jpg,17.72,https://mavuno-files.s3-eu-west-1.amazonaws.com/survey-images/49b09db6-0692-47ae-8a53-86ffaa78530f/q_box2_wet_weight_photo/JPEG_20221025_180602_6293711000932442702.jpg,16.45,https://mavuno-files.s3-eu-west-1.amazonaws.com/survey-images/1349fe3b-f189-4dab-8840-d4b2920c393e/q_box1_dry_weight_photo/JPEG_20221129_101222_9220552983802653262.jpg,15.48,https://mavuno-files.s3-eu-west-1.amazonaws.com/survey-images/1349fe3b-f189-4dab-8840-d4b2920c393e/q_box2_dry_weight_photo/JPEG_20221129_101253_6860382274433551290.jpg,4.1125,3.87,used box 1 and 25370,3.99125,have average yields,2022.0_13_Client_K,1,0.9803583041401552,0.7046729451123844,,2.855607986450196,,,
ba97898f-c55e-47cf-869f-4925519f884d,Rice,2022.0,Nigeria,,,,,https://mavuno-files.s3-eu-west-1.amazonaws.com/survey-images/a66f2630-3eef-4cb6-bd2c-986e80b51341/q_field_photo/JPEG_20221017_120719_7800340027041537682.jpg,7.80847,8.69441,0.0,,0.0,,0.0,https://mavuno-files.s3-eu-west-1.amazonaws.com/survey-images/9112d4a3-4672-42e8-b853-93e38af490bc/q_box1_dry_weight_photo/JPEG_20221209_104701_1360545049894040862.jpg,0.0,https://mavuno-files.s3-eu-west-1.amazonaws.com/survey-images/9112d4a3-4672-42e8-b853-93e38af490bc/q_box2_dry_weight_photo/JPEG_20221209_104727_9133142039080107887.jpg,0.0,0.0,used box 1 and 25378,0.0,have average yields,2022.0_102_Client_AU,2,-1.4957483514968364,-0.3254282337906234,,,0.0332760922610759,,
bad91f2a-f36d-470a-93a1-e7fa6aadd5cf,Rice,2022.0,Nigeria,https://mavuno-files.s3-eu-west-1.amazonaws.com/survey-images/0acdd8c3-878a-4bdc-8db0-84e966161728/q_wet_harvest_photo/JPEG_20221026_173302_5767174788771601746.jpg,https://mavuno-files.s3-eu-west-1.amazonaws.com/survey-images/0acdd8c3-878a-4bdc-8db0-84e966161728/q_harvest_bags_photo/JPEG_20221026_173341_2178292745269048442.jpg,,,https://mavuno-files.s3-eu-west-1.amazonaws.com/survey-images/32c12ca8-e4f1-497c-859e-83d61fb38478/q_field_photo/JPEG_20221026_171413_430941798678846757.jpg,10.8877194,11.5210599,0.0,,0.0,,0.0,,0.0,,0.0,0.0,used box 1 and 25414,0.0,have average yields,2022.0_200_Client_S,0,0.2191145808769947,1.4427632070487022,-0.158994048833847,,,,
bb14ff5b-cb02-4008-948d-f053a4e2aedd,Rice,2022.0,Nigeria,https://mavuno-files.s3-eu-west-1.amazonaws.com/survey-images/1bf8ff4b-ab0a-445e-a8b9-3fe55b34b186/q_wet_harvest_photo/JPEG_20221023_165659_6533504850849326842.jpg,https://mavuno-files.s3-eu-west-1.amazonaws.com/survey-images/1bf8ff4b-ab0a-445e-a8b9-3fe55b34b186/q_harvest_bags_photo/JPEG_20221023_165721_7370953318172810145.jpg,,,https://mavuno-files.s3-eu-west-1.amazonaws.com/survey-images/1fb10ca3-6471-470d-974c-5b79ac0d0373/q_field_photo/JPEG_20221023_145601_1600061526397928390.jpg,10.91546941,10.20865113,15.26,https://mavuno-files.s3-eu-west-1.amazonaws.com/survey-images/1bf8ff4b-ab0a-445e-a8b9-3fe55b34b186/q_box1_wet_weight_photo/JPEG_20221023_165304_3619232660579909889.jpg,12.67,https://mavuno-files.s3-eu-west-1.amazonaws.com/survey-images/1bf8ff4b-ab0a-445e-a8b9-3fe55b34b186/q_box2_wet_weight_photo/JPEG_20221023_165557_4606717581831429082.jpg,12.3,https://mavuno-files.s3-eu-west-1.amazonaws.com/survey-images/7b42902e-3f42-4a86-bbc7-2f29391f341c/q_box1_dry_weight_photo/JPEG_20221108_153005_23551160436462333.jpg,10.35,https://mavuno-files.s3-eu-west-1.amazonaws.com/survey-images/7b42902e-3f42-4a86-bbc7-2f29391f341c/q_box2_dry_weight_photo/JPEG_20221108_153125_4964801748562149323.jpg,3.075,2.5875,used box 1 and 25450,2.83125,have average yields,2022.0_179_Client_K,0,0.2345688222651731,0.6217949102686636,3.030923128128052,,,,
bb5bd785-3437-422e-be52-89953f99255e,Rice,2022.0,Nigeria,https://mavuno-files.s3-eu-west-1.amazonaws.com/survey-images/4228836e-69c1-434f-9aee-53d7fcfb95ee/q_wet_harvest_photo/JPEG_20221017_160500_2611536719982406874.jpg,https://mavuno-files.s3-eu-west-1.amazonaws.com/survey-images/4228836e-69c1-434f-9aee-53d7fcfb95ee/q_harvest_bags_photo/JPEG_20221017_160546_3285118329819987242.jpg,,,https://mavuno-files.s3-eu-west-1.amazonaws.com/survey-images/346b1501-d478-40e5-91db-9edf5ed98329/q_field_photo/JPEG_20221017_143218_2570629612480648174.jpg,11.22105544,8.940727338,15.69,https://mavuno-files.s3-eu-west-1.amazonaws.com/survey-images/4228836e-69c1-434f-9aee-53d7fcfb95ee/q_box1_wet_weight_photo/JPEG_20221017_155831_4614042219245429044.jpg,15.4,https://mavuno-files.s3-eu-west-1.amazonaws.com/survey-images/4228836e-69c1-434f-9aee-53d7fcfb95ee/q_box2_wet_weight_photo/JPEG_20221017_160213_3318983067387769362.jpg,12.61,https://mavuno-files.s3-eu-west-1.amazonaws.com/survey-images/1d902758-4190-4ded-9e27-ea872b91da97/q_box1_dry_weight_photo/JPEG_20221101_111703_4036572367553139382.jpg,12.2,https://mavuno-files.s3-eu-west-1.amazonaws.com/survey-images/1d902758-4190-4ded-9e27-ea872b91da97/q_box2_dry_weight_photo/JPEG_20221101_111750_912139806561196389.jpg,3.1525,3.05,used box 1 and 25501,3.10125,have average yields,2022.0_201_Client_K,0,0.4047525545404082,-0.1713461138995366,2.785189151763916,,,,
bbbd2066-0851-4223-8770-4ddf5ae7feba,Rice,2022.0,Nigeria,https://mavuno-files.s3-eu-west-1.amazonaws.com/survey-images/966a37c7-989c-4ae4-888c-d0f0d4830391/q_wet_harvest_photo/JPEG_20221022_112023_6039087527200148510.jpg,https://mavuno-files.s3-eu-west-1.amazonaws.com/survey-images/966a37c7-989c-4ae4-888c-d0f0d4830391/q_harvest_bags_photo/JPEG_20221022_112036_1609101848156167982.jpg,,,https://mavuno-files.s3-eu-west-1.amazonaws.com/survey-images/c63ba0b7-46eb-46f4-937c-d069a7369e5f/q_field_photo/JPEG_20221022_095610_5342509599283427350.jpg,11.51811139,8.961527534,13.76,https://mavuno-files.s3-eu-west-1.amazonaws.com/survey-images/966a37c7-989c-4ae4-888c-d0f0d4830391/q_box1_wet_weight_photo/JPEG_20221022_111743_3959746684381584676.jpg,14.43,https://mavuno-files.s3-eu-west-1.amazonaws.com/survey-images/966a37c7-989c-4ae4-888c-d0f0d4830391/q_box2_wet_weight_photo/JPEG_20221022_111851_4180532897126648237.jpg,10.79,https://mavuno-files.s3-eu-west-1.amazonaws.com/survey-images/467839f6-fb13-4a32-96e0-f7666b491c0d/q_box1_dry_weight_photo/JPEG_20221125_081649_5869707430632178916.jpg,11.41,https://mavuno-files.s3-eu-west-1.amazonaws.com/survey-images/467839f6-fb13-4a32-96e0-f7666b491c0d/q_box2_dry_weight_photo/JPEG_20221125_081731_2724455599606154543.jpg,2.6975,2.8525,used box 1 and 25554,2.775,have average yields,2022.0_201_Client_K,3,0.5701858050903937,-0.1583346940788577,,,,3.057835340499878,
bc69e8b0-0231-4846-b930-34178dfdfa1d,Rice,2022.0,Nigeria,https://mavuno-files.s3-eu-west-1.amazonaws.com/survey-images/50be4f13-7ed9-486a-aa84-18b8a17906bd/q_wet_harvest_photo/JPEG_20221127_114026_555517087174837440.jpg,https://mavuno-files.s3-eu-west-1.amazonaws.com/survey-images/50be4f13-7ed9-486a-aa84-18b8a17906bd/q_harvest_bags_photo/JPEG_20221127_114039_9058264111985262044.jpg,,,https://mavuno-files.s3-eu-west-1.amazonaws.com/survey-images/9d122ba2-2251-4cd9-ab6e-2d0066a282d5/q_field_photo/JPEG_20221028_114628_2084389108642029691.jpg,7.7353728,9.3045109,5.12,https://mavuno-files.s3-eu-west-1.amazonaws.com/survey-images/50be4f13-7ed9-486a-aa84-18b8a17906bd/q_box1_wet_weight_photo/JPEG_20221127_113557_6308164781823043247.jpg,8.085,https://mavuno-files.s3-eu-west-1.amazonaws.com/survey-images/50be4f13-7ed9-486a-aa84-18b8a17906bd/q_box2_wet_weight_photo/JPEG_20221127_113919_5933473815030934040.jpg,5.12,https://mavuno-files.s3-eu-west-1.amazonaws.com/survey-images/33e345da-16ed-4d42-86a7-7edfee777ad6/q_box1_dry_weight_photo/JPEG_20221127_114324_6573741063258636918.jpg,7.985,https://mavuno-files.s3-eu-west-1.amazonaws.com/survey-images/33e345da-16ed-4d42-86a7-7edfee777ad6/q_box2_dry_weight_photo/JPEG_20221127_114502_51200308760236379.jpg,1.28,1.99625,used box 1 and 25642,1.638125,have average yields,2022.0_5_Client_AU,2,-1.53645686920908,0.0562161960442743,,,0.8615996241569519,,
bca2dff1-0f72-4b57-a3db-ecdde4df3a7d,Rice,2022.0,Nigeria,https://mavuno-files.s3-eu-west-1.amazonaws.com/survey-images/1e6c325b-bc7e-44f2-863f-470fd0ad19b5/q_wet_harvest_photo/JPEG_20221111_123245_4796370988256051682.jpg,https://mavuno-files.s3-eu-west-1.amazonaws.com/survey-images/1e6c325b-bc7e-44f2-863f-470fd0ad19b5/q_harvest_bags_photo/JPEG_20221111_123345_1293272410322837827.jpg,,,https://mavuno-files.s3-eu-west-1.amazonaws.com/survey-images/ef92c29b-8e48-44c9-95b7-878eed5a8ebd/q_field_photo/JPEG_20221023_102742_1121205051478258486.jpg,10.6763635,11.4757584,8.245,https://mavuno-files.s3-eu-west-1.amazonaws.com/survey-images/1e6c325b-bc7e-44f2-863f-470fd0ad19b5/q_box1_wet_weight_photo/JPEG_20221111_120610_8888257461400089662.jpg,9.28,https://mavuno-files.s3-eu-west-1.amazonaws.com/survey-images/1e6c325b-bc7e-44f2-863f-470fd0ad19b5/q_box2_wet_weight_photo/JPEG_20221111_121634_1425105760644016586.jpg,7.245,https://mavuno-files.s3-eu-west-1.amazonaws.com/survey-images/7d7248e4-ea88-4c81-8a09-65b49b1c0883/q_box1_dry_weight_photo/JPEG_20221111_123747_6817141837847539735.jpg,7.36,https://mavuno-files.s3-eu-west-1.amazonaws.com/survey-images/7d7248e4-ea88-4c81-8a09-65b49b1c0883/q_box2_dry_weight_photo/JPEG_20221111_124328_4914639385198763660.jpg,1.81125,1.84,used box 1 and 25665,1.825625,have average yields,2022.0_200_Client_S,0,0.1014084936570025,1.4144251647049435,1.5153056383132937,,,,
bcb465cd-6410-4310-b308-2bb304b9878a,Rice,2022.0,Nigeria,https://mavuno-files.s3-eu-west-1.amazonaws.com/survey-images/07812913-854e-464a-9e33-8f1c8639c505/q_wet_harvest_photo/JPEG_20221102_105112_5222552906833248158.jpg,https://mavuno-files.s3-eu-west-1.amazonaws.com/survey-images/07812913-854e-464a-9e33-8f1c8639c505/q_harvest_bags_photo/JPEG_20221102_105312_2029924796992640954.jpg,,,https://mavuno-files.s3-eu-west-1.amazonaws.com/survey-images/253e15c2-df7e-4735-96de-1f69d5dfdf2d/q_field_photo/JPEG_20221025_121250_1558529990332267537.jpg,8.5673393,8.425428,3.83,https://mavuno-files.s3-eu-west-1.amazonaws.com/survey-images/07812913-854e-464a-9e33-8f1c8639c505/q_box1_wet_weight_photo/JPEG_20221102_104509_4599397697782602407.jpg,2.945,https://mavuno-files.s3-eu-west-1.amazonaws.com/survey-images/07812913-854e-464a-9e33-8f1c8639c505/q_box2_wet_weight_photo/JPEG_20221102_104825_547578668132043635.jpg,3.415,https://mavuno-files.s3-eu-west-1.amazonaws.com/survey-images/358f2dbb-2a47-4356-9a65-39ad0a9cf782/q_box1_dry_weight_photo/JPEG_20221105_104209_2786236330934429060.jpg,2.055,https://mavuno-files.s3-eu-west-1.amazonaws.com/survey-images/358f2dbb-2a47-4356-9a65-39ad0a9cf782/q_box2_dry_weight_photo/JPEG_20221105_105050_8258281059007554490.jpg,0.85375,0.51375,used box 1 and 25674,0.68375,have average yields,2022.0_169_Client_AU,3,-1.0731269058008568,-0.4936880774096873,,,,0.9604029655456544,
bccf9214-583e-4320-a156-9b7df0d191a9,Rice,2022.0,Nigeria,https://mavuno-files.s3-eu-west-1.amazonaws.com/survey-images/f35d530e-dff4-48ca-a2ef-3d6efa5188ff/q_wet_harvest_photo/JPEG_20221020_141641_573776643348200415.jpg,https://mavuno-files.s3-eu-west-1.amazonaws.com/survey-images/f35d530e-dff4-48ca-a2ef-3d6efa5188ff/q_harvest_bags_photo/JPEG_20221020_141651_2812866339266126216.jpg,,,https://mavuno-files.s3-eu-west-1.amazonaws.com/survey-images/8ea74c38-7c9f-4929-83f0-fc44a43872d0/q_field_photo/JPEG_20221020_134746_314194336889673889.jpg,11.76756067,9.718226641,15.04,https://mavuno-files.s3-eu-west-1.amazonaws.com/survey-images/f35d530e-dff4-48ca-a2ef-3d6efa5188ff/q_box1_wet_weight_photo/JPEG_20221020_141253_5021114102524498996.jpg,12.7,https://mavuno-files.s3-eu-west-1.amazonaws.com/survey-images/f35d530e-dff4-48ca-a2ef-3d6efa5188ff/q_box2_wet_weight_photo/JPEG_20221020_141541_4617547657468057288.jpg,12.91,https://mavuno-files.s3-eu-west-1.amazonaws.com/survey-images/03ad7fa0-9b1d-400e-a7ad-0e58728b9aef/q_box1_dry_weight_photo/JPEG_20221128_131449_950594060035407069.jpg,10.98,https://mavuno-files.s3-eu-west-1.amazonaws.com/survey-images/03ad7fa0-9b1d-400e-a7ad-0e58728b9aef/q_box2_dry_weight_photo/JPEG_20221128_131556_4832901434136830049.jpg,3.2275,2.745,used box 1 and 25690,2.98625,have average yields,2022.0_113_Client_K,1,0.7091064536677195,0.3150132377920683,,2.711777687072754,,,
bd47cdac-588d-431d-afb0-752e4be8c81c,Rice,2022.0,Nigeria,,,,,https://mavuno-files.s3-eu-west-1.amazonaws.com/survey-images/45efa0d3-f968-4043-9688-cde75c0ee631/q_field_photo/JPEG_20221021_085612_3999939807393731382.jpg,11.0887879,9.585551508,17.74,,18.09,,12.45,https://mavuno-files.s3-eu-west-1.amazonaws.com/survey-images/9e1aaf4f-ad15-4f2c-9704-0d90aea4e39c/q_box1_dry_weight_photo/JPEG_20221206_083205_8634702247031899259.jpg,13.36,https://mavuno-files.s3-eu-west-1.amazonaws.com/survey-images/9e1aaf4f-ad15-4f2c-9704-0d90aea4e39c/q_box2_dry_weight_photo/JPEG_20221206_083249_8941144618137454656.jpg,3.1125,3.34,used box 1 and 25765,3.22625,have average yields,2022.0_197_Client_K,3,0.3310915183468884,0.232019219119003,,,,3.1294445991516118,
bd521014-93f9-4ad9-84de-caa3cdbdea04,Rice,2022.0,Nigeria,https://mavuno-files.s3-eu-west-1.amazonaws.com/survey-images/ddaf07e4-757b-43ea-9f24-2935a8efced0/q_wet_harvest_photo/JPEG_20220906_154231_1643996296.jpg,https://mavuno-files.s3-eu-west-1.amazonaws.com/survey-images/ddaf07e4-757b-43ea-9f24-2935a8efced0/q_harvest_bags_photo/JPEG_20220906_154318_1443981643.jpg,,,https://mavuno-files.s3-eu-west-1.amazonaws.com/survey-images/4ce9e2ee-abaa-47fc-bc1d-71c82badc614/q_field_photo/JPEG_20220719_151309_1384436259.jpg,12.6379517,10.3045766,17.89,https://mavuno-files.s3-eu-west-1.amazonaws.com/survey-images/ddaf07e4-757b-43ea-9f24-2935a8efced0/q_box1_wet_weight_photo/JPEG_20220906_152816_1081755483.jpg,20.17,https://mavuno-files.s3-eu-west-1.amazonaws.com/survey-images/ddaf07e4-757b-43ea-9f24-2935a8efced0/q_box2_wet_weight_photo/JPEG_20220906_154146_1868484588.jpg,17.58,https://mavuno-files.s3-eu-west-1.amazonaws.com/survey-images/232deaf2-0a35-487c-9a4c-87c5549bdcd5/q_box1_dry_weight_photo/JPEG_20220907_093557_633346000.jpg,19.35,https://mavuno-files.s3-eu-west-1.amazonaws.com/survey-images/232deaf2-0a35-487c-9a4c-87c5549bdcd5/q_box2_dry_weight_photo/JPEG_20220907_094139_1450546539.jpg,4.395,4.8375,used box 1 and 25770,4.61625,have average yields,2022.0_105_Client_BS,2,1.1938353989807169,0.681800429527519,,,3.070294141769409,,
bdaf49ea-409c-4815-9ff6-1ac9c4ba0e4f,Rice,2022.0,Nigeria,https://mavuno-files.s3-eu-west-1.amazonaws.com/survey-images/6bbff572-6d60-420b-8612-c99601a06c0a/q_wet_harvest_photo/JPEG_20221211_164930_8992223767860271168.jpg,https://mavuno-files.s3-eu-west-1.amazonaws.com/survey-images/6bbff572-6d60-420b-8612-c99601a06c0a/q_harvest_bags_photo/JPEG_20221211_164945_8062977021076358974.jpg,,,https://mavuno-files.s3-eu-west-1.amazonaws.com/survey-images/23bc59b3-e82c-49d4-b093-80470fb15f0a/q_field_photo/JPEG_20221103_085935_1096389923638841562.jpg,9.751319,6.6887338,9.82,https://mavuno-files.s3-eu-west-1.amazonaws.com/survey-images/6bbff572-6d60-420b-8612-c99601a06c0a/q_box1_wet_weight_photo/JPEG_20221211_164637_4359843001581180954.jpg,9.735,https://mavuno-files.s3-eu-west-1.amazonaws.com/survey-images/6bbff572-6d60-420b-8612-c99601a06c0a/q_box2_wet_weight_photo/JPEG_20221211_164801_2725492651578364673.jpg,8.535,https://mavuno-files.s3-eu-west-1.amazonaws.com/survey-images/3868be66-01f4-4831-90a5-c4a7d34a7c04/q_box1_dry_weight_photo/JPEG_20221213_171036_7214336790046307116.jpg,8.67,https://mavuno-files.s3-eu-west-1.amazonaws.com/survey-images/3868be66-01f4-4831-90a5-c4a7d34a7c04/q_box2_dry_weight_photo/JPEG_20221213_171252_6086083974393745455.jpg,2.13375,2.1675,used box 1 and 25818,2.150625,have average yields,2022.0_17_Client_P,2,-0.4137574827807244,-1.580065212333719,,,2.011664867401123,,
be435494-6b3f-4b0a-a32d-cda6d504bec8,Rice,2022.0,Nigeria,https://mavuno-files.s3-eu-west-1.amazonaws.com/survey-images/fa1b5ff9-8c0c-452e-941c-65c2485b8b69/q_wet_harvest_photo/JPEG_20221021_105116_2403714270978733241.jpg,https://mavuno-files.s3-eu-west-1.amazonaws.com/survey-images/fa1b5ff9-8c0c-452e-941c-65c2485b8b69/q_harvest_bags_photo/JPEG_20221021_105209_8441334559176483886.jpg,,,https://mavuno-files.s3-eu-west-1.amazonaws.com/survey-images/c1149cbf-c04f-4ced-9085-953a41002e09/q_field_photo/JPEG_20221021_071748_9117334749383219151.jpg,12.53830705,10.55521633,14.48,https://mavuno-files.s3-eu-west-1.amazonaws.com/survey-images/fa1b5ff9-8c0c-452e-941c-65c2485b8b69/q_box1_wet_weight_photo/JPEG_20221021_104719_1235033373317741569.jpg,15.48,https://mavuno-files.s3-eu-west-1.amazonaws.com/survey-images/fa1b5ff9-8c0c-452e-941c-65c2485b8b69/q_box2_wet_weight_photo/JPEG_20221021_104920_7959964897073305619.jpg,12.92,https://mavuno-files.s3-eu-west-1.amazonaws.com/survey-images/c6721fe8-f6f1-4133-9136-53f60f6c9230/q_box1_dry_weight_photo/JPEG_20221024_105629_1551362393256362640.jpg,13.3,https://mavuno-files.s3-eu-west-1.amazonaws.com/survey-images/c6721fe8-f6f1-4133-9136-53f60f6c9230/q_box2_dry_weight_photo/JPEG_20221024_105747_5629440652735317698.jpg,3.23,3.325,used box 1 and 25891,3.2775,have average yields,2022.0_105_Client_K,3,1.1383423568470188,0.8385863920622775,,,,2.859468936920166,
be4d35f2-94f5-4c79-97aa-b7f427d87b1f,Rice,2022.0,Nigeria,https://mavuno-files.s3-eu-west-1.amazonaws.com/survey-images/33ec2bde-86a3-4a01-a931-fda1c71b3508/q_wet_harvest_photo/JPEG_20221206_130243_3608173704508293437.jpg,https://mavuno-files.s3-eu-west-1.amazonaws.com/survey-images/33ec2bde-86a3-4a01-a931-fda1c71b3508/q_harvest_bags_photo/JPEG_20221206_130252_739498313603082544.jpg,,,https://mavuno-files.s3-eu-west-1.amazonaws.com/survey-images/c5a38990-31f3-403f-a809-fcd547cf5519/q_field_photo/JPEG_20221129_151147_1383889278647680625.jpg,11.14262867,4.579708561,5.26,https://mavuno-files.s3-eu-west-1.amazonaws.com/survey-images/33ec2bde-86a3-4a01-a931-fda1c71b3508/q_box1_wet_weight_photo/JPEG_20221206_130009_1972385215205913783.jpg,5.535,https://mavuno-files.s3-eu-west-1.amazonaws.com/survey-images/33ec2bde-86a3-4a01-a931-fda1c71b3508/q_box2_wet_weight_photo/JPEG_20221206_130154_1923200186247259860.jpg,5.12,https://mavuno-files.s3-eu-west-1.amazonaws.com/survey-images/3aa5bbc0-61c9-4d99-bbff-dcd73bd1d0c5/q_box1_dry_weight_photo/JPEG_20221209_161236_2737595186294407170.jpg,5.315,https://mavuno-files.s3-eu-west-1.amazonaws.com/survey-images/3aa5bbc0-61c9-4d99-bbff-dcd73bd1d0c5/q_box2_dry_weight_photo/JPEG_20221209_161336_4732973659986510217.jpg,1.28,1.32875,used box 1 and 25900,1.304375,have average yields,2022.0_129_Client_P,0,0.3610759492031439,-2.89935147276304,1.6595216989517212,,,,
beb0f512-84f5-4cf1-9f2e-84dccccd3b53,Rice,2022.0,Nigeria,,,,,https://mavuno-files.s3-eu-west-1.amazonaws.com/survey-images/a01f94d7-d7ae-4cb3-b0be-32fd2c84864f/q_field_photo/JPEG_20220829_152651_5220761740013343082.jpg,6.4510702,8.5076884,0.0,,0.0,,0.0,,0.0,,0.0,0.0,used box 1 and 25958,0.0,have average yields,2022.0_98_Client_AY,1,-2.2516970581627045,-0.442230648882717,,0.0368800461292266,,,
bed0c975-6963-417a-80f0-ffdb5290a47e,Rice,2022.0,Nigeria,https://mavuno-files.s3-eu-west-1.amazonaws.com/survey-images/097c4232-f77f-4ce8-95b8-7995c55d35c0/q_wet_harvest_photo/JPEG_20221026_091640_2179661721392616666.jpg,,,,https://mavuno-files.s3-eu-west-1.amazonaws.com/survey-images/1c3f957b-2d12-455c-8252-857c3df7ec62/q_field_photo/JPEG_20221021_100032_3902299725543731623.jpg,11.66253674,10.22201657,17.45,https://mavuno-files.s3-eu-west-1.amazonaws.com/survey-images/097c4232-f77f-4ce8-95b8-7995c55d35c0/q_box1_wet_weight_photo/JPEG_20221026_091147_2704620366779664582.jpg,16.98,https://mavuno-files.s3-eu-west-1.amazonaws.com/survey-images/097c4232-f77f-4ce8-95b8-7995c55d35c0/q_box2_wet_weight_photo/JPEG_20221026_091430_5120119717950486054.jpg,15.13,https://mavuno-files.s3-eu-west-1.amazonaws.com/survey-images/e6cc492e-ee18-4598-9580-49ededbe5eaf/q_box1_dry_weight_photo/JPEG_20221029_114256_2624137793340205884.jpg,14.47,https://mavuno-files.s3-eu-west-1.amazonaws.com/survey-images/e6cc492e-ee18-4598-9580-49ededbe5eaf/q_box2_dry_weight_photo/JPEG_20221029_114334_3296230422168922066.jpg,3.7825,3.6175,used box 1 and 25974,3.7,have average yields,2022.0_13_Client_K,2,0.6506176399427827,0.6301555695109173,,,3.570255279541016,,
bef97124-029d-40c7-9b4c-3bcda8361167,Rice,2022.0,Nigeria,https://mavuno-files.s3-eu-west-1.amazonaws.com/survey-images/67cfeb71-99d6-44cb-8dd0-a4332e5c3271/q_wet_harvest_photo/JPEG_20220907_132043_798526565.jpg,,,,https://mavuno-files.s3-eu-west-1.amazonaws.com/survey-images/163a60f9-c339-4b0d-8484-86fccb23936a/q_field_photo/JPEG_20220728_105858_51038587.jpg,12.6376357,10.3059178,10.78,https://mavuno-files.s3-eu-west-1.amazonaws.com/survey-images/67cfeb71-99d6-44cb-8dd0-a4332e5c3271/q_box1_wet_weight_photo/JPEG_20220907_131725_107368566.jpg,19.62,https://mavuno-files.s3-eu-west-1.amazonaws.com/survey-images/67cfeb71-99d6-44cb-8dd0-a4332e5c3271/q_box2_wet_weight_photo/JPEG_20220907_131959_1913925143.jpg,10.62,https://mavuno-files.s3-eu-west-1.amazonaws.com/survey-images/82e70168-b828-4e71-973c-aec885588662/q_box1_dry_weight_photo/JPEG_20220908_114433_1410406321.jpg,19.36,https://mavuno-files.s3-eu-west-1.amazonaws.com/survey-images/82e70168-b828-4e71-973c-aec885588662/q_box2_dry_weight_photo/JPEG_20220908_114840_415219267.jpg,2.655,4.84,used box 1 and 25991,3.7475,have average yields,2022.0_105_Client_BS,0,1.193659415610669,0.6826394079805815,3.523505449295044,,,,
bf37afd2-c2df-4aa7-8241-651921a1be17,Rice,2022.0,Nigeria,https://mavuno-files.s3-eu-west-1.amazonaws.com/survey-images/cd597c43-e70f-4663-815b-7a1228874675/q_wet_harvest_photo/JPEG_20221108_144802_1698417518141760612.jpg,,,,https://mavuno-files.s3-eu-west-1.amazonaws.com/survey-images/b550da2b-f975-472a-b17e-92fe2a085f58/q_field_photo/JPEG_20221031_091737_836034538926757848.jpg,8.1381742,9.0924774,5.415,https://mavuno-files.s3-eu-west-1.amazonaws.com/survey-images/cd597c43-e70f-4663-815b-7a1228874675/q_box1_wet_weight_photo/JPEG_20221108_144128_1248900456885527545.jpg,6.495,https://mavuno-files.s3-eu-west-1.amazonaws.com/survey-images/cd597c43-e70f-4663-815b-7a1228874675/q_box2_wet_weight_photo/JPEG_20221108_144357_149610929024351928.jpg,4.795,https://mavuno-files.s3-eu-west-1.amazonaws.com/survey-images/0e2f09cc-04cb-4ff2-8096-8c2cb0fabb30/q_box1_dry_weight_photo/JPEG_20221108_152319_7296150517207636638.jpg,5.46,https://mavuno-files.s3-eu-west-1.amazonaws.com/survey-images/0e2f09cc-04cb-4ff2-8096-8c2cb0fabb30/q_box2_dry_weight_photo/JPEG_20221108_152518_1887697214461079210.jpg,1.19875,1.365,used box 1 and 26024,1.281875,have average yields,2022.0_173_Client_AU,2,-1.312132983664673,-0.0764199043342004,,,0.9543270468711852,,
bf4c286e-8b1c-4c00-99af-9a81691f6288,Rice,2022.0,Nigeria,,,,,https://mavuno-files.s3-eu-west-1.amazonaws.com/survey-images/b2b6f2fb-fc8c-4f6f-bead-6369f8130dad/q_field_photo/JPEG_20221025_073201_5002336632642403005.jpg,11.76080103,9.640729912,0.0,,0.0,,0.0,,0.0,,0.0,0.0,used box 1 and 26034,0.0,have average yields,2022.0_56_Client_K,4,0.7053419466186341,0.2665356909579716,,,,,0.6841642260551453
bf61b17a-92c6-48ce-88f9-f8566af761e3,Rice,2022.0,Nigeria,https://mavuno-files.s3-eu-west-1.amazonaws.com/survey-images/e48a5a1e-ba56-42ed-9e28-2bc94e0bc77b/q_wet_harvest_photo/JPEG_20220908_141148_2145525955.jpg,,,,https://mavuno-files.s3-eu-west-1.amazonaws.com/survey-images/551a435c-ca9f-4942-ab33-e6ca9f89aaa6/q_field_photo/JPEG_20220906_105405_1482810242.jpg,12.6418352,10.3085715,15.5,https://mavuno-files.s3-eu-west-1.amazonaws.com/survey-images/e48a5a1e-ba56-42ed-9e28-2bc94e0bc77b/q_box1_wet_weight_photo/JPEG_20220908_140649_814333977.jpg,15.83,https://mavuno-files.s3-eu-west-1.amazonaws.com/survey-images/e48a5a1e-ba56-42ed-9e28-2bc94e0bc77b/q_box2_wet_weight_photo/JPEG_20220908_141047_1591822051.jpg,15.1,,15.53,,3.775,3.8825,used box 1 and 26047,3.82875,have average yields,2022.0_105_Client_BS,4,1.1959981566312896,0.684299411798725,,,,,3.7735164165496826
bf77b7de-bdab-4134-9d0d-e4e5c61a9c69,Rice,2022.0,Nigeria,,,,,https://mavuno-files.s3-eu-west-1.amazonaws.com/survey-images/46ebfdc3-e3e7-4b65-be1d-d64e31e9e499/q_field_photo/JPEG_20221014_142028_6286134378525747285.jpg,7.8741114,8.0022717,0.0,,0.0,,0.0,,0.0,,0.0,0.0,used box 1 and 26060,0.0,have average yields,2022.0_135_Client_AU,4,-1.4591920388808055,-0.7583905960333198,,,,,0.26617828011512756
bfcf75cd-a2ba-4569-aab8-70bce2ba92d0,Rice,2022.0,Nigeria,https://mavuno-files.s3-eu-west-1.amazonaws.com/survey-images/934c76b7-d292-4369-84c2-6aa4c2e54a01/q_wet_harvest_photo/JPEG_20221019_132006_5346975123116597615.jpg,,,,https://mavuno-files.s3-eu-west-1.amazonaws.com/survey-images/9abd4575-1248-43e4-a132-938966175e59/q_field_photo/JPEG_20221019_120451_1792220450698718129.jpg,11.52383029,8.946464919,14.05,https://mavuno-files.s3-eu-west-1.amazonaws.com/survey-images/934c76b7-d292-4369-84c2-6aa4c2e54a01/q_box1_wet_weight_photo/JPEG_20221019_131730_1237849458028815984.jpg,13.89,https://mavuno-files.s3-eu-west-1.amazonaws.com/survey-images/934c76b7-d292-4369-84c2-6aa4c2e54a01/q_box2_wet_weight_photo/JPEG_20221019_131853_2070239214510119221.jpg,11.66,https://mavuno-files.s3-eu-west-1.amazonaws.com/survey-images/aed2e723-9801-4366-9046-084bf4356f99/q_box1_dry_weight_photo/JPEG_20221110_073831_7675980084080693956.jpg,10.87,https://mavuno-files.s3-eu-west-1.amazonaws.com/survey-images/aed2e723-9801-4366-9046-084bf4356f99/q_box2_dry_weight_photo/JPEG_20221110_073941_2626196279127558325.jpg,2.915,2.7175,used box 1 and 26110,2.81625,have average yields,2022.0_201_Client_K,0,0.5733707142516823,-0.1677570094917631,3.0223939418792725,,,,
c010eedf-dfd4-4510-8f44-624c65dec3dd,Rice,2022.0,Nigeria,https://mavuno-files.s3-eu-west-1.amazonaws.com/survey-images/4adac89b-163e-4aa8-9112-4415d9ef765c/q_wet_harvest_photo/JPEG_20221019_133505_6247004954039170964.jpg,,,,https://mavuno-files.s3-eu-west-1.amazonaws.com/survey-images/48b41872-b7b5-473b-8774-c70660e63ee0/q_field_photo/JPEG_20221019_124753_8065457698397600649.jpg,11.48973138,9.491032809,14.84,https://mavuno-files.s3-eu-west-1.amazonaws.com/survey-images/4adac89b-163e-4aa8-9112-4415d9ef765c/q_box1_wet_weight_photo/JPEG_20221019_133256_2573483111811972436.jpg,15.17,https://mavuno-files.s3-eu-west-1.amazonaws.com/survey-images/4adac89b-163e-4aa8-9112-4415d9ef765c/q_box2_wet_weight_photo/JPEG_20221019_133357_3686177632022658314.jpg,11.86,https://mavuno-files.s3-eu-west-1.amazonaws.com/survey-images/c475a605-d9d3-41f3-ab55-2beb13b1bd51/q_box1_dry_weight_photo/JPEG_20221201_124123_5356571825475349748.jpg,12.55,https://mavuno-files.s3-eu-west-1.amazonaws.com/survey-images/c475a605-d9d3-41f3-ab55-2beb13b1bd51/q_box2_dry_weight_photo/JPEG_20221201_124237_8811614615155957153.jpg,2.965,3.1375,used box 1 and 26142,3.05125,have average yields,2022.0_7_Client_K,0,0.5543807107809177,0.1728936958021365,2.70840835571289,,,,
c088c1a9-742f-4dae-84c8-3668d7963285,Rice,2022.0,Nigeria,https://mavuno-files.s3-eu-west-1.amazonaws.com/survey-images/a52f2c94-116f-4732-8aa0-c4a7f626511f/q_wet_harvest_photo/JPEG_20221024_084640_2612818540124547379.jpg,,,,https://mavuno-files.s3-eu-west-1.amazonaws.com/survey-images/56cdfd63-4305-4cfe-a77e-16cf74511a62/q_field_photo/JPEG_20221023_145452_3129137114172700670.jpg,11.25771256,8.418062031,16.24,https://mavuno-files.s3-eu-west-1.amazonaws.com/survey-images/a52f2c94-116f-4732-8aa0-c4a7f626511f/q_box1_wet_weight_photo/JPEG_20221024_084441_5638918141807963555.jpg,15.59,https://mavuno-files.s3-eu-west-1.amazonaws.com/survey-images/a52f2c94-116f-4732-8aa0-c4a7f626511f/q_box2_wet_weight_photo/JPEG_20221024_084551_2772704160681277496.jpg,13.54,https://mavuno-files.s3-eu-west-1.amazonaws.com/survey-images/bc9bff74-fd54-4c1b-add5-28ea5d5f452e/q_box1_dry_weight_photo/JPEG_20221127_163552_745556431714146637.jpg,12.33,https://mavuno-files.s3-eu-west-1.amazonaws.com/survey-images/bc9bff74-fd54-4c1b-add5-28ea5d5f452e/q_box2_dry_weight_photo/JPEG_20221127_163638_7634513325107858866.jpg,3.385,3.0825,used box 1 and 26207,3.23375,have average yields,2022.0_201_Client_K,3,0.4251672492044969,-0.4982958087524646,,,,2.734979152679444,
c098bdf8-96c2-4b2d-bae0-67fb70c784ca,Rice,2022.0,Nigeria,https://mavuno-files.s3-eu-west-1.amazonaws.com/survey-images/178d9a83-cc91-47e7-b5a5-5218f9186528/q_wet_harvest_photo/JPEG_20221121_112848_5239931577289060097.jpg,,,,https://mavuno-files.s3-eu-west-1.amazonaws.com/survey-images/0b7b2ffe-d1a5-4780-b66d-7353bc53c685/q_field_photo/JPEG_20221128_093258_2596408690737336638.jpg,11.13383712,4.573551847,5.975,https://mavuno-files.s3-eu-west-1.amazonaws.com/survey-images/178d9a83-cc91-47e7-b5a5-5218f9186528/q_box1_wet_weight_photo/JPEG_20221121_111729_4915525339878507255.jpg,6.395,https://mavuno-files.s3-eu-west-1.amazonaws.com/survey-images/178d9a83-cc91-47e7-b5a5-5218f9186528/q_box2_wet_weight_photo/JPEG_20221121_112307_7074176347296266435.jpg,5.735,https://mavuno-files.s3-eu-west-1.amazonaws.com/survey-images/eed83796-87ab-4f94-8eab-8490cd141013/q_box1_dry_weight_photo/JPEG_20221128_141151_4633556384298255866.jpg,6.155,https://mavuno-files.s3-eu-west-1.amazonaws.com/survey-images/eed83796-87ab-4f94-8eab-8490cd141013/q_box2_dry_weight_photo/JPEG_20221128_141250_6791533035252467367.jpg,1.43375,1.53875,used box 1 and 26215,1.48625,have average yields,2022.0_129_Client_P,2,0.3561798523773685,-2.9032027629417407,,,1.3768341541290283,,
c1006cad-af97-4638-a47e-98f9e2e7a9c5,Rice,2022.0,Nigeria,https://mavuno-files.s3-eu-west-1.amazonaws.com/survey-images/9591702e-c813-4bed-a793-c1ad0f950d3a/q_wet_harvest_photo/JPEG_20220720_081649_354440288090802607.jpg,,,,https://mavuno-files.s3-eu-west-1.amazonaws.com/survey-images/2b27fb3a-b225-4985-85d3-c9d87996709e/q_field_photo/JPEG_20220718_112235_1877287956811975147.jpg,12.5935883,10.5371881,5.095,https://mavuno-files.s3-eu-west-1.amazonaws.com/survey-images/9591702e-c813-4bed-a793-c1ad0f950d3a/q_box1_wet_weight_photo/JPEG_20220720_081343_6636800536339637298.jpg,4.865,https://mavuno-files.s3-eu-west-1.amazonaws.com/survey-images/9591702e-c813-4bed-a793-c1ad0f950d3a/q_box2_wet_weight_photo/JPEG_20220720_081533_4548786559806383354.jpg,5.03,https://mavuno-files.s3-eu-west-1.amazonaws.com/survey-images/83173713-a19d-4326-8ed5-c419dbb7a5c3/q_box1_dry_weight_photo/JPEG_20220814_115109_1000778340563839921.jpg,4.815,https://mavuno-files.s3-eu-west-1.amazonaws.com/survey-images/83173713-a19d-4326-8ed5-c419dbb7a5c3/q_box2_dry_weight_photo/JPEG_20220814_115252_7972236667795475207.jpg,1.2575,1.20375,used box 1 and 26268,1.230625,have average yields,2022.0_105_Client_BW,2,1.1691290045541811,0.827308956544181,,,0.5701436400413513,,
c1264f68-30f8-47ff-b0b1-5b9c3008ac3a,Rice,2022.0,Nigeria,https://mavuno-files.s3-eu-west-1.amazonaws.com/survey-images/de67aeea-53af-4b54-b3db-69a11c636cc4/q_wet_harvest_photo/JPEG_20220719_171255_5744584534015184743.jpg,,,,https://mavuno-files.s3-eu-west-1.amazonaws.com/survey-images/e9367547-5d5e-4efc-8f10-328db9175f8a/q_field_photo/JPEG_20220716_145020_6753819644067787510.jpg,12.5929633,10.5378536,1.96,https://mavuno-files.s3-eu-west-1.amazonaws.com/survey-images/de67aeea-53af-4b54-b3db-69a11c636cc4/q_box1_wet_weight_photo/JPEG_20220719_171102_70019601360223866.jpg,1.715,https://mavuno-files.s3-eu-west-1.amazonaws.com/survey-images/de67aeea-53af-4b54-b3db-69a11c636cc4/q_box2_wet_weight_photo/JPEG_20220719_171214_3109898267870800087.jpg,1.95,https://mavuno-files.s3-eu-west-1.amazonaws.com/survey-images/892595a6-046c-4bd4-847a-3af8c5a36f4d/q_box1_dry_weight_photo/JPEG_20220814_105001_8450141288114677926.jpg,1.685,https://mavuno-files.s3-eu-west-1.amazonaws.com/survey-images/892595a6-046c-4bd4-847a-3af8c5a36f4d/q_box2_dry_weight_photo/JPEG_20220814_105600_3823088238818962619.jpg,0.4875,0.42125,used box 1 and 26282,0.454375,have average yields,2022.0_105_Client_BW,0,1.1687809361798769,0.8277252555007228,1.2261933088302612,,,,
c1494a39-d820-48cd-abfe-9fbb03b5ffa2,Rice,2022.0,Nigeria,https://mavuno-files.s3-eu-west-1.amazonaws.com/survey-images/71e65a72-1a9b-47f9-afb8-d4103fb39f9c/q_wet_harvest_photo/JPEG_20221028_082504_2499150144516097777.jpg,,,,https://mavuno-files.s3-eu-west-1.amazonaws.com/survey-images/7d3fe122-929c-4073-903c-c05e1e0bd764/q_field_photo/JPEG_20221028_072824_7601525486241002946.jpg,11.77400637,9.597135633,15.39,https://mavuno-files.s3-eu-west-1.amazonaws.com/survey-images/71e65a72-1a9b-47f9-afb8-d4103fb39f9c/q_box1_wet_weight_photo/JPEG_20221028_082205_8195264081940451302.jpg,15.02,https://mavuno-files.s3-eu-west-1.amazonaws.com/survey-images/71e65a72-1a9b-47f9-afb8-d4103fb39f9c/q_box2_wet_weight_photo/JPEG_20221028_082410_5955479402716624993.jpg,12.09,https://mavuno-files.s3-eu-west-1.amazonaws.com/survey-images/5595c7bc-d8ce-4545-bcb7-f3b55d2189cd/q_box1_dry_weight_photo/JPEG_20211201_112211_2859090069722569688.jpg,12.05,https://mavuno-files.s3-eu-west-1.amazonaws.com/survey-images/5595c7bc-d8ce-4545-bcb7-f3b55d2189cd/q_box2_dry_weight_photo/JPEG_20211201_112305_8799102738822927639.jpg,3.0225,3.0125,used box 1 and 26306,3.0175,have average yields,2022.0_56_Client_K,3,0.7126961245801188,0.2392655889912019,,,,2.796094417572021,
c1832489-2d30-47f6-82be-3a4c75f2258d,Rice,2022.0,Nigeria,https://mavuno-files.s3-eu-west-1.amazonaws.com/survey-images/f2527026-123a-4099-a1e9-208146b1efd2/q_wet_harvest_photo/JPEG_20221117_144203_6323095425240220079.jpg,,,,https://mavuno-files.s3-eu-west-1.amazonaws.com/survey-images/cea0cb26-5ad4-451d-9b31-8be8be5998f0/q_field_photo/JPEG_20221117_092151_4507396683004363530.jpg,11.9734473,8.8684779,8.345,https://mavuno-files.s3-eu-west-1.amazonaws.com/survey-images/f2527026-123a-4099-a1e9-208146b1efd2/q_box1_wet_weight_photo/JPEG_20221117_143503_997464548682624221.jpg,8.75,https://mavuno-files.s3-eu-west-1.amazonaws.com/survey-images/f2527026-123a-4099-a1e9-208146b1efd2/q_box2_wet_weight_photo/JPEG_20221117_143801_8336368190747729722.jpg,7.645,https://mavuno-files.s3-eu-west-1.amazonaws.com/survey-images/e7dfc855-17cb-4bfc-9668-11f3d262af63/q_box1_dry_weight_photo/JPEG_20221119_101009_1005406697008139134.jpg,8.095,https://mavuno-files.s3-eu-west-1.amazonaws.com/survey-images/e7dfc855-17cb-4bfc-9668-11f3d262af63/q_box2_dry_weight_photo/JPEG_20221119_101215_4825270252282811587.jpg,1.91125,2.02375,used box 1 and 26335,1.9675,have average yields,2022.0_56_Client_P,1,0.8237666530196676,-0.2165412538696658,,3.818699598312378,,,
c1ad89f3-c8cc-4771-bcf1-e6cfb091f9a7,Rice,2022.0,Nigeria,https://mavuno-files.s3-eu-west-1.amazonaws.com/survey-images/6848f864-78df-4e27-85af-1830085a20f8/q_wet_harvest_photo/JPEG_20221120_163217_7009180733498507068.jpg,,,,https://mavuno-files.s3-eu-west-1.amazonaws.com/survey-images/ac103999-1f14-444e-9375-c3dc38095e6a/q_field_photo/JPEG_20221105_111604_2317833092888082708.jpg,9.8974283,6.8081672,10.05,https://mavuno-files.s3-eu-west-1.amazonaws.com/survey-images/6848f864-78df-4e27-85af-1830085a20f8/q_box1_wet_weight_photo/JPEG_20221120_162608_8271099038512410187.jpg,10.75,https://mavuno-files.s3-eu-west-1.amazonaws.com/survey-images/6848f864-78df-4e27-85af-1830085a20f8/q_box2_wet_weight_photo/JPEG_20221120_163136_2752641372253456949.jpg,9.535,https://mavuno-files.s3-eu-west-1.amazonaws.com/survey-images/361b8178-cf32-4c32-b5f7-a814572bf5fb/q_box1_dry_weight_photo/JPEG_20221120_163645_5767198770212717555.jpg,9.595,https://mavuno-files.s3-eu-west-1.amazonaws.com/survey-images/361b8178-cf32-4c32-b5f7-a814572bf5fb/q_box2_dry_weight_photo/JPEG_20221120_163746_1926299474145782054.jpg,2.38375,2.39875,used box 1 and 26358,2.39125,have average yields,2022.0_17_Client_P,3,-0.3323878403460822,-1.5053544688382692,,,,1.0477160215377808,
c2427133-8ad8-4417-add5-2a0688b61cef,Rice,2022.0,Nigeria,https://mavuno-files.s3-eu-west-1.amazonaws.com/survey-images/a5ff17fb-9f54-4e06-9172-4e9d01c61761/q_wet_harvest_photo/JPEG_20221210_142604_4327794176952943404.jpg,,,,https://mavuno-files.s3-eu-west-1.amazonaws.com/survey-images/61a1217f-255c-48a7-b869-45107bd85605/q_field_photo/JPEG_20221209_162101_7582868140482021892.jpg,11.9794261,8.8760313,6.93,https://mavuno-files.s3-eu-west-1.amazonaws.com/survey-images/a5ff17fb-9f54-4e06-9172-4e9d01c61761/q_box1_wet_weight_photo/JPEG_20221210_142011_6269648915786797970.jpg,6.965,https://mavuno-files.s3-eu-west-1.amazonaws.com/survey-images/a5ff17fb-9f54-4e06-9172-4e9d01c61761/q_box2_wet_weight_photo/JPEG_20221210_142324_4523989753510147533.jpg,5.735,https://mavuno-files.s3-eu-west-1.amazonaws.com/survey-images/fbc561db-cf86-46de-9ca5-2fe001d9eb6d/q_box1_dry_weight_photo/JPEG_20221211_120247_2854088352170916177.jpg,5.665,https://mavuno-files.s3-eu-west-1.amazonaws.com/survey-images/fbc561db-cf86-46de-9ca5-2fe001d9eb6d/q_box2_dry_weight_photo/JPEG_20221211_120422_4935262183704991560.jpg,1.43375,1.41625,used box 1 and 26440,1.425,have average yields,2022.0_56_Client_P,0,0.8270963029337264,-0.211816276351497,1.5314786434173584,,,,
c2e73d70-86d5-4f0d-9c9a-302a3e99151c,Rice,2022.0,Nigeria,,,,,https://mavuno-files.s3-eu-west-1.amazonaws.com/survey-images/4c95dd1d-a1e2-4cd8-ac99-e23599d0c31b/q_field_photo/JPEG_20221027_151121_8443876416925676943.jpg,7.7449117,8.5767717,0.0,,0.0,,0.0,,0.0,,0.0,0.0,used box 1 and 26515,0.0,have average yields,2022.0_106_Client_AU,4,-1.531144566144047,-0.3990160648038974,,,,,-0.07768978178501129
c30d3294-c0d2-44d9-8c04-5117834c5305,Rice,2022.0,Nigeria,https://mavuno-files.s3-eu-west-1.amazonaws.com/survey-images/aad23c27-d9a4-416b-b3e9-03f597705688/q_wet_harvest_photo/JPEG_20221022_081432_6155513996464069877.jpg,,,,https://mavuno-files.s3-eu-west-1.amazonaws.com/survey-images/32522fb0-77a7-4232-867a-04f38cabbdf3/q_field_photo/JPEG_20221022_075454_4363297746814728162.jpg,11.86353989,9.967553727,14.04,https://mavuno-files.s3-eu-west-1.amazonaws.com/survey-images/aad23c27-d9a4-416b-b3e9-03f597705688/q_box1_wet_weight_photo/JPEG_20221022_081145_7248853213042370849.jpg,13.59,https://mavuno-files.s3-eu-west-1.amazonaws.com/survey-images/aad23c27-d9a4-416b-b3e9-03f597705688/q_box2_wet_weight_photo/JPEG_20221022_081348_2405032541317209216.jpg,13.05,https://mavuno-files.s3-eu-west-1.amazonaws.com/survey-images/e6533c58-03fa-46c8-81e6-296a0461d751/q_box1_dry_weight_photo/JPEG_20221122_180732_1419784510291326070.jpg,12.45,https://mavuno-files.s3-eu-west-1.amazonaws.com/survey-images/e6533c58-03fa-46c8-81e6-296a0461d751/q_box2_dry_weight_photo/JPEG_20221122_180908_5518801104761293448.jpg,3.2625,3.1125,used box 1 and 26535,3.1875,have average yields,2022.0_113_Client_K,4,0.7625581833834592,0.4709780848835359,,,,,3.365865468978882
c4266779-079a-45f0-b6ba-9f69421f3d6e,Rice,2022.0,Nigeria,https://mavuno-files.s3-eu-west-1.amazonaws.com/survey-images/460cbc37-876c-4be1-a2a7-384665d4d158/q_wet_harvest_photo/JPEG_20221019_134745_179203941.jpg,,,,https://mavuno-files.s3-eu-west-1.amazonaws.com/survey-images/036aea15-9f4d-445d-b8d7-2bb6c6fedbb0/q_field_photo/JPEG_20220907_113418_1454122192.jpg,12.6451018,10.322134,14.55,,11.44,,14.44,,11.28,,3.61,2.82,used box 1 and 26688,3.215,have average yields,2022.0_105_Client_BS,3,1.1978173568736914,0.6927833405712217,,,,3.6141109466552734,
c4bb15c8-36c5-4555-8071-f9d22a7b6540,Rice,2022.0,Nigeria,https://mavuno-files.s3-eu-west-1.amazonaws.com/survey-images/acde6bf3-89ec-423f-8107-a871d7715a10/q_wet_harvest_photo/JPEG_20221023_182855_1381848504240032801.jpg,,,,https://mavuno-files.s3-eu-west-1.amazonaws.com/survey-images/ab532956-fd99-4c7e-818e-f78aadcffd96/q_field_photo/JPEG_20221023_172026_2295123348422675450.jpg,10.7475059,10.04902214,11.77,https://mavuno-files.s3-eu-west-1.amazonaws.com/survey-images/acde6bf3-89ec-423f-8107-a871d7715a10/q_box1_wet_weight_photo/JPEG_20221023_182604_604355223489391986.jpg,11.89,https://mavuno-files.s3-eu-west-1.amazonaws.com/survey-images/acde6bf3-89ec-423f-8107-a871d7715a10/q_box2_wet_weight_photo/JPEG_20221023_182730_1694749130494027536.jpg,9.395,https://mavuno-files.s3-eu-west-1.amazonaws.com/survey-images/a15870af-e572-4d55-b8eb-1efedb2f73b1/q_box1_dry_weight_photo/JPEG_20221108_171315_2833503249474738380.jpg,9.8,https://mavuno-files.s3-eu-west-1.amazonaws.com/survey-images/a15870af-e572-4d55-b8eb-1efedb2f73b1/q_box2_dry_weight_photo/JPEG_20221108_171418_1314457253708832591.jpg,2.34875,2.45,used box 1 and 26764,2.399375,have average yields,2022.0_179_Client_K,2,0.1410283648763038,0.5219400913794103,,,2.9081292152404785,,
c55b285e-3ad8-4962-b619-310d6305379d,Rice,2022.0,Nigeria,https://mavuno-files.s3-eu-west-1.amazonaws.com/survey-images/dd927456-d194-47eb-ab07-c83b24993e97/q_wet_harvest_photo/JPEG_20221130_153826_4673993006227921725.jpg,,,,https://mavuno-files.s3-eu-west-1.amazonaws.com/survey-images/a8a62fe2-6b5a-43a4-9a26-dff04a977f22/q_field_photo/JPEG_20221130_142659_497026255952186022.jpg,10.52892,5.473389,7.375,https://mavuno-files.s3-eu-west-1.amazonaws.com/survey-images/dd927456-d194-47eb-ab07-c83b24993e97/q_box1_wet_weight_photo/JPEG_20221130_153536_8094618123041493923.jpg,8.12,https://mavuno-files.s3-eu-west-1.amazonaws.com/survey-images/dd927456-d194-47eb-ab07-c83b24993e97/q_box2_wet_weight_photo/JPEG_20221130_153708_7971132426736373312.jpg,6.065,https://mavuno-files.s3-eu-west-1.amazonaws.com/survey-images/336e68d3-91df-4946-8c6d-c201f6a17f58/q_box1_dry_weight_photo/JPEG_20221207_184210_3035199481382466317.jpg,6.79,https://mavuno-files.s3-eu-west-1.amazonaws.com/survey-images/336e68d3-91df-4946-8c6d-c201f6a17f58/q_box2_dry_weight_photo/JPEG_20221207_184304_1560258291391698103.jpg,1.51625,1.6975,used box 1 and 26855,1.606875,have average yields,2022.0_85_Client_P,2,0.0192958227023655,-2.3403158089953653,,,1.1797412633895874,,
c594c732-601f-4fde-9c85-3d071c8a192b,Rice,2022.0,Nigeria,,,,,https://mavuno-files.s3-eu-west-1.amazonaws.com/survey-images/66880fe4-b86a-4e94-8ca8-a74c715000ee/q_field_photo/JPEG_20221025_115911_8620014513560336083.jpg,12.59833403,8.942032903,0.0,,0.0,,0.0,https://mavuno-files.s3-eu-west-1.amazonaws.com/survey-images/3bc80b14-a6cc-4121-a190-f2636f6ba600/q_box1_dry_weight_photo/JPEG_20221025_121922_6574000104785431636.jpg,0.0,https://mavuno-files.s3-eu-west-1.amazonaws.com/survey-images/3bc80b14-a6cc-4121-a190-f2636f6ba600/q_box2_dry_weight_photo/JPEG_20221025_121945_56281633140325255.jpg,0.0,0.0,used box 1 and 26883,0.0,have average yields,2022.0_7_Client_K,2,1.171771946195756,-0.1705294266761002,,,0.4500468075275421,,
c61e2793-b314-4499-87ec-ed374e0d1614,Rice,2022.0,Nigeria,https://mavuno-files.s3-eu-west-1.amazonaws.com/survey-images/86e38ccf-fd41-47f9-a70c-fdaa429455ff/q_wet_harvest_photo/JPEG_20221119_124045_3996854770283116804.jpg,,,,https://mavuno-files.s3-eu-west-1.amazonaws.com/survey-images/2388e1af-dd43-4808-97ae-3cf8a16345a6/q_field_photo/JPEG_20221105_122516_6394206199449458560.jpg,11.63506,9.0285612,11.71,https://mavuno-files.s3-eu-west-1.amazonaws.com/survey-images/86e38ccf-fd41-47f9-a70c-fdaa429455ff/q_box1_wet_weight_photo/JPEG_20221119_123752_2197820393869970445.jpg,12.14,https://mavuno-files.s3-eu-west-1.amazonaws.com/survey-images/86e38ccf-fd41-47f9-a70c-fdaa429455ff/q_box2_wet_weight_photo/JPEG_20221119_123931_3197251760264673544.jpg,10.69,https://mavuno-files.s3-eu-west-1.amazonaws.com/survey-images/acd83f2c-6e63-4059-86a3-13cdf700cd8c/q_box1_dry_weight_photo/JPEG_20221125_123007_103644962503826615.jpg,11.35,https://mavuno-files.s3-eu-west-1.amazonaws.com/survey-images/acd83f2c-6e63-4059-86a3-13cdf700cd8c/q_box2_dry_weight_photo/JPEG_20221125_123101_5476484290107655478.jpg,2.6725,2.8375,used box 1 and 26953,2.755,have average yields,2022.0_56_Client_P,0,0.6353155851860375,-0.1164022444786144,2.0530292987823486,,,,
c6207320-0304-4bbb-ab21-abc1368e037a,Rice,2022.0,Nigeria,https://mavuno-files.s3-eu-west-1.amazonaws.com/survey-images/978ad1d6-c9e6-40d7-833c-03cf9116a31c/q_wet_harvest_photo/JPEG_20221117_114739_642523615494556881.jpg,,,,https://mavuno-files.s3-eu-west-1.amazonaws.com/survey-images/f3ff7d34-0e19-4add-a5cc-e79625860691/q_field_photo/JPEG_20221024_120527_2350216968330279262.jpg,12.3067792,9.6513831,12.43,https://mavuno-files.s3-eu-west-1.amazonaws.com/survey-images/978ad1d6-c9e6-40d7-833c-03cf9116a31c/q_box1_wet_weight_photo/JPEG_20221117_114036_7105811953372717296.jpg,7.335,https://mavuno-files.s3-eu-west-1.amazonaws.com/survey-images/978ad1d6-c9e6-40d7-833c-03cf9116a31c/q_box2_wet_weight_photo/JPEG_20221117_114643_2725065701455980090.jpg,12.08,https://mavuno-files.s3-eu-west-1.amazonaws.com/survey-images/69734d43-7df2-4e6b-ab1d-c5af11084993/q_box1_dry_weight_photo/JPEG_20221126_134629_6819064921598746520.jpg,7.29,https://mavuno-files.s3-eu-west-1.amazonaws.com/survey-images/69734d43-7df2-4e6b-ab1d-c5af11084993/q_box2_dry_weight_photo/JPEG_20221126_135014_3116428761165862434.jpg,3.02,1.8225,used box 1 and 26955,2.42125,have average yields,2022.0_53_Client_BY,1,1.0094023210781689,0.2731997195804246,,0.8622620105743408,,,
c643eefa-12f9-48f2-8ed7-30b5bd0c493c,Rice,2022.0,Nigeria,https://mavuno-files.s3-eu-west-1.amazonaws.com/survey-images/775b37fa-cf8e-4449-a42b-44a73f8c2862/q_wet_harvest_photo/JPEG_20221026_083957_5886532640349946381.jpg,,,,https://mavuno-files.s3-eu-west-1.amazonaws.com/survey-images/fc20a663-6037-41e0-a1b5-820993aef577/q_field_photo/JPEG_20221021_084849_8518725838137414609.jpg,11.66788526,10.2150948,18.33,https://mavuno-files.s3-eu-west-1.amazonaws.com/survey-images/775b37fa-cf8e-4449-a42b-44a73f8c2862/q_box1_wet_weight_photo/JPEG_20221026_083309_8240618550942352516.jpg,18.22,https://mavuno-files.s3-eu-west-1.amazonaws.com/survey-images/775b37fa-cf8e-4449-a42b-44a73f8c2862/q_box2_wet_weight_photo/JPEG_20221026_083656_1117519176281310385.jpg,16.41,https://mavuno-files.s3-eu-west-1.amazonaws.com/survey-images/d105c8a0-09cf-459f-adba-8baf778a882e/q_box1_dry_weight_photo/JPEG_20221029_115212_7646275946019456965.jpg,15.36,,4.1025,3.84,used box 1 and 26974,3.97125,have average yields,2022.0_13_Client_K,2,0.653596281000912,0.625825703803297,,,3.832033157348633,,
c692ff06-2835-474e-9c39-2bbc822ebf72,Rice,2022.0,Nigeria,https://mavuno-files.s3-eu-west-1.amazonaws.com/survey-images/64bcb564-5f52-4909-ae39-6b6409791dca/q_wet_harvest_photo/JPEG_20221020_152959_2674424644608411572.jpg,,,,https://mavuno-files.s3-eu-west-1.amazonaws.com/survey-images/9e97c512-3cc7-4aa0-8beb-92acdd6455dd/q_field_photo/JPEG_20221020_140803_1574176292194954587.jpg,10.88658508,10.08174073,16.45,https://mavuno-files.s3-eu-west-1.amazonaws.com/survey-images/64bcb564-5f52-4909-ae39-6b6409791dca/q_box1_wet_weight_photo/JPEG_20221020_152721_994400178461508343.jpg,15.27,https://mavuno-files.s3-eu-west-1.amazonaws.com/survey-images/64bcb564-5f52-4909-ae39-6b6409791dca/q_box2_wet_weight_photo/JPEG_20221020_152852_6059231117967759893.jpg,13.49,https://mavuno-files.s3-eu-west-1.amazonaws.com/survey-images/82f5b8ea-f5c8-4243-a9db-ac29999dc06f/q_box1_dry_weight_photo/JPEG_20221106_170023_3919643320012250349.jpg,12.21,https://mavuno-files.s3-eu-west-1.amazonaws.com/survey-images/82f5b8ea-f5c8-4243-a9db-ac29999dc06f/q_box2_dry_weight_photo/JPEG_20221106_170123_3365707045127922266.jpg,3.3725,3.0525,used box 1 and 27017,3.2125,have average yields,2022.0_179_Client_K,2,0.2184828674076503,0.5424069807505811,,,2.569641590118408,,
c6df99ec-51b7-43f9-b184-f6a3e15e2234,Rice,2022.0,Nigeria,,,,,https://mavuno-files.s3-eu-west-1.amazonaws.com/survey-images/5727745c-81f5-4e26-a235-4285159a4a0f/q_field_photo/JPEG_20221021_090725_5937729058786581089.jpg,11.08961011,9.583621994,19.0,,18.68,,14.27,https://mavuno-files.s3-eu-west-1.amazonaws.com/survey-images/94fe30fb-cf28-4344-bff8-d00b54a3daec/q_box1_dry_weight_photo/JPEG_20221206_102657_311600666201316470.jpg,13.21,https://mavuno-files.s3-eu-west-1.amazonaws.com/survey-images/94fe30fb-cf28-4344-bff8-d00b54a3daec/q_box2_dry_weight_photo/JPEG_20221206_102743_3056919094260095722.jpg,3.5675,3.3025,used box 1 and 27059,3.435,have average yields,2022.0_197_Client_K,4,0.3315494148237468,0.230812224881839,,,,,3.2508552074432373
c6e17d43-2280-43a0-889f-4c76eb89f3c7,Rice,2022.0,Nigeria,https://mavuno-files.s3-eu-west-1.amazonaws.com/survey-images/10e9045d-a48e-4de6-b645-eb64447b5aa7/q_wet_harvest_photo/JPEG_20221018_083658_3636148895086915028.jpg,,,,https://mavuno-files.s3-eu-west-1.amazonaws.com/survey-images/784f773e-d53b-49f4-b360-b81866d4794c/q_field_photo/JPEG_20221018_073645_4490521202718041978.jpg,11.53338637,8.966479897,17.21,https://mavuno-files.s3-eu-west-1.amazonaws.com/survey-images/10e9045d-a48e-4de6-b645-eb64447b5aa7/q_box1_wet_weight_photo/JPEG_20221018_083247_4021125286094641592.jpg,16.47,https://mavuno-files.s3-eu-west-1.amazonaws.com/survey-images/10e9045d-a48e-4de6-b645-eb64447b5aa7/q_box2_wet_weight_photo/JPEG_20221018_083417_1518105995651956988.jpg,14.17,https://mavuno-files.s3-eu-west-1.amazonaws.com/survey-images/b08aab02-a4f4-4d1a-b255-b40511ab4833/q_box1_dry_weight_photo/JPEG_20221101_133712_5037013562377760708.jpg,13.19,https://mavuno-files.s3-eu-west-1.amazonaws.com/survey-images/b08aab02-a4f4-4d1a-b255-b40511ab4833/q_box2_dry_weight_photo/JPEG_20221101_133816_3473580354300598702.jpg,3.5425,3.2975,used box 1 and 27063,3.42,have average yields,2022.0_201_Client_K,4,0.5786925850201887,-0.1552367774006982,,,,,3.340355157852173
c729168e-3609-4d75-be26-facc304a28b3,Rice,2022.0,Nigeria,,,,,https://mavuno-files.s3-eu-west-1.amazonaws.com/survey-images/8594e93f-9541-4655-ac58-0f463c713588/q_field_photo/JPEG_20221021_093858_7607436920860252505.jpg,11.08808479,9.582982287,16.52,,17.81,,11.75,https://mavuno-files.s3-eu-west-1.amazonaws.com/survey-images/4085f2af-9fd1-4c36-874e-a41769ed2ed3/q_box1_dry_weight_photo/JPEG_20221206_121953_6653264460362711587.jpg,12.39,https://mavuno-files.s3-eu-west-1.amazonaws.com/survey-images/4085f2af-9fd1-4c36-874e-a41769ed2ed3/q_box2_dry_weight_photo/JPEG_20221206_122051_1123365564438914800.jpg,2.9375,3.0975,used box 1 and 27099,3.0175,have average yields,2022.0_197_Client_K,3,0.3306999497794377,0.2304120605593864,,,,2.8858184814453125,
c7852b75-3ae6-4c8c-b9db-d03b1bea435d,Rice,2022.0,Nigeria,https://mavuno-files.s3-eu-west-1.amazonaws.com/survey-images/64c45c99-5bce-4004-9e18-35bc591573dc/q_wet_harvest_photo/JPEG_20221023_124517_6742606618367962625.jpg,,,,https://mavuno-files.s3-eu-west-1.amazonaws.com/survey-images/3d8c3f13-c71a-4d15-ba6c-acb4df10e882/q_field_photo/JPEG_20221023_114434_2790021567750251189.jpg,11.25144212,8.375270069,13.89,https://mavuno-files.s3-eu-west-1.amazonaws.com/survey-images/64c45c99-5bce-4004-9e18-35bc591573dc/q_box1_wet_weight_photo/JPEG_20221023_124307_3527065513079676419.jpg,14.55,https://mavuno-files.s3-eu-west-1.amazonaws.com/survey-images/64c45c99-5bce-4004-9e18-35bc591573dc/q_box2_wet_weight_photo/JPEG_20221023_124421_725573601563333429.jpg,10.95,https://mavuno-files.s3-eu-west-1.amazonaws.com/survey-images/501dd5bc-47ac-4e54-9681-7e12bc083191/q_box1_dry_weight_photo/JPEG_20221127_113106_1861610843927048413.jpg,11.47,https://mavuno-files.s3-eu-west-1.amazonaws.com/survey-images/501dd5bc-47ac-4e54-9681-7e12bc083191/q_box2_dry_weight_photo/JPEG_20221127_113142_4871843795921118121.jpg,2.7375,2.8675,used box 1 and 27148,2.8025,have average yields,2022.0_201_Client_K,1,0.4216751822333467,-0.5250640268275506,,3.462512731552124,,,
c79dd15e-8416-4d15-abc3-68255d558a4b,Rice,2022.0,Nigeria,https://mavuno-files.s3-eu-west-1.amazonaws.com/survey-images/531923bb-7f12-4494-bc03-372931137246/q_wet_harvest_photo/JPEG_20221022_085645_5004030579701784169.jpg,,,,https://mavuno-files.s3-eu-west-1.amazonaws.com/survey-images/b41c159f-8229-430a-bf21-8a0de2c785d9/q_field_photo/JPEG_20221017_080227_2756708414012327221.jpg,12.29302588,10.34834057,14.63,https://mavuno-files.s3-eu-west-1.amazonaws.com/survey-images/531923bb-7f12-4494-bc03-372931137246/q_box1_wet_weight_photo/JPEG_20221022_084538_8042337292135549676.jpg,17.47,https://mavuno-files.s3-eu-west-1.amazonaws.com/survey-images/531923bb-7f12-4494-bc03-372931137246/q_box2_wet_weight_photo/JPEG_20221022_090442_1890026329298513416.jpg,13.05,https://mavuno-files.s3-eu-west-1.amazonaws.com/survey-images/1bb0af82-22b7-43b4-856c-430bf0c0aafe/q_box1_dry_weight_photo/JPEG_20221129_073314_476467271028832039.jpg,15.25,https://mavuno-files.s3-eu-west-1.amazonaws.com/survey-images/1bb0af82-22b7-43b4-856c-430bf0c0aafe/q_box2_dry_weight_photo/JPEG_20221129_073718_2061309477758944028.jpg,3.2625,3.8125,used box 1 and 27166,3.5375,have average yields,2022.0_13_Client_K,0,1.0017429679042835,0.7091766805344607,2.177698850631714,,,,
c841aeb6-c8ed-4296-b790-9cc4811d7795,Rice,2022.0,Nigeria,https://mavuno-files.s3-eu-west-1.amazonaws.com/survey-images/e76d7be1-5445-4661-be61-80bbeac1e8f0/q_wet_harvest_photo/JPEG_20221209_160754_7989242669993909303.jpg,,,,https://mavuno-files.s3-eu-west-1.amazonaws.com/survey-images/1707e2b5-cd76-491d-8b5e-013d99996943/q_field_photo/JPEG_20221209_153149_2692173332491498239.jpg,11.9790112,8.8756217,7.195,https://mavuno-files.s3-eu-west-1.amazonaws.com/survey-images/e76d7be1-5445-4661-be61-80bbeac1e8f0/q_box1_wet_weight_photo/JPEG_20221209_160110_8716913688021798819.jpg,8.175,https://mavuno-files.s3-eu-west-1.amazonaws.com/survey-images/e76d7be1-5445-4661-be61-80bbeac1e8f0/q_box2_wet_weight_photo/JPEG_20221209_160423_2363958682784228964.jpg,6.525,https://mavuno-files.s3-eu-west-1.amazonaws.com/survey-images/b4cf10bd-cbdc-49f5-afa4-db5e5466d8b2/q_box1_dry_weight_photo/JPEG_20221210_080721_6275574277913299480.jpg,6.91,https://mavuno-files.s3-eu-west-1.amazonaws.com/survey-images/b4cf10bd-cbdc-49f5-afa4-db5e5466d8b2/q_box2_dry_weight_photo/JPEG_20221210_080942_711694903066085622.jpg,1.63125,1.7275,used box 1 and 27251,1.679375,have average yields,2022.0_56_Client_P,3,0.8268652412241291,-0.2120724988197151,,,,1.6416997909545898,
c841f964-9db0-4fde-a697-030e93e3ea36,Rice,2022.0,Nigeria,https://mavuno-files.s3-eu-west-1.amazonaws.com/survey-images/5634abee-c90e-44e2-996a-7d333db44ca8/q_wet_harvest_photo/JPEG_20221022_090406_6501192741264762225.jpg,,,,https://mavuno-files.s3-eu-west-1.amazonaws.com/survey-images/2db06434-fe2e-4f84-b380-3a5f9648e7f1/q_field_photo/JPEG_20221022_071837_2232170006506004630.jpg,12.54438621,10.52593868,17.22,https://mavuno-files.s3-eu-west-1.amazonaws.com/survey-images/5634abee-c90e-44e2-996a-7d333db44ca8/q_box1_wet_weight_photo/JPEG_20221022_085954_8558618621180447965.jpg,17.72,https://mavuno-files.s3-eu-west-1.amazonaws.com/survey-images/5634abee-c90e-44e2-996a-7d333db44ca8/q_box2_wet_weight_photo/JPEG_20221022_090150_652753722503944531.jpg,13.43,https://mavuno-files.s3-eu-west-1.amazonaws.com/survey-images/1dc38c8b-0d18-49a1-9b37-af94487f919d/q_box1_dry_weight_photo/JPEG_20221026_092520_4236139254098401048.jpg,13.36,https://mavuno-files.s3-eu-west-1.amazonaws.com/survey-images/1dc38c8b-0d18-49a1-9b37-af94487f919d/q_box2_dry_weight_photo/JPEG_20221026_092623_3203214734550374238.jpg,3.3575,3.34,used box 1 and 27252,3.34875,have average yields,2022.0_105_Client_K,1,1.1417278981883503,0.8202719590870826,,2.117614507675171,,,
c85c3118-0b68-44f4-b4ae-ba28a943301c,Rice,2022.0,Nigeria,https://mavuno-files.s3-eu-west-1.amazonaws.com/survey-images/0ee49cf3-ac4d-4d47-ad96-14979f57122e/q_wet_harvest_photo/JPEG_20221117_135339_318305914.jpg,,,,https://mavuno-files.s3-eu-west-1.amazonaws.com/survey-images/6249e3e5-a241-4f09-8f0b-d5be14cecec1/q_field_photo/JPEG_20221116_162930_1820545754.jpg,12.6325704,10.3613197,7.33,https://mavuno-files.s3-eu-west-1.amazonaws.com/survey-images/0ee49cf3-ac4d-4d47-ad96-14979f57122e/q_box1_wet_weight_photo/JPEG_20221117_134910_655850825.jpg,6.71,https://mavuno-files.s3-eu-west-1.amazonaws.com/survey-images/0ee49cf3-ac4d-4d47-ad96-14979f57122e/q_box2_wet_weight_photo/JPEG_20221117_135107_77404156.jpg,7.305,https://mavuno-files.s3-eu-west-1.amazonaws.com/survey-images/851ed550-1fea-4b20-8fe6-b54ec14636ed/q_box1_dry_weight_photo/JPEG_20221217_074238_475855144.jpg,6.7,https://mavuno-files.s3-eu-west-1.amazonaws.com/survey-images/851ed550-1fea-4b20-8fe6-b54ec14636ed/q_box2_dry_weight_photo/JPEG_20221217_074551_2137387982.jpg,1.82625,1.675,used box 1 and 27266,1.750625,have average yields,2022.0_105_Client_BN,4,1.190838502432492,0.7172956862081171,,,,,0.5466076731681824
c85d7eb4-172e-4e45-8295-089c6511d175,Rice,2022.0,Nigeria,,,,,https://mavuno-files.s3-eu-west-1.amazonaws.com/survey-images/8308b31f-02a2-4b3e-87df-d921e900688a/q_field_photo/JPEG_20221023_133735_6401695672246384224.jpg,11.36977793,9.541746005,0.0,,0.0,,0.0,https://mavuno-files.s3-eu-west-1.amazonaws.com/survey-images/f4283b3f-d766-496a-b91b-e3e0091fe136/q_box1_dry_weight_photo/JPEG_20221023_135906_3449103825844090867.jpg,0.0,https://mavuno-files.s3-eu-west-1.amazonaws.com/survey-images/f4283b3f-d766-496a-b91b-e3e0091fe136/q_box2_dry_weight_photo/JPEG_20221023_140005_2225117437639327723.jpg,0.0,0.0,used box 1 and 27269,0.0,have average yields,2022.0_7_Client_K,0,0.487577507047125,0.2046169874290223,-0.0411234200000762,,,,
c912747c-402a-430d-b5b7-dd2c5e22d3f0,Rice,2022.0,Nigeria,https://mavuno-files.s3-eu-west-1.amazonaws.com/survey-images/26b6222c-dc30-4ce2-b3cf-30e2a2e2ae12/q_wet_harvest_photo/JPEG_20220719_165444_2154102919666563517.jpg,,,,https://mavuno-files.s3-eu-west-1.amazonaws.com/survey-images/4ca3a3ba-7648-44dc-a74d-26f2007ba72f/q_field_photo/JPEG_20220716_133808_9201730429710512894.jpg,12.5937099,10.5386891,1.43,https://mavuno-files.s3-eu-west-1.amazonaws.com/survey-images/26b6222c-dc30-4ce2-b3cf-30e2a2e2ae12/q_box1_wet_weight_photo/JPEG_20220719_165210_486573280249314367.jpg,1.81,https://mavuno-files.s3-eu-west-1.amazonaws.com/survey-images/26b6222c-dc30-4ce2-b3cf-30e2a2e2ae12/q_box2_wet_weight_photo/JPEG_20220719_165401_5025713998766622103.jpg,1.415,https://mavuno-files.s3-eu-west-1.amazonaws.com/survey-images/e6e0fb5d-f406-4d5d-90c7-d63c00880dc3/q_box1_dry_weight_photo/JPEG_20220814_103016_2471620313237598228.jpg,1.785,https://mavuno-files.s3-eu-west-1.amazonaws.com/survey-images/e6e0fb5d-f406-4d5d-90c7-d63c00880dc3/q_box2_dry_weight_photo/JPEG_20220814_103136_8382357374382214851.jpg,0.35375,0.44625,used box 1 and 27355,0.4,have average yields,2022.0_105_Client_BW,2,1.1691967247370858,0.8282478967902648,,,0.8519389033317566,,
c9545023-8936-4461-8345-c5ac206a4b91,Rice,2022.0,Nigeria,https://mavuno-files.s3-eu-west-1.amazonaws.com/survey-images/1622d148-6bb0-48a8-82c0-94baae236130/q_wet_harvest_photo/JPEG_20221129_141929_846476857964299773.jpg,,,,https://mavuno-files.s3-eu-west-1.amazonaws.com/survey-images/db9358a7-af20-48a8-92a8-b16cf73b300b/q_field_photo/JPEG_20221124_112004_9178803630909582799.jpg,8.5857921,8.8225479,8.385,https://mavuno-files.s3-eu-west-1.amazonaws.com/survey-images/1622d148-6bb0-48a8-82c0-94baae236130/q_box1_wet_weight_photo/JPEG_20221129_141450_543903836180974270.jpg,9.275,https://mavuno-files.s3-eu-west-1.amazonaws.com/survey-images/1622d148-6bb0-48a8-82c0-94baae236130/q_box2_wet_weight_photo/JPEG_20221129_141753_4444408138310761400.jpg,5.455,https://mavuno-files.s3-eu-west-1.amazonaws.com/survey-images/b9966bf2-979a-4064-a5b3-cbf27d988384/q_box1_dry_weight_photo/JPEG_20221129_142238_463266658407344833.jpg,3.915,https://mavuno-files.s3-eu-west-1.amazonaws.com/survey-images/b9966bf2-979a-4064-a5b3-cbf27d988384/q_box2_dry_weight_photo/JPEG_20221129_142459_7741455519204411463.jpg,1.36375,0.97875,used box 1 and 27383,1.17125,have average yields,2022.0_169_Client_AU,2,-1.0628503680450945,-0.2452724500739607,,,1.118930459022522,,
c95a5974-b243-4a4f-b95d-7701cbcfae91,Rice,2022.0,Nigeria,https://mavuno-files.s3-eu-west-1.amazonaws.com/survey-images/f108aea2-c8de-49ff-be49-4931c3c2ce91/q_wet_harvest_photo/JPEG_20221018_132415_4121118440531983393.jpg,,,,https://mavuno-files.s3-eu-west-1.amazonaws.com/survey-images/b6607936-47ac-4f65-ba0c-270a1d47c62d/q_field_photo/JPEG_20221018_120143_7582799153819631940.jpg,11.71698668,8.130259663,14.34,https://mavuno-files.s3-eu-west-1.amazonaws.com/survey-images/f108aea2-c8de-49ff-be49-4931c3c2ce91/q_box1_wet_weight_photo/JPEG_20221018_132203_7134508501930801677.jpg,14.82,https://mavuno-files.s3-eu-west-1.amazonaws.com/survey-images/f108aea2-c8de-49ff-be49-4931c3c2ce91/q_box2_wet_weight_photo/JPEG_20221018_132332_3131247585897802693.jpg,11.87,https://mavuno-files.s3-eu-west-1.amazonaws.com/survey-images/f3dc5fce-813f-4e55-b07a-21518de938b0/q_box1_dry_weight_photo/JPEG_20221123_140037_521150613136381790.jpg,12.14,https://mavuno-files.s3-eu-west-1.amazonaws.com/survey-images/f3dc5fce-813f-4e55-b07a-21518de938b0/q_box2_dry_weight_photo/JPEG_20221123_140107_7810391223321911012.jpg,2.9675,3.035,used box 1 and 27388,3.00125,have average yields,2022.0_74_Client_K,1,0.6809413232975569,-0.6783286043777343,,2.381180047988892,,,
c96c2343-fb2f-4aed-8a5f-871611d21b91,Rice,2022.0,Nigeria,https://mavuno-files.s3-eu-west-1.amazonaws.com/survey-images/e668e0f0-2fa8-415b-b8ea-944650638aff/q_wet_harvest_photo/JPEG_20221023_150807_2923714718958279468.jpg,,,,https://mavuno-files.s3-eu-west-1.amazonaws.com/survey-images/04ad02ae-f067-47c2-b0a9-4466aed7e3f6/q_field_photo/JPEG_20221023_134154_2509267561669993638.jpg,11.25134643,8.380891643,16.67,https://mavuno-files.s3-eu-west-1.amazonaws.com/survey-images/e668e0f0-2fa8-415b-b8ea-944650638aff/q_box1_wet_weight_photo/JPEG_20221023_150554_3770105365853279600.jpg,15.63,https://mavuno-files.s3-eu-west-1.amazonaws.com/survey-images/e668e0f0-2fa8-415b-b8ea-944650638aff/q_box2_wet_weight_photo/JPEG_20221023_150700_5477831188934718113.jpg,13.23,https://mavuno-files.s3-eu-west-1.amazonaws.com/survey-images/6b8557bf-e013-4593-af38-0c79844275cb/q_box1_dry_weight_photo/JPEG_20221127_132700_9063718833538854221.jpg,12.6,https://mavuno-files.s3-eu-west-1.amazonaws.com/survey-images/6b8557bf-e013-4593-af38-0c79844275cb/q_box2_dry_weight_photo/JPEG_20221127_132815_4007303286267875759.jpg,3.3075,3.15,used box 1 and 27397,3.22875,have average yields,2022.0_201_Client_K,0,0.4216218915729672,-0.5215474898022743,3.170927286148072,,,,
c9d9d142-c6e6-4ef0-b74b-ed08cd92878d,Rice,2022.0,Nigeria,https://mavuno-files.s3-eu-west-1.amazonaws.com/survey-images/fdb00ad8-2752-478c-869d-2342399ac4ad/q_wet_harvest_photo/JPEG_20221116_145531_1850914839547383449.jpg,,,,https://mavuno-files.s3-eu-west-1.amazonaws.com/survey-images/f0dd3613-1ad5-425c-b1f7-1b4b758f6b1b/q_field_photo/JPEG_20221116_103617_3412100653173412262.jpg,11.9757578,8.8730153,8.895,https://mavuno-files.s3-eu-west-1.amazonaws.com/survey-images/fdb00ad8-2752-478c-869d-2342399ac4ad/q_box1_wet_weight_photo/JPEG_20221116_144852_6801835637787181898.jpg,9.17,https://mavuno-files.s3-eu-west-1.amazonaws.com/survey-images/fdb00ad8-2752-478c-869d-2342399ac4ad/q_box2_wet_weight_photo/JPEG_20221116_145222_1023356078046289251.jpg,7.235,https://mavuno-files.s3-eu-west-1.amazonaws.com/survey-images/c9329743-4b60-4b4f-8ab5-a31db600f5a3/q_box1_dry_weight_photo/JPEG_20221116_173953_5587310245931949426.jpg,8.16,https://mavuno-files.s3-eu-west-1.amazonaws.com/survey-images/c9329743-4b60-4b4f-8ab5-a31db600f5a3/q_box2_dry_weight_photo/JPEG_20221116_174240_4004156341043687947.jpg,1.80875,2.04,used box 1 and 27458,1.924375,have average yields,2022.0_56_Client_P,0,0.8250533921857935,-0.2137029144475588,1.6132744550704956,,,,
cb98851c-d6f5-4b6e-a3b0-b794b5851e26,Rice,2022.0,Nigeria,https://mavuno-files.s3-eu-west-1.amazonaws.com/survey-images/502df28b-3c53-4fd8-a923-2aba6ee4d3df/q_wet_harvest_photo/JPEG_20221116_102320_2008571533571476266.jpg,,,,https://mavuno-files.s3-eu-west-1.amazonaws.com/survey-images/00b2405f-8b85-415f-ad3c-6f31d82ced7c/q_field_photo/JPEG_20221031_134227_615785046021161009.jpg,8.0879133,9.1622583,7.555,https://mavuno-files.s3-eu-west-1.amazonaws.com/survey-images/502df28b-3c53-4fd8-a923-2aba6ee4d3df/q_box1_wet_weight_photo/JPEG_20221116_101228_3404575947717829458.jpg,7.58,https://mavuno-files.s3-eu-west-1.amazonaws.com/survey-images/502df28b-3c53-4fd8-a923-2aba6ee4d3df/q_box2_wet_weight_photo/JPEG_20221116_102057_1715820689332624412.jpg,7.085,https://mavuno-files.s3-eu-west-1.amazonaws.com/survey-images/5a8a0c67-5da5-4825-8732-4ae9f870b574/q_box1_dry_weight_photo/JPEG_20221116_122143_4033471510721880911.jpg,7.155,https://mavuno-files.s3-eu-west-1.amazonaws.com/survey-images/5a8a0c67-5da5-4825-8732-4ae9f870b574/q_box2_dry_weight_photo/JPEG_20221116_122327_1861339506207914929.jpg,1.77125,1.78875,used box 1 and 27657,1.78,have average yields,2022.0_173_Client_AU,0,-1.340123751271138,-0.0327689413641969,2.1564860343933105,,,,
cc2b1da1-1bc8-4d08-bf53-0a6fbf8ad245,Rice,2022.0,Nigeria,https://mavuno-files.s3-eu-west-1.amazonaws.com/survey-images/b7e3dfaf-100b-44e5-b621-1974a5376a03/q_wet_harvest_photo/JPEG_20221114_175750_6594458950852982946.jpg,,,,https://mavuno-files.s3-eu-west-1.amazonaws.com/survey-images/2d2e6799-c978-48cb-a198-041803b44bfc/q_field_photo/JPEG_20221031_142445_2108858696269322625.jpg,8.08865,9.16345,4.84,https://mavuno-files.s3-eu-west-1.amazonaws.com/survey-images/b7e3dfaf-100b-44e5-b621-1974a5376a03/q_box1_wet_weight_photo/JPEG_20221114_175332_2789095201864005574.jpg,5.145,https://mavuno-files.s3-eu-west-1.amazonaws.com/survey-images/b7e3dfaf-100b-44e5-b621-1974a5376a03/q_box2_wet_weight_photo/JPEG_20221114_175556_1222712508994998408.jpg,4.48,https://mavuno-files.s3-eu-west-1.amazonaws.com/survey-images/3320bdb8-bc71-4442-9e7c-d941e476e2d1/q_box1_dry_weight_photo/JPEG_20221116_120800_5318588475884780168.jpg,5.115,https://mavuno-files.s3-eu-west-1.amazonaws.com/survey-images/3320bdb8-bc71-4442-9e7c-d941e476e2d1/q_box2_dry_weight_photo/JPEG_20221116_120951_4308646029886313786.jpg,1.12,1.27875,used box 1 and 27743,1.199375,have average yields,2022.0_173_Client_AU,4,-1.339713476116979,-0.032023481609861,,,,,4.963850975036621
cc2c4189-e073-4f6c-b294-fb44d15600a8,Rice,2022.0,Nigeria,https://mavuno-files.s3-eu-west-1.amazonaws.com/survey-images/6a60b46e-dc9d-43da-bfd8-b14503b7aa62/q_wet_harvest_photo/JPEG_20221126_125959_3476932835492533390.jpg,,,,https://mavuno-files.s3-eu-west-1.amazonaws.com/survey-images/e0c06a81-f4d0-47b2-8aa6-fea82afb6a93/q_field_photo/JPEG_20221025_150802_3701247688683725023.jpg,12.309685,9.6421033,9.14,https://mavuno-files.s3-eu-west-1.amazonaws.com/survey-images/6a60b46e-dc9d-43da-bfd8-b14503b7aa62/q_box1_wet_weight_photo/JPEG_20221126_125118_1871514471808999144.jpg,9.46,https://mavuno-files.s3-eu-west-1.amazonaws.com/survey-images/6a60b46e-dc9d-43da-bfd8-b14503b7aa62/q_box2_wet_weight_photo/JPEG_20221126_125924_8366389829246735046.jpg,9.08,https://mavuno-files.s3-eu-west-1.amazonaws.com/survey-images/dd7e4721-a282-4f84-8cdd-e30db8fd2453/q_box1_dry_weight_photo/JPEG_20221126_130426_6163131289499265324.jpg,9.415,https://mavuno-files.s3-eu-west-1.amazonaws.com/survey-images/dd7e4721-a282-4f84-8cdd-e30db8fd2453/q_box2_dry_weight_photo/JPEG_20221126_130601_8419249383697579540.jpg,2.27,2.35375,used box 1 and 27744,2.311875,have average yields,2022.0_53_Client_BY,3,1.011020588409452,0.2673948043934747,,,,3.012782096862793,
cc84506b-768a-48db-90ff-21174f60a89f,Rice,2022.0,Nigeria,,,,,https://mavuno-files.s3-eu-west-1.amazonaws.com/survey-images/c7965106-a30c-434e-b376-8fd4e05bd9dd/q_field_photo/JPEG_20220719_093006_7391354324226526441.jpg,12.5909711,10.5384113,0.0,,0.0,,0.0,,0.0,,0.0,0.0,used box 1 and 27791,0.0,have average yields,2022.0_105_Client_BW,0,1.167671461275417,0.8280741209072792,-0.0760365426540374,,,,
cc8a2803-31ea-481f-a416-401712b3a05a,Rice,2022.0,Nigeria,https://mavuno-files.s3-eu-west-1.amazonaws.com/survey-images/52f2b28d-c6a5-4ef3-afca-3458428cf77a/q_wet_harvest_photo/JPEG_20221123_120956_8217479748466109633.jpg,,,,https://mavuno-files.s3-eu-west-1.amazonaws.com/survey-images/d0669949-c9be-4069-a3e0-187cea1e4e06/q_field_photo/JPEG_20221011_124211_2788836143627426562.jpg,8.153705,8.2420657,0.865,https://mavuno-files.s3-eu-west-1.amazonaws.com/survey-images/52f2b28d-c6a5-4ef3-afca-3458428cf77a/q_box1_wet_weight_photo/JPEG_20221123_115521_6685993965551463233.jpg,1.42,https://mavuno-files.s3-eu-west-1.amazonaws.com/survey-images/52f2b28d-c6a5-4ef3-afca-3458428cf77a/q_box2_wet_weight_photo/JPEG_20221123_120330_3752973469955727182.jpg,0.56,https://mavuno-files.s3-eu-west-1.amazonaws.com/survey-images/f7f27318-6bed-40cf-9d85-560bfdfcc81f/q_box1_dry_weight_photo/JPEG_20221125_153214_2026282159891038044.jpg,0.85,https://mavuno-files.s3-eu-west-1.amazonaws.com/survey-images/f7f27318-6bed-40cf-9d85-560bfdfcc81f/q_box2_dry_weight_photo/JPEG_20221125_153346_8493370872831774939.jpg,0.14,0.2125,used box 1 and 27795,0.17625,have average yields,2022.0_101_Client_AU,2,-1.3034837351724553,-0.6083891054473703,,,-0.0693812519311904,,
ccc32ad7-c521-4658-a9be-c859398a0a3e,Rice,2022.0,Nigeria,https://mavuno-files.s3-eu-west-1.amazonaws.com/survey-images/d795856a-5e67-4eb0-a211-9ada002a39d5/q_wet_harvest_photo/JPEG_20221023_174455_4282792563779652770.jpg,,,,https://mavuno-files.s3-eu-west-1.amazonaws.com/survey-images/51295389-ed20-434e-a5ea-7d51523cecba/q_field_photo/JPEG_20221023_143902_5434899142977881640.jpg,11.26482298,8.407112919,15.96,https://mavuno-files.s3-eu-west-1.amazonaws.com/survey-images/d795856a-5e67-4eb0-a211-9ada002a39d5/q_box1_wet_weight_photo/JPEG_20221023_174228_1379060629501727412.jpg,14.56,https://mavuno-files.s3-eu-west-1.amazonaws.com/survey-images/d795856a-5e67-4eb0-a211-9ada002a39d5/q_box2_wet_weight_photo/JPEG_20221023_174341_2246431417407542777.jpg,12.17,https://mavuno-files.s3-eu-west-1.amazonaws.com/survey-images/de8bb221-d6e3-4e8c-8084-cdeb2060b28f/q_box1_dry_weight_photo/JPEG_20221127_150910_5630502575960337165.jpg,11.61,https://mavuno-files.s3-eu-west-1.amazonaws.com/survey-images/de8bb221-d6e3-4e8c-8084-cdeb2060b28f/q_box2_dry_weight_photo/JPEG_20221127_151010_1288064814251863611.jpg,3.0425,2.9025,used box 1 and 27819,2.9725,have average yields,2022.0_201_Client_K,0,0.4291271089325233,-0.5051449506016876,3.083824634552002,,,,
cd15b6be-de27-4d57-a1d9-9d9bc36c3265,Rice,2022.0,Nigeria,https://mavuno-files.s3-eu-west-1.amazonaws.com/survey-images/2dd028de-3c35-44d8-a4c1-f46b39a577ea/q_wet_harvest_photo/JPEG_20221120_131921_8705480737190414262.jpg,,,,https://mavuno-files.s3-eu-west-1.amazonaws.com/survey-images/4e1d296c-4b50-4a5d-b4ae-db4ca8c0a1df/q_field_photo/JPEG_20221104_081637_3505827549662601773.jpg,9.8689612,6.724927,9.31,https://mavuno-files.s3-eu-west-1.amazonaws.com/survey-images/2dd028de-3c35-44d8-a4c1-f46b39a577ea/q_box1_wet_weight_photo/JPEG_20221120_131644_4288163961905644095.jpg,9.335,https://mavuno-files.s3-eu-west-1.amazonaws.com/survey-images/2dd028de-3c35-44d8-a4c1-f46b39a577ea/q_box2_wet_weight_photo/JPEG_20221120_131833_6635751176296504103.jpg,8.52,https://mavuno-files.s3-eu-west-1.amazonaws.com/survey-images/86470589-383d-4b88-a967-604c10133843/q_box1_dry_weight_photo/JPEG_20221120_132341_8603550761369426266.jpg,8.36,https://mavuno-files.s3-eu-west-1.amazonaws.com/survey-images/86470589-383d-4b88-a967-604c10133843/q_box2_dry_weight_photo/JPEG_20221120_132500_5710778434584924194.jpg,2.13,2.09,used box 1 and 27871,2.11,have average yields,2022.0_17_Client_P,4,-0.3482414358951078,-1.5574248045292058,,,,,2.3787686824798584
cf1a5f53-0e9d-42fb-af37-c019b23342c8,Rice,2022.0,Nigeria,https://mavuno-files.s3-eu-west-1.amazonaws.com/survey-images/3ab3cca4-0c6d-4d68-8ea1-89f24da9c722/q_wet_harvest_photo/JPEG_20221020_120946_7873073020035031103.jpg,,,,https://mavuno-files.s3-eu-west-1.amazonaws.com/survey-images/dda4478e-b13e-4baf-bb38-7c0c938352d3/q_field_photo/JPEG_20221020_115650_4181426701517459401.jpg,11.7767411,9.709380046,13.72,https://mavuno-files.s3-eu-west-1.amazonaws.com/survey-images/3ab3cca4-0c6d-4d68-8ea1-89f24da9c722/q_box1_wet_weight_photo/JPEG_20221020_120641_7959911130132348871.jpg,14.06,https://mavuno-files.s3-eu-west-1.amazonaws.com/survey-images/3ab3cca4-0c6d-4d68-8ea1-89f24da9c722/q_box2_wet_weight_photo/JPEG_20221020_120827_4823769348308013694.jpg,11.08,https://mavuno-files.s3-eu-west-1.amazonaws.com/survey-images/5a5106e6-00ce-4c7e-92e9-4ac069bb9a3c/q_box1_dry_weight_photo/JPEG_20221128_110615_4861708863870515141.jpg,12.56,https://mavuno-files.s3-eu-west-1.amazonaws.com/survey-images/5a5106e6-00ce-4c7e-92e9-4ac069bb9a3c/q_box2_dry_weight_photo/JPEG_20221128_110745_5890801241120230342.jpg,2.77,3.14,used box 1 and 28153,2.955,have average yields,2022.0_113_Client_K,4,0.7142191214205342,0.3094793110190458,,,,,4.343071937561035
cf40a542-31e6-489b-a62a-2b9c1e55358b,Rice,2022.0,Nigeria,https://mavuno-files.s3-eu-west-1.amazonaws.com/survey-images/e03ac46e-b1a6-4ae3-9415-24ae73382a37/q_wet_harvest_photo/JPEG_20220907_145701_516966041.jpg,,,,https://mavuno-files.s3-eu-west-1.amazonaws.com/survey-images/2f407b94-3972-4b51-a414-fa218f4def8b/q_field_photo/JPEG_20220817_113707_1430190746.jpg,12.6400965,10.309439,15.39,https://mavuno-files.s3-eu-west-1.amazonaws.com/survey-images/e03ac46e-b1a6-4ae3-9415-24ae73382a37/q_box1_wet_weight_photo/JPEG_20220907_145243_957231550.jpg,15.48,https://mavuno-files.s3-eu-west-1.amazonaws.com/survey-images/e03ac46e-b1a6-4ae3-9415-24ae73382a37/q_box2_wet_weight_photo/JPEG_20220907_145444_1696068417.jpg,14.71,,15.14,,3.6775,3.785,used box 1 and 28177,3.73125,have average yields,2022.0_105_Client_BS,3,1.1950298582594474,0.6848420704685971,,,,3.3254990577697754,
d0086712-1d7f-40d9-9470-9db10e7e3c0f,Rice,2022.0,Nigeria,https://mavuno-files.s3-eu-west-1.amazonaws.com/survey-images/5af18b3b-82ac-48c7-92ec-cbda37a324ff/q_wet_harvest_photo/JPEG_20221115_131313_7138665543529493935.jpg,,,,https://mavuno-files.s3-eu-west-1.amazonaws.com/survey-images/adcb7786-c518-41b4-94b6-7e177c8f6e00/q_field_photo/JPEG_20221014_113947_6785283726018795058.jpg,8.3768617,9.2715233,4.425,https://mavuno-files.s3-eu-west-1.amazonaws.com/survey-images/5af18b3b-82ac-48c7-92ec-cbda37a324ff/q_box1_wet_weight_photo/JPEG_20221115_130604_5873786952464350625.jpg,4.985,https://mavuno-files.s3-eu-west-1.amazonaws.com/survey-images/5af18b3b-82ac-48c7-92ec-cbda37a324ff/q_box2_wet_weight_photo/JPEG_20221115_131011_6967994907935124023.jpg,4.06,https://mavuno-files.s3-eu-west-1.amazonaws.com/survey-images/b3029b94-5aa6-46d0-afd7-8388da88e679/q_box1_dry_weight_photo/JPEG_20221115_141254_7880090597192760525.jpg,4.615,https://mavuno-files.s3-eu-west-1.amazonaws.com/survey-images/b3029b94-5aa6-46d0-afd7-8388da88e679/q_box2_dry_weight_photo/JPEG_20221115_141459_575142047577045414.jpg,1.015,1.15375,used box 1 and 28273,1.084375,have average yields,2022.0_173_Client_AU,1,-1.1792056715180903,0.0355810293142765,,3.101020097732544,,,
d0205c3f-cd59-4a7c-880e-6ca2b4e0158b,Rice,2022.0,Nigeria,https://mavuno-files.s3-eu-west-1.amazonaws.com/survey-images/036e43a5-89ee-4b2e-aa6a-a68bff764608/q_wet_harvest_photo/JPEG_20221119_115542_5447196384131371204.jpg,,,,https://mavuno-files.s3-eu-west-1.amazonaws.com/survey-images/6a6ecbd5-6c44-4f85-b7f8-37ffa7674286/q_field_photo/JPEG_20221114_154827_2619042266195833183.jpg,10.0182458,11.1844148,1.315,https://mavuno-files.s3-eu-west-1.amazonaws.com/survey-images/036e43a5-89ee-4b2e-aa6a-a68bff764608/q_box1_wet_weight_photo/JPEG_20221119_114803_8397610377355639751.jpg,1.005,https://mavuno-files.s3-eu-west-1.amazonaws.com/survey-images/036e43a5-89ee-4b2e-aa6a-a68bff764608/q_box2_wet_weight_photo/JPEG_20221119_115238_5587310172441195002.jpg,1.01,https://mavuno-files.s3-eu-west-1.amazonaws.com/survey-images/a5c924f8-c2a9-4da5-9df4-5f104a031d2a/q_box1_dry_weight_photo/JPEG_20221129_134723_5306822009428877228.jpg,0.87,https://mavuno-files.s3-eu-west-1.amazonaws.com/survey-images/a5c924f8-c2a9-4da5-9df4-5f104a031d2a/q_box2_dry_weight_photo/JPEG_20221129_134938_1362622595853348712.jpg,0.2525,0.2175,used box 1 and 28286,0.235,have average yields,2022.0_52_Client_S,0,-0.2651034390461819,1.232177175711572,0.5780730247497559,,,,
d054b684-8628-4ae9-a38d-c2c29baf5c18,Rice,2022.0,Nigeria,https://mavuno-files.s3-eu-west-1.amazonaws.com/survey-images/86ce71d4-4816-456d-982b-599e1a9dc97b/q_wet_harvest_photo/JPEG_20221102_150556_5596015986079102543.jpg,,,,https://mavuno-files.s3-eu-west-1.amazonaws.com/survey-images/ea73d283-9cb1-4ada-a7d5-a2733d7ffbbf/q_field_photo/JPEG_20221024_110200_8950654561534168309.jpg,8.5661337,8.4308238,3.515,https://mavuno-files.s3-eu-west-1.amazonaws.com/survey-images/86ce71d4-4816-456d-982b-599e1a9dc97b/q_box1_wet_weight_photo/JPEG_20221102_144931_4121877518421045436.jpg,5.535,https://mavuno-files.s3-eu-west-1.amazonaws.com/survey-images/86ce71d4-4816-456d-982b-599e1a9dc97b/q_box2_wet_weight_photo/JPEG_20221102_145956_1192646012876488989.jpg,2.465,https://mavuno-files.s3-eu-west-1.amazonaws.com/survey-images/aff67f5f-0f35-43af-bc7a-3561cad319e4/q_box1_dry_weight_photo/JPEG_20221105_135322_2341068236873120570.jpg,3.23,https://mavuno-files.s3-eu-west-1.amazonaws.com/survey-images/aff67f5f-0f35-43af-bc7a-3561cad319e4/q_box2_dry_weight_photo/JPEG_20221105_135717_7377284727244597577.jpg,0.61625,0.8075,used box 1 and 28319,0.711875,have average yields,2022.0_169_Client_AU,0,-1.073798315772154,-0.4903127717602392,0.8619962334632874,,,,
d0705d02-f171-4417-82b6-093b9c79bba6,Rice,2022.0,Nigeria,https://mavuno-files.s3-eu-west-1.amazonaws.com/survey-images/a4bdf7c5-cfef-4f7f-ad5a-51f1225235cf/q_wet_harvest_photo/JPEG_20221130_151628_1629458358290646258.jpg,,,,https://mavuno-files.s3-eu-west-1.amazonaws.com/survey-images/03ab196b-2ef3-4a30-9b48-896c20a6d3f9/q_field_photo/JPEG_20221130_132735_1151390490134668695.jpg,10.5273983,5.4722285,6.67,https://mavuno-files.s3-eu-west-1.amazonaws.com/survey-images/a4bdf7c5-cfef-4f7f-ad5a-51f1225235cf/q_box1_wet_weight_photo/JPEG_20221130_151327_2692898837878072220.jpg,7.59,https://mavuno-files.s3-eu-west-1.amazonaws.com/survey-images/a4bdf7c5-cfef-4f7f-ad5a-51f1225235cf/q_box2_wet_weight_photo/JPEG_20221130_151458_1347449496243254704.jpg,5.43,https://mavuno-files.s3-eu-west-1.amazonaws.com/survey-images/da5ec09c-6d76-4141-b144-852252444fea/q_box1_dry_weight_photo/JPEG_20221207_183337_2064106014306483671.jpg,5.95,https://mavuno-files.s3-eu-west-1.amazonaws.com/survey-images/da5ec09c-6d76-4141-b144-852252444fea/q_box2_dry_weight_photo/JPEG_20221207_183434_7845577586904227364.jpg,1.3575,1.4875,used box 1 and 28339,1.4225,have average yields,2022.0_85_Client_P,3,0.018448373670081,-2.34104175180388,,,,2.35371994972229,
d0b6b439-5cab-459b-bafa-7609aa5c47e8,Rice,2022.0,Nigeria,https://mavuno-files.s3-eu-west-1.amazonaws.com/survey-images/a25d42c7-9f59-46f9-bcbd-a89f5525c9f9/q_wet_harvest_photo/JPEG_20221118_110823_1849136175288893295.jpg,,,,https://mavuno-files.s3-eu-west-1.amazonaws.com/survey-images/8fc56f00-9b80-4989-a6da-de03b9b5e07c/q_field_photo/JPEG_20221118_072231_3154514954005005978.jpg,11.9744155,8.8686472,8.69,https://mavuno-files.s3-eu-west-1.amazonaws.com/survey-images/a25d42c7-9f59-46f9-bcbd-a89f5525c9f9/q_box1_wet_weight_photo/JPEG_20221118_105935_5631826368370369725.jpg,9.07,https://mavuno-files.s3-eu-west-1.amazonaws.com/survey-images/a25d42c7-9f59-46f9-bcbd-a89f5525c9f9/q_box2_wet_weight_photo/JPEG_20221118_110425_4153850413475694567.jpg,7.915,https://mavuno-files.s3-eu-west-1.amazonaws.com/survey-images/73b7613d-dd66-4bfb-9854-9ba94af3edf9/q_box1_dry_weight_photo/JPEG_20221208_130012_8345493823729783838.jpg,8.015,https://mavuno-files.s3-eu-west-1.amazonaws.com/survey-images/73b7613d-dd66-4bfb-9854-9ba94af3edf9/q_box2_dry_weight_photo/JPEG_20221208_130306_8746590540816780419.jpg,1.97875,2.00375,used box 1 and 28374,1.99125,have average yields,2022.0_56_Client_P,0,0.8243058526996684,-0.2164353494168598,2.202033519744873,,,,
d0ccdfba-341c-4d8f-8d16-5ca9e5da17a5,Rice,2022.0,Nigeria,https://mavuno-files.s3-eu-west-1.amazonaws.com/survey-images/8d209512-ef67-41e0-9ece-790651e4b8f7/q_wet_harvest_photo/JPEG_20221126_142325_3916268807998664656.jpg,,,,https://mavuno-files.s3-eu-west-1.amazonaws.com/survey-images/a9b656f9-655b-42ff-a25c-0c5525ad69b6/q_field_photo/JPEG_20221021_135132_3254089160492056830.jpg,7.6837297,9.352252,,,2.67,https://mavuno-files.s3-eu-west-1.amazonaws.com/survey-images/8d209512-ef67-41e0-9ece-790651e4b8f7/q_box2_wet_weight_photo/JPEG_20221126_142236_3571721589037899076.jpg,0.0,https://mavuno-files.s3-eu-west-1.amazonaws.com/survey-images/eca3a5f7-2597-4996-b196-7a06a21852d0/q_box1_dry_weight_photo/JPEG_20221126_142550_8291270082141709140.jpg,2.63,https://mavuno-files.s3-eu-west-1.amazonaws.com/survey-images/eca3a5f7-2597-4996-b196-7a06a21852d0/q_box2_dry_weight_photo/JPEG_20221126_142659_7363257886354421233.jpg,0.0,0.6575,used box 1 and 28385,0.32875,have average yields,2022.0_5_Client_AU,4,-1.5652173969866856,0.0860803134209094,,,,,2.7870285511016846
d1087f32-2f12-4472-9e21-768580b302fa,Rice,2022.0,Nigeria,https://mavuno-files.s3-eu-west-1.amazonaws.com/survey-images/11ca5779-c9b0-4f25-a59b-1beccd1c0aa1/q_wet_harvest_photo/JPEG_20221101_160443_8654695937479122586.jpg,,,,https://mavuno-files.s3-eu-west-1.amazonaws.com/survey-images/29d94bf4-13e6-4e12-885b-f9245b1d25bc/q_field_photo/JPEG_20221101_155159_4407891234837245720.jpg,7.8118133,8.9857617,0.0,,0.0,,0.0,,0.0,,0.0,0.0,used box 1 and 28417,0.0,have average yields,2022.0_102_Client_AU,1,-1.493886436303541,-0.1431751778978555,,0.0934677720069885,,,
d13866da-27fb-4190-96ce-68ab8b202dca,Rice,2022.0,Nigeria,https://mavuno-files.s3-eu-west-1.amazonaws.com/survey-images/716565a9-44be-4341-a84b-4723de62019d/q_wet_harvest_photo/JPEG_20221112_093906_269832045765221037.jpg,,,,https://mavuno-files.s3-eu-west-1.amazonaws.com/survey-images/0663c61c-7c79-422a-83a4-4ed5df1728cc/q_field_photo/JPEG_20221111_140506_4525477342935124529.jpg,10.0122064,11.211991,1.51,https://mavuno-files.s3-eu-west-1.amazonaws.com/survey-images/716565a9-44be-4341-a84b-4723de62019d/q_box1_wet_weight_photo/JPEG_20221112_093154_4738547747648083226.jpg,1.055,https://mavuno-files.s3-eu-west-1.amazonaws.com/survey-images/716565a9-44be-4341-a84b-4723de62019d/q_box2_wet_weight_photo/JPEG_20221112_093503_1497640970520225581.jpg,0.825,https://mavuno-files.s3-eu-west-1.amazonaws.com/survey-images/70d6a030-4787-492a-a74c-03f26be9a770/q_box1_dry_weight_photo/JPEG_20221128_161733_3830506474546148989.jpg,0.67,https://mavuno-files.s3-eu-west-1.amazonaws.com/survey-images/70d6a030-4787-492a-a74c-03f26be9a770/q_box2_dry_weight_photo/JPEG_20221128_162031_796655432448784124.jpg,0.20625,0.1675,used box 1 and 28445,0.186875,have average yields,2022.0_52_Client_S,3,-0.2684668376698139,1.2494272783192104,,,,0.3211826682090759,
d1a5497d-c4b4-4c37-aa13-ce9df049d12d,Rice,2022.0,Nigeria,https://mavuno-files.s3-eu-west-1.amazonaws.com/survey-images/cd9d1ff9-4f1a-411d-89dc-42a472d0309f/q_wet_harvest_photo/JPEG_20221024_140326_8920578498170859810.jpg,,,,https://mavuno-files.s3-eu-west-1.amazonaws.com/survey-images/3b427e04-2983-4cb1-a6bd-64a6120a72c8/q_field_photo/JPEG_20221019_162200_8497348053548660029.jpg,12.28321343,10.32981992,19.43,https://mavuno-files.s3-eu-west-1.amazonaws.com/survey-images/cd9d1ff9-4f1a-411d-89dc-42a472d0309f/q_box1_wet_weight_photo/JPEG_20221024_135744_8089491374031632883.jpg,19.27,https://mavuno-files.s3-eu-west-1.amazonaws.com/survey-images/cd9d1ff9-4f1a-411d-89dc-42a472d0309f/q_box2_wet_weight_photo/JPEG_20221024_140019_7065457907819339809.jpg,16.49,https://mavuno-files.s3-eu-west-1.amazonaws.com/survey-images/76181478-f232-48a3-96b0-4419af3ba7c8/q_box1_dry_weight_photo/JPEG_20221129_173130_6959925286218035335.jpg,17.37,https://mavuno-files.s3-eu-west-1.amazonaws.com/survey-images/76181478-f232-48a3-96b0-4419af3ba7c8/q_box2_dry_weight_photo/JPEG_20221129_173155_7759936749908017145.jpg,4.1225,4.3425,used box 1 and 28498,4.2325,have average yields,2022.0_13_Client_K,1,0.9962783222731854,0.697591215065681,,3.033499240875244,,,
d30cd047-8b0e-47e4-a2ca-4744d134cea6,Rice,2022.0,Nigeria,,,,,https://mavuno-files.s3-eu-west-1.amazonaws.com/survey-images/3984105d-acb1-4671-a533-5eb692275471/q_field_photo/JPEG_20220719_085848_8918670205163760466.jpg,12.5904657,10.5374648,0.0,,0.0,,0.0,,0.0,,0.0,0.0,used box 1 and 28685,0.0,have average yields,2022.0_105_Client_BW,4,1.1673899992652197,0.8274820443297187,,,,,0.03909042477607727
d3f11273-fcfc-418d-988d-3279040d6da9,Rice,2022.0,Nigeria,https://mavuno-files.s3-eu-west-1.amazonaws.com/survey-images/cf06307a-0b3e-415a-9411-93290fc05ed8/q_wet_harvest_photo/JPEG_20221118_011013_5358524582299497117.jpg,,,,https://mavuno-files.s3-eu-west-1.amazonaws.com/survey-images/00fad7dc-edd3-48d4-afd4-b36e503feb01/q_field_photo/JPEG_20221118_102734_2902933332783287643.jpg,11.9744083,8.8681617,8.5,https://mavuno-files.s3-eu-west-1.amazonaws.com/survey-images/cf06307a-0b3e-415a-9411-93290fc05ed8/q_box1_wet_weight_photo/JPEG_20221118_010158_1828122361370231968.jpg,9.14,https://mavuno-files.s3-eu-west-1.amazonaws.com/survey-images/cf06307a-0b3e-415a-9411-93290fc05ed8/q_box2_wet_weight_photo/JPEG_20221118_010626_3453139056244601968.jpg,7.725,https://mavuno-files.s3-eu-west-1.amazonaws.com/survey-images/f0aeb657-65f4-4589-adbd-c4d571ca4a38/q_box1_dry_weight_photo/JPEG_20221208_132303_5787780479131395416.jpg,7.385,https://mavuno-files.s3-eu-west-1.amazonaws.com/survey-images/f0aeb657-65f4-4589-adbd-c4d571ca4a38/q_box2_dry_weight_photo/JPEG_20221208_132518_304869304175479057.jpg,1.93125,1.84625,used box 1 and 28797,1.88875,have average yields,2022.0_56_Client_P,1,0.824301842951997,-0.2167390506090476,,2.1738970279693604,,,
d447c384-c8c8-4e29-9c42-2f852c6aa8b8,Rice,2022.0,Nigeria,https://mavuno-files.s3-eu-west-1.amazonaws.com/survey-images/7afb04f8-3593-4496-9929-0142e75c0f6d/q_wet_harvest_photo/JPEG_20221109_152622_2750212174527601163.jpg,,,,https://mavuno-files.s3-eu-west-1.amazonaws.com/survey-images/9e9df43f-73a6-40fa-bc25-2573591e8f2c/q_field_photo/JPEG_20221102_075722_6125902657467127737.jpg,10.2857817,8.2750217,3.72,https://mavuno-files.s3-eu-west-1.amazonaws.com/survey-images/7afb04f8-3593-4496-9929-0142e75c0f6d/q_box1_wet_weight_photo/JPEG_20221109_151920_6316085099394596475.jpg,3.955,https://mavuno-files.s3-eu-west-1.amazonaws.com/survey-images/7afb04f8-3593-4496-9929-0142e75c0f6d/q_box2_wet_weight_photo/JPEG_20221109_152450_6428361624684324203.jpg,3.705,https://mavuno-files.s3-eu-west-1.amazonaws.com/survey-images/0ae96d8a-ed79-4381-b114-f8f0548aad81/q_box1_dry_weight_photo/JPEG_20221109_154100_7637044429388199472.jpg,3.85,https://mavuno-files.s3-eu-west-1.amazonaws.com/survey-images/0ae96d8a-ed79-4381-b114-f8f0548aad81/q_box2_dry_weight_photo/JPEG_20221109_155608_5223554197501187336.jpg,0.92625,0.9625,used box 1 and 28840,0.944375,have average yields,2022.0_104_Client_AD,1,-0.116110181796779,-0.5877737058804477,,2.321598768234253,,,
d44af3e4-406c-4170-aca2-67fea0b4f29f,Rice,2022.0,Nigeria,https://mavuno-files.s3-eu-west-1.amazonaws.com/survey-images/c96862b4-df5b-429a-9ce3-23ec2d5221b2/q_wet_harvest_photo/JPEG_20221029_083505_4212620366221886313.jpg,,,,https://mavuno-files.s3-eu-west-1.amazonaws.com/survey-images/a4671cd5-d3e5-49ff-b33b-5770703e87d1/q_field_photo/JPEG_20221029_074037_4177714901068617434.jpg,9.7786635,11.136906,3.545,https://mavuno-files.s3-eu-west-1.amazonaws.com/survey-images/c96862b4-df5b-429a-9ce3-23ec2d5221b2/q_box1_wet_weight_photo/JPEG_20221029_082912_7384431853758686953.jpg,2.805,https://mavuno-files.s3-eu-west-1.amazonaws.com/survey-images/c96862b4-df5b-429a-9ce3-23ec2d5221b2/q_box2_wet_weight_photo/JPEG_20221029_083108_758232637786149361.jpg,2.495,https://mavuno-files.s3-eu-west-1.amazonaws.com/survey-images/3f94e33e-93ab-48d2-a63a-27437f708aaf/q_box1_dry_weight_photo/JPEG_20221030_152612_6634448936006783709.jpg,1.98,https://mavuno-files.s3-eu-west-1.amazonaws.com/survey-images/3f94e33e-93ab-48d2-a63a-27437f708aaf/q_box2_dry_weight_photo/JPEG_20221030_153008_4256983219165881558.jpg,0.62375,0.495,used box 1 and 28844,0.559375,have average yields,2022.0_52_Client_S,4,-0.3985290737228884,1.2024583720052662,,,,,0.7278439402580261
d47ad8c9-564a-4593-84aa-05f1493ac7a8,Rice,2022.0,Nigeria,https://mavuno-files.s3-eu-west-1.amazonaws.com/survey-images/0ca92d09-444d-4f18-bb36-de209b746aa2/q_wet_harvest_photo/JPEG_20221208_160921_242244326894309890.jpg,,,,https://mavuno-files.s3-eu-west-1.amazonaws.com/survey-images/2d7caa6d-a783-4a7a-b131-723eaa574478/q_field_photo/JPEG_20221129_114322_7486305215820464327.jpg,9.7643166,6.806476,7.165,https://mavuno-files.s3-eu-west-1.amazonaws.com/survey-images/0ca92d09-444d-4f18-bb36-de209b746aa2/q_box1_wet_weight_photo/JPEG_20221208_160606_4617212632059054479.jpg,7.6,https://mavuno-files.s3-eu-west-1.amazonaws.com/survey-images/0ca92d09-444d-4f18-bb36-de209b746aa2/q_box2_wet_weight_photo/JPEG_20221208_160756_2906604528751973912.jpg,6.535,https://mavuno-files.s3-eu-west-1.amazonaws.com/survey-images/89fb6269-8517-4c8c-be3b-147456e5817d/q_box1_dry_weight_photo/JPEG_20221209_155310_4018288855449700221.jpg,6.705,https://mavuno-files.s3-eu-west-1.amazonaws.com/survey-images/89fb6269-8517-4c8c-be3b-147456e5817d/q_box2_dry_weight_photo/JPEG_20221209_155448_3064984388576136741.jpg,1.63375,1.67625,used box 1 and 28868,1.655,have average yields,2022.0_17_Client_P,4,-0.4065189971777646,-1.506412387388687,,,,,3.3008687496185303
d4b5fee0-c85d-4195-9a47-1530d53af0cb,Rice,2022.0,Nigeria,https://mavuno-files.s3-eu-west-1.amazonaws.com/survey-images/3cdacb54-9f2b-40fc-a90d-dd784705734c/q_wet_harvest_photo/JPEG_20220720_083137_8008780529661573877.jpg,,,,https://mavuno-files.s3-eu-west-1.amazonaws.com/survey-images/03f8b3aa-b37a-4503-9620-646f5eb64cd6/q_field_photo/JPEG_20220718_120828_457261863443999440.jpg,12.5943346,10.5377637,5.11,https://mavuno-files.s3-eu-west-1.amazonaws.com/survey-images/3cdacb54-9f2b-40fc-a90d-dd784705734c/q_box1_wet_weight_photo/JPEG_20220720_082923_1679671333855118948.jpg,5.035,https://mavuno-files.s3-eu-west-1.amazonaws.com/survey-images/3cdacb54-9f2b-40fc-a90d-dd784705734c/q_box2_wet_weight_photo/JPEG_20220720_083040_8218548945950953130.jpg,5.015,https://mavuno-files.s3-eu-west-1.amazonaws.com/survey-images/f979d20e-4a47-4ce5-a8a0-9ff1ae0327ec/q_box1_dry_weight_photo/JPEG_20220814_120337_3554595262972573328.jpg,4.965,https://mavuno-files.s3-eu-west-1.amazonaws.com/survey-images/f979d20e-4a47-4ce5-a8a0-9ff1ae0327ec/q_box2_dry_weight_photo/JPEG_20220814_120513_304312048036794955.jpg,1.25375,1.24125,used box 1 and 28895,1.2475,have average yields,2022.0_105_Client_BW,1,1.1695446260385696,0.827669019172859,,0.9499086141586304,,,
d4e9a088-5e41-4329-a65a-f6b454ad7930,Rice,2022.0,Nigeria,https://mavuno-files.s3-eu-west-1.amazonaws.com/survey-images/ffbf8d71-d457-47cb-b55a-7ea3939e66f7/q_wet_harvest_photo/JPEG_20221130_153035_8349810782315762367.jpg,,,,https://mavuno-files.s3-eu-west-1.amazonaws.com/survey-images/0ca648f5-5269-4d20-9892-3f6f53e2288d/q_field_photo/JPEG_20221130_141239_7038565104012443478.jpg,10.5283879,5.4727226,7.275,https://mavuno-files.s3-eu-west-1.amazonaws.com/survey-images/ffbf8d71-d457-47cb-b55a-7ea3939e66f7/q_box1_wet_weight_photo/JPEG_20221130_152641_9144899870544838856.jpg,8.895,https://mavuno-files.s3-eu-west-1.amazonaws.com/survey-images/ffbf8d71-d457-47cb-b55a-7ea3939e66f7/q_box2_wet_weight_photo/JPEG_20221130_152852_6008019638310676489.jpg,5.94,https://mavuno-files.s3-eu-west-1.amazonaws.com/survey-images/d3b6479f-2023-4a56-b9b6-6b924650e333/q_box1_dry_weight_photo/JPEG_20221207_183917_7340137428890460037.jpg,6.65,https://mavuno-files.s3-eu-west-1.amazonaws.com/survey-images/d3b6479f-2023-4a56-b9b6-6b924650e333/q_box2_dry_weight_photo/JPEG_20221207_183957_4419649839940810240.jpg,1.485,1.6625,used box 1 and 28931,1.57375,have average yields,2022.0_85_Client_P,2,0.0189994912112188,-2.340732670940729,,,2.54614782333374,,
d522114e-a4f9-4904-ade0-1308d276d7f5,Rice,2022.0,Nigeria,https://mavuno-files.s3-eu-west-1.amazonaws.com/survey-images/8ed6209d-a0a0-4f72-8ee7-56a2c52ce9e1/q_wet_harvest_photo/JPEG_20221115_154951_5534775962272565831.jpg,,,,https://mavuno-files.s3-eu-west-1.amazonaws.com/survey-images/f4a9ee2e-7b68-447f-b635-7701a2d942e8/q_field_photo/JPEG_20221015_153514_1534151466309608351.jpg,7.7430833,8.132255,0.0,,0.0,,0.0,,0.0,,0.0,0.0,used box 1 and 28961,0.0,have average yields,2022.0_135_Client_AU,2,-1.53216281928897,-0.6770804350147754,,,0.0718263089656829,,
d529d8f4-61dd-4c02-bb23-207e413d3a6d,Rice,2022.0,Nigeria,,,,,https://mavuno-files.s3-eu-west-1.amazonaws.com/survey-images/dba7f049-f3b1-46de-8aea-d471e1807144/q_field_photo/JPEG_20221023_110230_4511398530941117469.jpg,12.3129513,9.6813818,0.0,,0.0,,0.0,,0.0,,0.0,0.0,used box 1 and 28965,0.0,have average yields,2022.0_53_Client_BY,2,1.012839621579033,0.2919652004333265,,,0.4579618573188782,,
d573522c-d04b-4820-8f43-962a560e8f03,Rice,2022.0,Nigeria,,,,,https://mavuno-files.s3-eu-west-1.amazonaws.com/survey-images/5e4e2049-e0d4-4e46-a54a-a62694c1fb69/q_field_photo/JPEG_20220906_111820_2009506220.jpg,12.6404295,10.3095847,12.77,,14.77,,12.37,,14.4,,3.0925,3.6,used box 1 and 29005,3.34625,have average yields,2022.0_105_Client_BS,1,1.195215309089276,0.6849332121034108,,3.420928955078125,,,
d59f9863-ec6b-449e-b642-e13386d06acb,Rice,2022.0,Nigeria,https://mavuno-files.s3-eu-west-1.amazonaws.com/survey-images/25f7bf01-a0bb-40af-9d8d-9281d70892cc/q_wet_harvest_photo/JPEG_20221022_165851_39146753690322018.jpg,,,,https://mavuno-files.s3-eu-west-1.amazonaws.com/survey-images/7729187c-8703-4a0e-8ba5-be376261c968/q_field_photo/JPEG_20221018_143345_6426033829783017610.jpg,12.27825973,10.33516992,15.54,https://mavuno-files.s3-eu-west-1.amazonaws.com/survey-images/25f7bf01-a0bb-40af-9d8d-9281d70892cc/q_box1_wet_weight_photo/JPEG_20221022_165400_1833403124474579973.jpg,15.89,https://mavuno-files.s3-eu-west-1.amazonaws.com/survey-images/25f7bf01-a0bb-40af-9d8d-9281d70892cc/q_box2_wet_weight_photo/JPEG_20221022_165614_3455322980134628877.jpg,13.39,https://mavuno-files.s3-eu-west-1.amazonaws.com/survey-images/5a9b01bf-2077-4114-a4db-b6506a2a3ac6/q_box1_dry_weight_photo/JPEG_20221029_172448_5870488268600811811.jpg,14.22,https://mavuno-files.s3-eu-west-1.amazonaws.com/survey-images/5a9b01bf-2077-4114-a4db-b6506a2a3ac6/q_box2_dry_weight_photo/JPEG_20221029_172530_8462106812307693879.jpg,3.3475,3.555,used box 1 and 29029,3.45125,have average yields,2022.0_13_Client_K,1,0.9935195601839244,0.700937870839532,,1.963820457458496,,,
d6432650-59c2-482b-825e-3146ee180acd,Rice,2022.0,Nigeria,https://mavuno-files.s3-eu-west-1.amazonaws.com/survey-images/0e387b40-f585-4f56-927c-e6b7d078edd6/q_wet_harvest_photo/JPEG_20221026_082538_2942663580495669650.jpg,,,,https://mavuno-files.s3-eu-west-1.amazonaws.com/survey-images/bf6d1d63-cba5-47db-9238-aa24a5144935/q_field_photo/JPEG_20221026_193524_1898394168995814866.jpg,12.22849446,9.561907165,19.19,https://mavuno-files.s3-eu-west-1.amazonaws.com/survey-images/0e387b40-f585-4f56-927c-e6b7d078edd6/q_box1_wet_weight_photo/JPEG_20221026_081902_7924409127612441950.jpg,18.56,https://mavuno-files.s3-eu-west-1.amazonaws.com/survey-images/0e387b40-f585-4f56-927c-e6b7d078edd6/q_box2_wet_weight_photo/JPEG_20221026_082320_5316493504651519981.jpg,17.3,https://mavuno-files.s3-eu-west-1.amazonaws.com/survey-images/91c6ecc1-8d40-498f-8392-d52e5f4121cc/q_box1_dry_weight_photo/JPEG_20221101_074225_5291502105035084246.jpg,16.77,https://mavuno-files.s3-eu-west-1.amazonaws.com/survey-images/91c6ecc1-8d40-498f-8392-d52e5f4121cc/q_box2_dry_weight_photo/JPEG_20221101_074401_7629329003103027857.jpg,4.325,4.1925,used box 1 and 29131,4.25875,have average yields,2022.0_7_Client_K,1,0.9658048135828288,0.2172286626666915,,2.344422578811645,,,
d64fde61-5645-486d-82b0-681eb3312f7b,Rice,2022.0,Nigeria,https://mavuno-files.s3-eu-west-1.amazonaws.com/survey-images/7d8d1eb1-4e24-45ef-98d1-c5a9a1dbca83/q_wet_harvest_photo/JPEG_20221101_172851_809807529492679567.jpg,,,,https://mavuno-files.s3-eu-west-1.amazonaws.com/survey-images/4f9ff274-f1f7-475b-80f4-bf24badf253d/q_field_photo/JPEG_20221026_143042_6420523710679324542.jpg,8.4702365,8.571065,1.94,https://mavuno-files.s3-eu-west-1.amazonaws.com/survey-images/7d8d1eb1-4e24-45ef-98d1-c5a9a1dbca83/q_box1_wet_weight_photo/JPEG_20221101_171841_3020841866145330273.jpg,1.98,https://mavuno-files.s3-eu-west-1.amazonaws.com/survey-images/7d8d1eb1-4e24-45ef-98d1-c5a9a1dbca83/q_box2_wet_weight_photo/JPEG_20221101_172215_7529629425037115825.jpg,1.915,https://mavuno-files.s3-eu-west-1.amazonaws.com/survey-images/24a1c801-fe32-4609-b353-10419e5fcccc/q_box1_dry_weight_photo/JPEG_20221105_154204_7199314841354768449.jpg,1.62,https://mavuno-files.s3-eu-west-1.amazonaws.com/survey-images/24a1c801-fe32-4609-b353-10419e5fcccc/q_box2_dry_weight_photo/JPEG_20221105_154932_6253159561189452971.jpg,0.47875,0.405,used box 1 and 29140,0.441875,have average yields,2022.0_169_Client_AU,3,-1.1272043677789965,-0.4025858518141093,,,,1.1230121850967407,
d6baf49b-4f9e-410a-b2f1-f05fc6565246,Rice,2022.0,Nigeria,https://mavuno-files.s3-eu-west-1.amazonaws.com/survey-images/08fe0c03-8630-4bbd-9d73-92772795cbca/q_wet_harvest_photo/JPEG_20221207_100933_1198291160479214110.jpg,,,,https://mavuno-files.s3-eu-west-1.amazonaws.com/survey-images/0dfc7a1b-adc6-4070-bf25-dbff709dceef/q_field_photo/JPEG_20221205_143854_7122018501964136284.jpg,11.12713177,4.578796902,5.39,https://mavuno-files.s3-eu-west-1.amazonaws.com/survey-images/08fe0c03-8630-4bbd-9d73-92772795cbca/q_box1_wet_weight_photo/JPEG_20221207_100539_5442397840417305357.jpg,6.14,https://mavuno-files.s3-eu-west-1.amazonaws.com/survey-images/08fe0c03-8630-4bbd-9d73-92772795cbca/q_box2_wet_weight_photo/JPEG_20221207_100812_5220588929127457557.jpg,5.14,https://mavuno-files.s3-eu-west-1.amazonaws.com/survey-images/cf355eea-f158-4860-913b-9b068ddb9a78/q_box1_dry_weight_photo/JPEG_20221210_114933_5515740322602527916.jpg,6.0,https://mavuno-files.s3-eu-west-1.amazonaws.com/survey-images/cf355eea-f158-4860-913b-9b068ddb9a78/q_box2_dry_weight_photo/JPEG_20221210_115131_944494480251645064.jpg,1.285,1.5,used box 1 and 29190,1.3925,have average yields,2022.0_129_Client_P,0,0.3524455799395484,-2.899921754792224,1.454662203788757,,,,
d721d3a0-0fcc-45e9-bc7d-5e82d9e1363d,Rice,2022.0,Nigeria,https://mavuno-files.s3-eu-west-1.amazonaws.com/survey-images/9f6f32da-4b4d-4ee6-93c2-180da8148122/q_wet_harvest_photo/JPEG_20221101_153620_6924063222007203585.jpg,,,,https://mavuno-files.s3-eu-west-1.amazonaws.com/survey-images/6f43f23c-f10b-4033-85b9-a7909502cd29/q_field_photo/JPEG_20221101_152306_1657366406254397866.jpg,7.81145,8.9845741,0.0,,0.0,,0.0,,0.0,,0.0,0.0,used box 1 and 29250,0.0,have average yields,2022.0_102_Client_AU,1,-1.4940887614881562,-0.1439180729253367,,-0.2017021030187606,,,
d73a50e3-b729-45d5-8015-5a078febce72,Rice,2022.0,Nigeria,https://mavuno-files.s3-eu-west-1.amazonaws.com/survey-images/705ef52a-d8b0-44c0-810d-d593be5b6471/q_wet_harvest_photo/JPEG_20221210_132458_1823049343955905311.jpg,,,,https://mavuno-files.s3-eu-west-1.amazonaws.com/survey-images/96aa5080-e195-4914-8d65-5d193bdcd429/q_field_photo/JPEG_20221209_094915_1086816586552181527.jpg,11.9743792,8.8775194,7.4,https://mavuno-files.s3-eu-west-1.amazonaws.com/survey-images/705ef52a-d8b0-44c0-810d-d593be5b6471/q_box1_wet_weight_photo/JPEG_20221210_131926_8523931657930529730.jpg,7.735,https://mavuno-files.s3-eu-west-1.amazonaws.com/survey-images/705ef52a-d8b0-44c0-810d-d593be5b6471/q_box2_wet_weight_photo/JPEG_20221210_132204_736251539220063570.jpg,6.345,https://mavuno-files.s3-eu-west-1.amazonaws.com/survey-images/26eaf340-a870-4ece-a95b-430e5ba599c3/q_box1_dry_weight_photo/JPEG_20221210_180010_5546697002456431500.jpg,5.95,https://mavuno-files.s3-eu-west-1.amazonaws.com/survey-images/26eaf340-a870-4ece-a95b-430e5ba599c3/q_box2_dry_weight_photo/JPEG_20221210_180236_160605442629396444.jpg,1.58625,1.4875,used box 1 and 29262,1.536875,have average yields,2022.0_56_Client_P,2,0.824285636888489,-0.2108854056118573,,,1.5836195945739746,,
d84609d8-a84f-4ce7-b816-85723b50139d,Rice,2022.0,Nigeria,,,,,https://mavuno-files.s3-eu-west-1.amazonaws.com/survey-images/ea113254-4890-418b-891c-41f19f500969/q_field_photo/JPEG_20220829_151201_6686550452816214374.jpg,6.4510709,8.5076428,0.0,,0.0,,0.0,,0.0,,0.0,0.0,used box 1 and 29409,0.0,have average yields,2022.0_98_Client_AY,4,-2.251696668326125,-0.4422591736496866,,,,,0.04924994707107544
d886fad3-eb66-413f-8bfc-b4d4b99ff3df,Rice,2022.0,Nigeria,https://mavuno-files.s3-eu-west-1.amazonaws.com/survey-images/72ab4cb0-4261-4494-b66b-3b98a21c4bec/q_wet_harvest_photo/JPEG_20221031_144600_6491866955805340617.jpg,,,,https://mavuno-files.s3-eu-west-1.amazonaws.com/survey-images/d0789f18-089b-4c7f-9c6c-a5e7d80c24b6/q_field_photo/JPEG_20221031_143247_6678720975845108022.jpg,7.7711321,8.9027143,0.0,,0.0,,0.0,,0.0,,0.0,0.0,used box 1 and 29440,0.0,have average yields,2022.0_102_Client_AU,0,-1.5165421789414988,-0.1951249088723068,0.1251016706228256,,,,
d8d87598-2d62-43d6-a272-4deb066292f8,Rice,2022.0,Nigeria,https://mavuno-files.s3-eu-west-1.amazonaws.com/survey-images/41bf0b24-18ff-44d8-8c97-736e2f32f875/q_wet_harvest_photo/JPEG_20221114_170747_5205581340162344862.jpg,,,,https://mavuno-files.s3-eu-west-1.amazonaws.com/survey-images/d59abe31-9bce-4ca5-bef9-c7369a13c416/q_field_photo/JPEG_20221031_140146_1892646967073010109.jpg,8.0878597,9.1629268,7.37,https://mavuno-files.s3-eu-west-1.amazonaws.com/survey-images/41bf0b24-18ff-44d8-8c97-736e2f32f875/q_box1_wet_weight_photo/JPEG_20221114_170217_7620796993892796885.jpg,5.81,https://mavuno-files.s3-eu-west-1.amazonaws.com/survey-images/41bf0b24-18ff-44d8-8c97-736e2f32f875/q_box2_wet_weight_photo/JPEG_20221114_170541_6106319540199913360.jpg,6.76,https://mavuno-files.s3-eu-west-1.amazonaws.com/survey-images/e5a42048-c697-4fbe-95fc-3b91a0fbf879/q_box1_dry_weight_photo/JPEG_20221116_114803_8019634242361155503.jpg,5.32,https://mavuno-files.s3-eu-west-1.amazonaws.com/survey-images/e5a42048-c697-4fbe-95fc-3b91a0fbf879/q_box2_dry_weight_photo/JPEG_20221116_115118_3117116347536282887.jpg,1.69,1.33,used box 1 and 29492,1.51,have average yields,2022.0_173_Client_AU,0,-1.340153601614919,-0.0323507657782495,0.8599681258201599,,,,
d8ddac1e-918c-4c5c-b682-510b1ca06842,Rice,2022.0,Nigeria,https://mavuno-files.s3-eu-west-1.amazonaws.com/survey-images/b6a8593f-5275-49b8-af53-04f916597ba7/q_wet_harvest_photo/JPEG_20221017_120425_8441804295042697696.jpg,,,,https://mavuno-files.s3-eu-west-1.amazonaws.com/survey-images/7440d332-e476-41db-8185-f60b637998c3/q_field_photo/JPEG_20221017_103513_9034070344038412297.jpg,11.37707227,9.527858198,15.76,https://mavuno-files.s3-eu-west-1.amazonaws.com/survey-images/b6a8593f-5275-49b8-af53-04f916597ba7/q_box1_wet_weight_photo/JPEG_20221017_120050_707650554940263662.jpg,16.24,https://mavuno-files.s3-eu-west-1.amazonaws.com/survey-images/b6a8593f-5275-49b8-af53-04f916597ba7/q_box2_wet_weight_photo/JPEG_20221017_120245_7436011719773739615.jpg,14.06,https://mavuno-files.s3-eu-west-1.amazonaws.com/survey-images/25aa4cb7-b1ad-4e30-a0d6-1147cb33a7c5/q_box1_dry_weight_photo/JPEG_20221029_091821_4669886252992144348.jpg,14.67,https://mavuno-files.s3-eu-west-1.amazonaws.com/survey-images/25aa4cb7-b1ad-4e30-a0d6-1147cb33a7c5/q_box2_dry_weight_photo/JPEG_20221029_092101_3022393501638660224.jpg,3.515,3.6675,used box 1 and 29496,3.59125,have average yields,2022.0_7_Client_K,1,0.4916397935517944,0.1959295650958115,,2.827179193496704,,,
d8f17410-0d6b-465e-8690-0eea8d7e86c0,Rice,2022.0,Nigeria,https://mavuno-files.s3-eu-west-1.amazonaws.com/survey-images/f70eb771-0a61-4540-813f-3517b8f8eb39/q_wet_harvest_photo/JPEG_20221129_152651_1070364680174087509.jpg,,,,https://mavuno-files.s3-eu-west-1.amazonaws.com/survey-images/454aa81d-8dcc-4897-8bf5-7b4674b10031/q_field_photo/JPEG_20221129_142523_944150459619989977.jpg,10.5259542,5.4792151,7.01,https://mavuno-files.s3-eu-west-1.amazonaws.com/survey-images/f70eb771-0a61-4540-813f-3517b8f8eb39/q_box1_wet_weight_photo/JPEG_20221129_152342_1356440258817272188.jpg,7.91,https://mavuno-files.s3-eu-west-1.amazonaws.com/survey-images/f70eb771-0a61-4540-813f-3517b8f8eb39/q_box2_wet_weight_photo/JPEG_20221129_152527_8430226369187129624.jpg,6.29,https://mavuno-files.s3-eu-west-1.amazonaws.com/survey-images/5fad60bd-7ca6-4a81-8a29-73b0f6f0b834/q_box1_dry_weight_photo/JPEG_20221207_175800_4195913331705558606.jpg,6.435,https://mavuno-files.s3-eu-west-1.amazonaws.com/survey-images/5fad60bd-7ca6-4a81-8a29-73b0f6f0b834/q_box2_dry_weight_photo/JPEG_20221207_175843_9108252748850665567.jpg,1.5725,1.60875,used box 1 and 29505,1.590625,have average yields,2022.0_85_Client_P,0,0.0176441408071496,-2.336671332134798,1.525422215461731,,,,
d91d9dd3-a683-43ad-bb58-e609f907927c,Rice,2022.0,Nigeria,https://mavuno-files.s3-eu-west-1.amazonaws.com/survey-images/6900d37b-9a76-46e0-90c7-8b819b935c11/q_wet_harvest_photo/JPEG_20221019_133730_1469566793.jpg,,,,https://mavuno-files.s3-eu-west-1.amazonaws.com/survey-images/4903de7d-dbf9-4071-b13d-c4c5f768dad5/q_field_photo/JPEG_20220907_104612_200308388.jpg,12.6419834,10.3143557,13.44,https://mavuno-files.s3-eu-west-1.amazonaws.com/survey-images/6900d37b-9a76-46e0-90c7-8b819b935c11/q_box1_wet_weight_photo/JPEG_20221019_133322_1797600585.jpg,16.96,https://mavuno-files.s3-eu-west-1.amazonaws.com/survey-images/6900d37b-9a76-46e0-90c7-8b819b935c11/q_box2_wet_weight_photo/JPEG_20221019_133634_1815171902.jpg,13.33,,16.84,,3.3325,4.21,used box 1 and 29530,3.77125,have average yields,2022.0_105_Client_BS,0,1.1960806906042054,0.6879176784019234,3.3763222694396973,,,,
d9682868-1436-4b2d-9510-0bc767034d1d,Rice,2022.0,Nigeria,https://mavuno-files.s3-eu-west-1.amazonaws.com/survey-images/6d3bac4f-3b9f-4eef-9769-62bf91bdd713/q_wet_harvest_photo/JPEG_20221130_130616_5862919006410775396.jpg,,,,https://mavuno-files.s3-eu-west-1.amazonaws.com/survey-images/661f957e-e1df-4c6b-a6eb-fdb3f5cc3456/q_field_photo/JPEG_20221124_152517_7653859691303093388.jpg,8.6261392,8.9512266,8.94,https://mavuno-files.s3-eu-west-1.amazonaws.com/survey-images/6d3bac4f-3b9f-4eef-9769-62bf91bdd713/q_box1_wet_weight_photo/JPEG_20221130_130313_9004393055312228295.jpg,7.145,https://mavuno-files.s3-eu-west-1.amazonaws.com/survey-images/6d3bac4f-3b9f-4eef-9769-62bf91bdd713/q_box2_wet_weight_photo/JPEG_20221130_130516_3295457895907928342.jpg,4.34,https://mavuno-files.s3-eu-west-1.amazonaws.com/survey-images/d5eb50db-01df-4be6-8ebe-7976f61c5d19/q_box1_dry_weight_photo/JPEG_20221130_131248_7151794405580870056.jpg,3.425,https://mavuno-files.s3-eu-west-1.amazonaws.com/survey-images/d5eb50db-01df-4be6-8ebe-7976f61c5d19/q_box2_dry_weight_photo/JPEG_20221130_131506_1984840543146190620.jpg,1.085,0.85625,used box 1 and 29572,0.970625,have average yields,2022.0_169_Client_AU,1,-1.0403806888373044,-0.1647783726297284,,0.8540362119674683,,,
d97f256a-846c-4c1d-b331-868199ada959,Rice,2022.0,Nigeria,,,,,https://mavuno-files.s3-eu-west-1.amazonaws.com/survey-images/70126342-084c-4d21-91a7-8983a1363eb0/q_field_photo/JPEG_20221014_143742_4728505535903161327.jpg,7.9335251,8.1786324,0.0,,0.0,,0.0,,0.0,,0.0,0.0,used box 1 and 29584,0.0,have average yields,2022.0_101_Client_AU,1,-1.4261039909282176,-0.6480693708117484,,-0.0433513931930065,,,
d98d23aa-1d51-45e8-b861-be0d711690b2,Rice,2022.0,Nigeria,https://mavuno-files.s3-eu-west-1.amazonaws.com/survey-images/ec06bb36-304b-414d-9038-ac383a3a713f/q_wet_harvest_photo/JPEG_20221121_083849_4490636354311927913.jpg,,,,https://mavuno-files.s3-eu-west-1.amazonaws.com/survey-images/4136dfde-6170-4694-a896-3fb5bc1d4159/q_field_photo/JPEG_20221029_100207_3043287618346215605.jpg,8.3660203,8.7908465,2.69,https://mavuno-files.s3-eu-west-1.amazonaws.com/survey-images/ec06bb36-304b-414d-9038-ac383a3a713f/q_box1_wet_weight_photo/JPEG_20221121_083556_8979698845150702710.jpg,3.63,https://mavuno-files.s3-eu-west-1.amazonaws.com/survey-images/ec06bb36-304b-414d-9038-ac383a3a713f/q_box2_wet_weight_photo/JPEG_20221121_083713_916805434819793819.jpg,2.295,https://mavuno-files.s3-eu-west-1.amazonaws.com/survey-images/861afa51-859d-49ad-8772-11d79fdd118a/q_box1_dry_weight_photo/JPEG_20221121_090405_6445423367312610145.jpg,3.505,https://mavuno-files.s3-eu-west-1.amazonaws.com/survey-images/861afa51-859d-49ad-8772-11d79fdd118a/q_box2_dry_weight_photo/JPEG_20221121_090531_322862949602903565.jpg,0.57375,0.87625,used box 1 and 29597,0.725,have average yields,2022.0_102_Client_AU,0,-1.1852433490751713,-0.2651030432233361,0.7670965194702148,,,,
d99959ab-4ff3-42be-92f5-6f615385931e,Rice,2022.0,Nigeria,https://mavuno-files.s3-eu-west-1.amazonaws.com/survey-images/d55c99f9-653f-4e60-9b0b-54c640513127/q_wet_harvest_photo/JPEG_20221029_111727_8759388663024279629.jpg,,,,https://mavuno-files.s3-eu-west-1.amazonaws.com/survey-images/0e4e3fab-bca2-4cb0-8377-cc7ce730ba8f/q_field_photo/JPEG_20221029_102718_3548781164992784832.jpg,9.779476,11.1367711,5.755,https://mavuno-files.s3-eu-west-1.amazonaws.com/survey-images/d55c99f9-653f-4e60-9b0b-54c640513127/q_box1_wet_weight_photo/JPEG_20221029_111125_150977210081615443.jpg,6.725,https://mavuno-files.s3-eu-west-1.amazonaws.com/survey-images/d55c99f9-653f-4e60-9b0b-54c640513127/q_box2_wet_weight_photo/JPEG_20221029_111401_1235589160289839943.jpg,4.365,https://mavuno-files.s3-eu-west-1.amazonaws.com/survey-images/3a4acd4e-56e3-4a98-9fa9-f10fac3194fb/q_box1_dry_weight_photo/JPEG_20221030_162910_3955234673233883589.jpg,5.645,https://mavuno-files.s3-eu-west-1.amazonaws.com/survey-images/3a4acd4e-56e3-4a98-9fa9-f10fac3194fb/q_box2_dry_weight_photo/JPEG_20221030_163247_334777336880860420.jpg,1.09125,1.41125,used box 1 and 29601,1.25125,have average yields,2022.0_52_Client_S,4,-0.3980765848362934,1.2023739862363148,,,,,1.8717912435531616
d9b84025-ed79-4425-a3e4-6595e7856acb,Rice,2022.0,Nigeria,https://mavuno-files.s3-eu-west-1.amazonaws.com/survey-images/b3f29990-55ec-43ad-9415-cbceb1b3291c/q_wet_harvest_photo/JPEG_20221020_113313_7370539482288365827.jpg,,,,https://mavuno-files.s3-eu-west-1.amazonaws.com/survey-images/dabef123-346e-430d-b157-7ffa667e419f/q_field_photo/JPEG_20221020_095714_5858478182396003738.jpg,11.49821592,9.489527084,16.62,https://mavuno-files.s3-eu-west-1.amazonaws.com/survey-images/b3f29990-55ec-43ad-9415-cbceb1b3291c/q_box1_wet_weight_photo/JPEG_20221020_113113_4087317972052686016.jpg,14.83,https://mavuno-files.s3-eu-west-1.amazonaws.com/survey-images/b3f29990-55ec-43ad-9415-cbceb1b3291c/q_box2_wet_weight_photo/JPEG_20221020_113220_7675966684125429235.jpg,13.2,https://mavuno-files.s3-eu-west-1.amazonaws.com/survey-images/7b68d6bf-36f0-40f2-b2dc-f763951e7d59/q_box1_dry_weight_photo/JPEG_20221203_114422_2676056601580628597.jpg,11.87,https://mavuno-files.s3-eu-west-1.amazonaws.com/survey-images/7b68d6bf-36f0-40f2-b2dc-f763951e7d59/q_box2_dry_weight_photo/JPEG_20221203_114510_5922143638044696149.jpg,3.3,2.9675,used box 1 and 29617,3.13375,have average yields,2022.0_7_Client_K,4,0.5591058308521409,0.1719517998647383,,,,,2.985670328140259
da311562-8ba2-4ebc-89ac-d4048bfc6b5d,Rice,2022.0,Nigeria,https://mavuno-files.s3-eu-west-1.amazonaws.com/survey-images/023d516c-3a5b-413c-9261-b4ead76b0c7d/q_wet_harvest_photo/JPEG_20221020_083404_8163167610706544585.jpg,,,,https://mavuno-files.s3-eu-west-1.amazonaws.com/survey-images/0951d3ff-6952-408b-925a-1c52b29665e1/q_field_photo/JPEG_20221020_074947_1641012396026875200.jpg,11.51745139,8.943136632,15.81,https://mavuno-files.s3-eu-west-1.amazonaws.com/survey-images/023d516c-3a5b-413c-9261-b4ead76b0c7d/q_box1_wet_weight_photo/JPEG_20221020_083144_222559552997729008.jpg,16.25,https://mavuno-files.s3-eu-west-1.amazonaws.com/survey-images/023d516c-3a5b-413c-9261-b4ead76b0c7d/q_box2_wet_weight_photo/JPEG_20221020_083259_564584586328798751.jpg,12.56,https://mavuno-files.s3-eu-west-1.amazonaws.com/survey-images/4c2ccd9c-1813-4368-bbd8-7a6b14f3036d/q_box1_dry_weight_photo/JPEG_20221110_143749_6969904994841044097.jpg,13.41,https://mavuno-files.s3-eu-west-1.amazonaws.com/survey-images/4c2ccd9c-1813-4368-bbd8-7a6b14f3036d/q_box2_dry_weight_photo/JPEG_20221110_143827_8362593972758653584.jpg,3.14,3.3525,used box 1 and 29670,3.24625,have average yields,2022.0_201_Client_K,1,0.5698182448871291,-0.1698389965769192,,2.923940896987915,,,
da5b07ca-cf8d-441e-9b68-a9483d2b13fd,Rice,2022.0,Nigeria,https://mavuno-files.s3-eu-west-1.amazonaws.com/survey-images/cd016b9e-c2f8-4986-b7ff-1b21d854ae73/q_wet_harvest_photo/JPEG_20221207_133259_3188574385484595160.jpg,,,,https://mavuno-files.s3-eu-west-1.amazonaws.com/survey-images/a3e67e15-83ea-43aa-b536-1b11f5d97911/q_field_photo/JPEG_20221028_165412_867232062685194697.jpg,9.7019817,6.9152216,8.905,https://mavuno-files.s3-eu-west-1.amazonaws.com/survey-images/cd016b9e-c2f8-4986-b7ff-1b21d854ae73/q_box1_wet_weight_photo/JPEG_20221207_132836_1676233561035232150.jpg,9.08,https://mavuno-files.s3-eu-west-1.amazonaws.com/survey-images/cd016b9e-c2f8-4986-b7ff-1b21d854ae73/q_box2_wet_weight_photo/JPEG_20221207_133118_2889724040307856450.jpg,8.295,https://mavuno-files.s3-eu-west-1.amazonaws.com/survey-images/affe557e-0dfe-4df1-8774-325276ee5bee/q_box1_dry_weight_photo/JPEG_20221208_145338_7126217384365474307.jpg,8.095,https://mavuno-files.s3-eu-west-1.amazonaws.com/survey-images/affe557e-0dfe-4df1-8774-325276ee5bee/q_box2_dry_weight_photo/JPEG_20221208_145515_2749276881856472125.jpg,2.07375,2.02375,used box 1 and 29695,2.04875,have average yields,2022.0_17_Client_P,1,-0.4412338888663794,-1.4383873238146885,,3.2872095108032227,,,
dadd2849-30fd-4824-8261-fb72c963b9bb,Rice,2022.0,Nigeria,https://mavuno-files.s3-eu-west-1.amazonaws.com/survey-images/175cb8dd-7e84-4a0f-a907-2e56d17e6c1b/q_wet_harvest_photo/JPEG_20221129_171411_7274974791447486657.jpg,,,,https://mavuno-files.s3-eu-west-1.amazonaws.com/survey-images/ac47fb5f-d61f-474a-9183-dd6d3b1da673/q_field_photo/JPEG_20221129_163301_2409268875790735004.jpg,10.5235778,5.4791163,7.99,https://mavuno-files.s3-eu-west-1.amazonaws.com/survey-images/175cb8dd-7e84-4a0f-a907-2e56d17e6c1b/q_box1_wet_weight_photo/JPEG_20221129_171141_7516462100165049589.jpg,8.01,https://mavuno-files.s3-eu-west-1.amazonaws.com/survey-images/175cb8dd-7e84-4a0f-a907-2e56d17e6c1b/q_box2_wet_weight_photo/JPEG_20221129_171306_6674036183799390320.jpg,5.96,https://mavuno-files.s3-eu-west-1.amazonaws.com/survey-images/e4c87664-10e6-4e68-b549-e6f8452f0cfe/q_box1_dry_weight_photo/JPEG_20221207_181229_2579035080327360713.jpg,6.675,https://mavuno-files.s3-eu-west-1.amazonaws.com/survey-images/e4c87664-10e6-4e68-b549-e6f8452f0cfe/q_box2_dry_weight_photo/JPEG_20221207_181307_7189801945735063297.jpg,1.49,1.66875,used box 1 and 29774,1.579375,have average yields,2022.0_85_Client_P,1,0.0163207013116375,-2.3367331357965657,,1.6089520454406738,,,
db3000bb-d7c5-4eb8-94e8-5fb0918c3b24,Rice,2022.0,Nigeria,https://mavuno-files.s3-eu-west-1.amazonaws.com/survey-images/0533012b-5994-43be-a2f4-e762e3613fb7/q_wet_harvest_photo/JPEG_20221114_172241_7879953150289175510.jpg,,,,https://mavuno-files.s3-eu-west-1.amazonaws.com/survey-images/e2c0d78f-5cab-4208-8e5b-d979867be5f2/q_field_photo/JPEG_20221031_135210_8989347602887814445.jpg,8.0873155,9.1626112,5.685,https://mavuno-files.s3-eu-west-1.amazonaws.com/survey-images/0533012b-5994-43be-a2f4-e762e3613fb7/q_box1_wet_weight_photo/JPEG_20221114_171609_6127131164867269080.jpg,6.985,https://mavuno-files.s3-eu-west-1.amazonaws.com/survey-images/0533012b-5994-43be-a2f4-e762e3613fb7/q_box2_wet_weight_photo/JPEG_20221114_172013_2084086445643945016.jpg,5.25,https://mavuno-files.s3-eu-west-1.amazonaws.com/survey-images/8c3b5cc1-b8dc-4b18-9f51-7c4b73ca5ef6/q_box1_dry_weight_photo/JPEG_20221116_113537_2681803212644196583.jpg,6.74,https://mavuno-files.s3-eu-west-1.amazonaws.com/survey-images/8c3b5cc1-b8dc-4b18-9f51-7c4b73ca5ef6/q_box2_dry_weight_photo/JPEG_20221116_114000_8077658437230170058.jpg,1.3125,1.685,used box 1 and 29818,1.49875,have average yields,2022.0_173_Client_AU,1,-1.340456671709792,-0.0325481871917491,,0.764246940612793,,,
db30742e-0959-4751-a7be-b65bf1edb061,Rice,2022.0,Nigeria,https://mavuno-files.s3-eu-west-1.amazonaws.com/survey-images/3e79ae0a-bcea-42a3-bed9-b8a23dd63661/q_wet_harvest_photo/JPEG_20220907_130615_539898539.jpg,,,,https://mavuno-files.s3-eu-west-1.amazonaws.com/survey-images/b857860b-fc53-4c3c-8395-f8d6c100b24b/q_field_photo/JPEG_20220728_101340_768795497.jpg,12.6383691,10.3059117,12.18,https://mavuno-files.s3-eu-west-1.amazonaws.com/survey-images/3e79ae0a-bcea-42a3-bed9-b8a23dd63661/q_box1_wet_weight_photo/JPEG_20220907_130345_537746663.jpg,9.765,https://mavuno-files.s3-eu-west-1.amazonaws.com/survey-images/3e79ae0a-bcea-42a3-bed9-b8a23dd63661/q_box2_wet_weight_photo/JPEG_20220907_130539_1671916871.jpg,12.1,https://mavuno-files.s3-eu-west-1.amazonaws.com/survey-images/f30b4972-5c68-427c-b2d6-e2e96fbe1702/q_box1_dry_weight_photo/JPEG_20220908_112704_1540380998.jpg,9.72,https://mavuno-files.s3-eu-west-1.amazonaws.com/survey-images/f30b4972-5c68-427c-b2d6-e2e96fbe1702/q_box2_dry_weight_photo/JPEG_20220908_113110_571665152.jpg,3.025,2.43,used box 1 and 29819,2.7275,have average yields,2022.0_105_Client_BS,3,1.1940678529638118,0.6826355921674561,,,,3.997582197189331,
db780c97-acdf-44a3-85bc-9dfd00694c4a,Rice,2022.0,Nigeria,https://mavuno-files.s3-eu-west-1.amazonaws.com/survey-images/6dc357cf-5905-4c0b-805c-e26a702f809e/q_wet_harvest_photo/JPEG_20221117_125348_1975865657641707186.jpg,,,,https://mavuno-files.s3-eu-west-1.amazonaws.com/survey-images/53d44cf7-5b9c-4b68-891f-a77bc2911065/q_field_photo/JPEG_20221013_124853_2776896732517284890.jpg,8.3785763,9.2683269,1.145,https://mavuno-files.s3-eu-west-1.amazonaws.com/survey-images/6dc357cf-5905-4c0b-805c-e26a702f809e/q_box1_wet_weight_photo/JPEG_20221117_124628_8907984204915411537.jpg,0.925,https://mavuno-files.s3-eu-west-1.amazonaws.com/survey-images/6dc357cf-5905-4c0b-805c-e26a702f809e/q_box2_wet_weight_photo/JPEG_20221117_125000_5919985463729185839.jpg,0.91,https://mavuno-files.s3-eu-west-1.amazonaws.com/survey-images/dd20238d-6671-44be-aaf8-e8ce065a3e6f/q_box1_dry_weight_photo/JPEG_20221117_135847_4619772788040876891.jpg,0.73,https://mavuno-files.s3-eu-west-1.amazonaws.com/survey-images/dd20238d-6671-44be-aaf8-e8ce065a3e6f/q_box2_dry_weight_photo/JPEG_20221117_140052_5622318168684519495.jpg,0.2275,0.1825,used box 1 and 29861,0.205,have average yields,2022.0_173_Client_AU,2,-1.1782507946627596,0.0335815432366058,,,0.3068368434906006,,
db7f2727-d8aa-403f-bcc6-9490e166ff90,Rice,2022.0,Nigeria,https://mavuno-files.s3-eu-west-1.amazonaws.com/survey-images/f9331db3-0a69-4216-955b-5f109d04b611/q_wet_harvest_photo/JPEG_20221122_143838_5158791560238194345.jpg,,,,https://mavuno-files.s3-eu-west-1.amazonaws.com/survey-images/f126ab35-b8d2-4154-8db3-30de7e007d5f/q_field_photo/JPEG_20221122_133027_8326350363837107480.jpg,10.523422,5.4774913,7.675,https://mavuno-files.s3-eu-west-1.amazonaws.com/survey-images/f9331db3-0a69-4216-955b-5f109d04b611/q_box1_wet_weight_photo/JPEG_20221122_143255_28471981653314374.jpg,8.525,https://mavuno-files.s3-eu-west-1.amazonaws.com/survey-images/f9331db3-0a69-4216-955b-5f109d04b611/q_box2_wet_weight_photo/JPEG_20221122_143548_7669378536216544499.jpg,5.945,https://mavuno-files.s3-eu-west-1.amazonaws.com/survey-images/e095c47d-04c6-4298-86f1-368e2deaa357/q_box1_dry_weight_photo/JPEG_20221207_172944_2078310010542360080.jpg,6.79,https://mavuno-files.s3-eu-west-1.amazonaws.com/survey-images/e095c47d-04c6-4298-86f1-368e2deaa357/q_box2_dry_weight_photo/JPEG_20221207_173045_8041429300262851210.jpg,1.48625,1.6975,used box 1 and 29867,1.591875,have average yields,2022.0_85_Client_P,3,0.0162339348272911,-2.337749643391428,,,,1.6865910291671753,
dc764b52-cf4c-46fb-b7d6-8af2b151c52e,Rice,2022.0,Nigeria,https://mavuno-files.s3-eu-west-1.amazonaws.com/survey-images/680b2263-dc19-493f-9398-46783ce644bf/q_wet_harvest_photo/JPEG_20221025_115655_6891065203325098305.jpg,,,,https://mavuno-files.s3-eu-west-1.amazonaws.com/survey-images/901192c7-db7c-4ff8-a064-a5f960b74237/q_field_photo/JPEG_20221020_075814_2846915194608366042.jpg,12.26059587,10.33445947,20.01,https://mavuno-files.s3-eu-west-1.amazonaws.com/survey-images/680b2263-dc19-493f-9398-46783ce644bf/q_box1_wet_weight_photo/JPEG_20221025_115057_230885516411023371.jpg,18.6,https://mavuno-files.s3-eu-west-1.amazonaws.com/survey-images/680b2263-dc19-493f-9398-46783ce644bf/q_box2_wet_weight_photo/JPEG_20221025_115314_3960831189810499587.jpg,17.39,https://mavuno-files.s3-eu-west-1.amazonaws.com/survey-images/5b6ebe64-2602-4aff-99e4-53f700019dc8/q_box1_dry_weight_photo/JPEG_20221129_145249_4256730272339600540.jpg,15.11,https://mavuno-files.s3-eu-west-1.amazonaws.com/survey-images/5b6ebe64-2602-4aff-99e4-53f700019dc8/q_box2_dry_weight_photo/JPEG_20221129_145331_6421610803501000285.jpg,4.3475,3.7775,used box 1 and 30005,4.0625,have average yields,2022.0_13_Client_K,1,0.9836823905293188,0.7004934537190588,,3.057277202606201,,,
dd27d12b-0f0c-4ca5-b9be-bd4bd7bc7bec,Rice,2022.0,Nigeria,https://mavuno-files.s3-eu-west-1.amazonaws.com/survey-images/ec1a2679-f90d-4d09-8572-3efcd0d997d6/q_wet_harvest_photo/JPEG_20221117_123620_1602493682.jpg,,,,https://mavuno-files.s3-eu-west-1.amazonaws.com/survey-images/724cc770-6ecb-407b-a351-9a6aa1470151/q_field_photo/JPEG_20221116_153203_1364418307.jpg,12.6320431,10.3632022,1.82,https://mavuno-files.s3-eu-west-1.amazonaws.com/survey-images/ec1a2679-f90d-4d09-8572-3efcd0d997d6/q_box1_wet_weight_photo/JPEG_20221117_123205_399706871.jpg,1.89,https://mavuno-files.s3-eu-west-1.amazonaws.com/survey-images/ec1a2679-f90d-4d09-8572-3efcd0d997d6/q_box2_wet_weight_photo/JPEG_20221117_123358_389469564.jpg,1.81,https://mavuno-files.s3-eu-west-1.amazonaws.com/survey-images/3e5a9496-910d-4d75-813a-d6335762f468/q_box1_dry_weight_photo/JPEG_20221217_065714_1454880363.jpg,1.85,https://mavuno-files.s3-eu-west-1.amazonaws.com/survey-images/3e5a9496-910d-4d75-813a-d6335762f468/q_box2_dry_weight_photo/JPEG_20221217_070019_1520733453.jpg,0.4525,0.4625,used box 1 and 30109,0.4575,have average yields,2022.0_105_Client_BN,2,1.1905448441064597,0.7184732711603184,,,2.932358741760254,,
dd2cb1ba-b23d-47a0-b501-9910e3edb26c,Rice,2022.0,Nigeria,https://mavuno-files.s3-eu-west-1.amazonaws.com/survey-images/510a60f8-7513-4043-bfd7-a2bdd35c1834/q_wet_harvest_photo/JPEG_20221209_091827_894841907319971661.jpg,,,,https://mavuno-files.s3-eu-west-1.amazonaws.com/survey-images/b9cdb21b-24da-4b5e-b48c-829117b25474/q_field_photo/JPEG_20221209_083437_5393729145050258160.jpg,11.9734842,8.8759021,7.27,https://mavuno-files.s3-eu-west-1.amazonaws.com/survey-images/510a60f8-7513-4043-bfd7-a2bdd35c1834/q_box1_wet_weight_photo/JPEG_20221209_091050_205103303750354621.jpg,8.27,https://mavuno-files.s3-eu-west-1.amazonaws.com/survey-images/510a60f8-7513-4043-bfd7-a2bdd35c1834/q_box2_wet_weight_photo/JPEG_20221209_091618_7915203219254441077.jpg,6.095,https://mavuno-files.s3-eu-west-1.amazonaws.com/survey-images/6c2cb2e5-8abf-41d5-9c90-852d526b0112/q_box1_dry_weight_photo/JPEG_20221210_074732_7565061767451377181.jpg,7.185,https://mavuno-files.s3-eu-west-1.amazonaws.com/survey-images/6c2cb2e5-8abf-41d5-9c90-852d526b0112/q_box2_dry_weight_photo/JPEG_20221210_075131_9025810492874722476.jpg,1.52375,1.79625,used box 1 and 30115,1.66,have average yields,2022.0_56_Client_P,0,0.8237872029764862,-0.2118970965245776,1.3431178331375122,,,,
dd7a680a-c3e0-460d-99df-2dcc2e5ba2c4,Rice,2022.0,Nigeria,https://mavuno-files.s3-eu-west-1.amazonaws.com/survey-images/07e511cf-a07c-4039-bbba-b6827f3a16dd/q_wet_harvest_photo/JPEG_20221211_121139_8054409660154132144.jpg,,,,https://mavuno-files.s3-eu-west-1.amazonaws.com/survey-images/a0759d30-c439-41e1-b41e-724329938c14/q_field_photo/JPEG_20221103_112956_7421726415158582683.jpg,9.727621,6.6588814,8.21,https://mavuno-files.s3-eu-west-1.amazonaws.com/survey-images/07e511cf-a07c-4039-bbba-b6827f3a16dd/q_box1_wet_weight_photo/JPEG_20221211_120802_6654694662883956444.jpg,8.72,https://mavuno-files.s3-eu-west-1.amazonaws.com/survey-images/07e511cf-a07c-4039-bbba-b6827f3a16dd/q_box2_wet_weight_photo/JPEG_20221211_121016_7340322303859351796.jpg,7.32,https://mavuno-files.s3-eu-west-1.amazonaws.com/survey-images/ae8be16b-87ce-4876-ba12-10bad69f16ee/q_box1_dry_weight_photo/JPEG_20221211_123815_6321959898671062788.jpg,7.805,https://mavuno-files.s3-eu-west-1.amazonaws.com/survey-images/ae8be16b-87ce-4876-ba12-10bad69f16ee/q_box2_dry_weight_photo/JPEG_20221211_123906_8813350384663151409.jpg,1.83,1.95125,used box 1 and 30147,1.890625,have average yields,2022.0_17_Client_P,3,-0.4269551217155237,-1.5987391762259262,,,,2.33959436416626,
ddb3b7a2-ac98-4881-8a39-7d4bb51e8b65,Rice,2022.0,Nigeria,https://mavuno-files.s3-eu-west-1.amazonaws.com/survey-images/28eba065-4ff8-46ef-95f4-5f28be507b5d/q_wet_harvest_photo/JPEG_20221019_111402_3224068553965874473.jpg,,,,https://mavuno-files.s3-eu-west-1.amazonaws.com/survey-images/7a42019e-2215-423a-9076-730d0e02e439/q_field_photo/JPEG_20221019_095809_1709902435996575880.jpg,11.48763945,9.489994794,15.2,https://mavuno-files.s3-eu-west-1.amazonaws.com/survey-images/28eba065-4ff8-46ef-95f4-5f28be507b5d/q_box1_wet_weight_photo/JPEG_20221019_111204_144205716754845736.jpg,16.61,https://mavuno-files.s3-eu-west-1.amazonaws.com/survey-images/28eba065-4ff8-46ef-95f4-5f28be507b5d/q_box2_wet_weight_photo/JPEG_20221019_111308_2357937951533856552.jpg,12.5,https://mavuno-files.s3-eu-west-1.amazonaws.com/survey-images/202d649a-fd4f-43c6-a6bb-c18d8f6e9a9d/q_box1_dry_weight_photo/JPEG_20221201_102929_3401576597599933458.jpg,13.79,https://mavuno-files.s3-eu-west-1.amazonaws.com/survey-images/202d649a-fd4f-43c6-a6bb-c18d8f6e9a9d/q_box2_dry_weight_photo/JPEG_20221201_103016_1744575803358099371.jpg,3.125,3.4475,used box 1 and 30175,3.28625,have average yields,2022.0_7_Client_K,4,0.5532156953021059,0.1722443726445484,,,,,3.646314859390259
dde97a3f-464a-47c0-b4b6-de32faee15bd,Rice,2022.0,Nigeria,https://mavuno-files.s3-eu-west-1.amazonaws.com/survey-images/8cec29cd-ea2a-43e2-b9fb-51dff992ec02/q_wet_harvest_photo/JPEG_20221130_164229_6326588545316473518.jpg,,,,https://mavuno-files.s3-eu-west-1.amazonaws.com/survey-images/2827e450-580e-464a-81c8-1b4aaa21e580/q_field_photo/JPEG_20221130_162419_6888406846824367380.jpg,10.5267967,5.4705368,6.89,https://mavuno-files.s3-eu-west-1.amazonaws.com/survey-images/8cec29cd-ea2a-43e2-b9fb-51dff992ec02/q_box1_wet_weight_photo/JPEG_20221130_163949_2306620132467377768.jpg,8.135,https://mavuno-files.s3-eu-west-1.amazonaws.com/survey-images/8cec29cd-ea2a-43e2-b9fb-51dff992ec02/q_box2_wet_weight_photo/JPEG_20221130_164117_7464903708487340272.jpg,5.785,https://mavuno-files.s3-eu-west-1.amazonaws.com/survey-images/9bac0f1e-c4d8-486f-b105-31f10f0f958a/q_box1_dry_weight_photo/JPEG_20221207_185433_3859727349616983558.jpg,7.57,https://mavuno-files.s3-eu-west-1.amazonaws.com/survey-images/9bac0f1e-c4d8-486f-b105-31f10f0f958a/q_box2_dry_weight_photo/JPEG_20221207_185524_5282747277360295494.jpg,1.44625,1.8925,used box 1 and 30199,1.669375,have average yields,2022.0_85_Client_P,2,0.0181133369757115,-2.3420999831258658,,,1.3421332836151123,,
de47a2c7-c1e3-4c82-b4b5-6c7da5fe83a1,Rice,2022.0,Nigeria,https://mavuno-files.s3-eu-west-1.amazonaws.com/survey-images/dd771774-38bf-4819-8dd4-e6ed1cd5ed32/q_wet_harvest_photo/JPEG_20221022_085132_6041130706550215144.jpg,,,,https://mavuno-files.s3-eu-west-1.amazonaws.com/survey-images/ae084070-4d16-456e-8a22-932e649c89e1/q_field_photo/JPEG_20221023_113534_374861378057916371.jpg,12.56474732,10.57374939,16.55,https://mavuno-files.s3-eu-west-1.amazonaws.com/survey-images/dd771774-38bf-4819-8dd4-e6ed1cd5ed32/q_box1_wet_weight_photo/JPEG_20221022_084737_3674515356461151002.jpg,16.3,https://mavuno-files.s3-eu-west-1.amazonaws.com/survey-images/dd771774-38bf-4819-8dd4-e6ed1cd5ed32/q_box2_wet_weight_photo/JPEG_20221022_084952_1040950399630455597.jpg,12.92,https://mavuno-files.s3-eu-west-1.amazonaws.com/survey-images/50b6a8cc-83dc-4a9f-b5d4-9aa2bab417b7/q_box1_dry_weight_photo/JPEG_20221026_021530_5839897257558555982.jpg,13.55,https://mavuno-files.s3-eu-west-1.amazonaws.com/survey-images/50b6a8cc-83dc-4a9f-b5d4-9aa2bab417b7/q_box2_dry_weight_photo/JPEG_20221026_021703_5325741874027192796.jpg,3.23,3.3875,used box 1 and 30245,3.30875,have average yields,2022.0_105_Client_K,3,1.1530671917191004,0.8501796205213662,,,,3.266763925552368,
df245218-8e0c-4459-943e-563b5efd7a45,Rice,2022.0,Nigeria,https://mavuno-files.s3-eu-west-1.amazonaws.com/survey-images/b43c3013-b941-40e1-aed5-8a58cad6f38f/q_wet_harvest_photo/JPEG_20221029_090234_276770742328908426.jpg,,,,https://mavuno-files.s3-eu-west-1.amazonaws.com/survey-images/ed8dc296-9a6e-41ed-8bed-641268a2a485/q_field_photo/JPEG_20221027_114053_4539654868182577689.jpg,9.2152926,12.5426939,0.0,https://mavuno-files.s3-eu-west-1.amazonaws.com/survey-images/b43c3013-b941-40e1-aed5-8a58cad6f38f/q_box1_wet_weight_photo/JPEG_20221029_085436_1475429690277113187.jpg,0.0,https://mavuno-files.s3-eu-west-1.amazonaws.com/survey-images/b43c3013-b941-40e1-aed5-8a58cad6f38f/q_box2_wet_weight_photo/JPEG_20221029_085637_5095688373448089215.jpg,0.0,https://mavuno-files.s3-eu-west-1.amazonaws.com/survey-images/930e6471-3f09-463e-8f5d-51ff58dddf97/q_box1_dry_weight_photo/JPEG_20221029_105113_4418930652689394230.jpg,0.0,https://mavuno-files.s3-eu-west-1.amazonaws.com/survey-images/930e6471-3f09-463e-8f5d-51ff58dddf97/q_box2_dry_weight_photo/JPEG_20221029_105226_3195102552349396991.jpg,0.0,0.0,used box 1 and 30344,0.0,have average yields,2022.0_28_Client_S,0,-0.7122756229917088,2.081839342537022,1.045540690422058,,,,
df2a8fbb-9a3a-4e2a-a488-9241ee0f7e68,Rice,2022.0,Nigeria,,,,,https://mavuno-files.s3-eu-west-1.amazonaws.com/survey-images/6a0e09f9-216e-4b64-930d-230aa45db09f/q_field_photo/JPEG_20220829_160339_4216668473281675294.jpg,6.4510679,8.5077118,0.0,,0.0,,0.0,,0.0,,0.0,0.0,used box 1 and 30349,0.0,have average yields,2022.0_98_Client_AY,1,-2.251698339054322,-0.4422160111733511,,-0.0297944173216819,,,
df64d595-0a4e-47c1-8f69-283a0e7363a8,Rice,2022.0,Nigeria,https://mavuno-files.s3-eu-west-1.amazonaws.com/survey-images/6ffb22bb-2fe3-49d5-ab2c-82aa464c30a2/q_wet_harvest_photo/JPEG_20221124_085700_4807239186657754237.jpg,,,,https://mavuno-files.s3-eu-west-1.amazonaws.com/survey-images/f1412f55-ef16-45b2-a774-92fd7002f4a5/q_field_photo/JPEG_20221013_142634_7356734888074114035.jpg,8.044391,8.1055007,2.185,https://mavuno-files.s3-eu-west-1.amazonaws.com/survey-images/6ffb22bb-2fe3-49d5-ab2c-82aa464c30a2/q_box1_wet_weight_photo/JPEG_20221124_085008_6003125190600950659.jpg,2.045,https://mavuno-files.s3-eu-west-1.amazonaws.com/survey-images/6ffb22bb-2fe3-49d5-ab2c-82aa464c30a2/q_box2_wet_weight_photo/JPEG_20221124_085435_7758858443997490537.jpg,1.295,https://mavuno-files.s3-eu-west-1.amazonaws.com/survey-images/cc3c398b-3944-4c6b-bd2c-51202642d354/q_box1_dry_weight_photo/JPEG_20221125_071749_9133706792031216595.jpg,1.12,https://mavuno-files.s3-eu-west-1.amazonaws.com/survey-images/cc3c398b-3944-4c6b-bd2c-51202642d354/q_box2_dry_weight_photo/JPEG_20221125_072202_934401502881290774.jpg,0.32375,0.28,used box 1 and 30376,0.301875,have average yields,2022.0_101_Client_AU,0,-1.3643617292022714,-0.6938164037195126,0.5658113360404968,,,,
df7f5dfe-0509-440b-85c5-4814e26c39cd,Rice,2022.0,Nigeria,https://mavuno-files.s3-eu-west-1.amazonaws.com/survey-images/d63ed086-ec2f-4ddd-a823-9b44af02c22c/q_wet_harvest_photo/JPEG_20221130_121538_8669998866378356176.jpg,,,,https://mavuno-files.s3-eu-west-1.amazonaws.com/survey-images/99f4458f-383b-4e2e-b1e9-f01e5d2301e9/q_field_photo/JPEG_20221130_105414_2594803169558834796.jpg,10.5257624,5.4733054,7.915,https://mavuno-files.s3-eu-west-1.amazonaws.com/survey-images/d63ed086-ec2f-4ddd-a823-9b44af02c22c/q_box1_wet_weight_photo/JPEG_20221130_121217_1056677722458063258.jpg,8.0,https://mavuno-files.s3-eu-west-1.amazonaws.com/survey-images/d63ed086-ec2f-4ddd-a823-9b44af02c22c/q_box2_wet_weight_photo/JPEG_20221130_121427_2755475563474075757.jpg,5.55,https://mavuno-files.s3-eu-west-1.amazonaws.com/survey-images/6d5375a0-c6fd-4ac7-b634-35ba627bc16c/q_box1_dry_weight_photo/JPEG_20221207_181716_5612877303754861588.jpg,6.75,https://mavuno-files.s3-eu-west-1.amazonaws.com/survey-images/6d5375a0-c6fd-4ac7-b634-35ba627bc16c/q_box2_dry_weight_photo/JPEG_20221207_181801_773559385070548646.jpg,1.3875,1.6875,used box 1 and 30389,1.5375,have average yields,2022.0_85_Client_P,0,0.0175373255844435,-2.340368104401476,1.7930309772491455,,,,
dfb5e687-4d0f-4781-89ca-32b52b20ee1d,Rice,2022.0,Nigeria,https://mavuno-files.s3-eu-west-1.amazonaws.com/survey-images/40f00afb-b5c3-433f-a73e-39a26c05a7a4/q_wet_harvest_photo/JPEG_20221017_165140_5921102539811667296.jpg,,,,https://mavuno-files.s3-eu-west-1.amazonaws.com/survey-images/0bb0e6a4-34c3-4884-83f8-bb66e42fc5bd/q_field_photo/JPEG_20221017_153311_814119973552521653.jpg,10.86775809,10.17472051,16.68,https://mavuno-files.s3-eu-west-1.amazonaws.com/survey-images/40f00afb-b5c3-433f-a73e-39a26c05a7a4/q_box1_wet_weight_photo/JPEG_20221017_164918_6235017344954983614.jpg,16.16,https://mavuno-files.s3-eu-west-1.amazonaws.com/survey-images/40f00afb-b5c3-433f-a73e-39a26c05a7a4/q_box2_wet_weight_photo/JPEG_20221017_165043_871507231177559017.jpg,13.6,https://mavuno-files.s3-eu-west-1.amazonaws.com/survey-images/82fed443-2591-46f7-98a4-4a0457d78745/q_box1_dry_weight_photo/JPEG_20221103_152234_7397972436109861161.jpg,12.94,https://mavuno-files.s3-eu-west-1.amazonaws.com/survey-images/82fed443-2591-46f7-98a4-4a0457d78745/q_box2_dry_weight_photo/JPEG_20221103_152347_3212097247593943538.jpg,3.4,3.235,used box 1 and 30427,3.3175,have average yields,2022.0_179_Client_K,4,0.2079979397239196,0.6005698438512164,,,,,3.04878306388855
e017418d-60a5-4e1d-9b74-792873019f99,Rice,2022.0,Nigeria,https://mavuno-files.s3-eu-west-1.amazonaws.com/survey-images/8154b1ee-673c-4262-ac6a-a5a58a910ac1/q_wet_harvest_photo/JPEG_20221022_111750_8465785798811953676.jpg,,,,https://mavuno-files.s3-eu-west-1.amazonaws.com/survey-images/72c43f64-6158-4b83-8a0b-8cafc177a7d3/q_field_photo/JPEG_20221022_094642_2667222218995008953.jpg,10.78864649,10.00848826,14.61,https://mavuno-files.s3-eu-west-1.amazonaws.com/survey-images/8154b1ee-673c-4262-ac6a-a5a58a910ac1/q_box1_wet_weight_photo/JPEG_20221022_111322_8183673472840477200.jpg,14.83,https://mavuno-files.s3-eu-west-1.amazonaws.com/survey-images/8154b1ee-673c-4262-ac6a-a5a58a910ac1/q_box2_wet_weight_photo/JPEG_20221022_111523_4127885381406792328.jpg,11.35,https://mavuno-files.s3-eu-west-1.amazonaws.com/survey-images/53eed3ce-6e20-4e73-857a-62a4de26c482/q_box1_dry_weight_photo/JPEG_20221107_130452_326232279069472362.jpg,11.43,https://mavuno-files.s3-eu-west-1.amazonaws.com/survey-images/53eed3ce-6e20-4e73-857a-62a4de26c482/q_box2_dry_weight_photo/JPEG_20221107_130544_4608771065550237890.jpg,2.8375,2.8575,used box 1 and 30477,2.8475,have average yields,2022.0_179_Client_K,4,0.1639399461230157,0.4965844009983666,,,,,1.4437958002090454
e01f154c-7789-437e-ae6d-33b4d6cc1a64,Rice,2022.0,Nigeria,https://mavuno-files.s3-eu-west-1.amazonaws.com/survey-images/179157a1-1cb2-47d7-8d55-8504495d270a/q_wet_harvest_photo/JPEG_20221124_142248_4610235105141015003.jpg,,,,https://mavuno-files.s3-eu-west-1.amazonaws.com/survey-images/ea8a0f7a-2f61-4a01-a2da-a0f83ae7f102/q_field_photo/JPEG_20221123_093851_1179788533386996103.jpg,10.6008023,8.13618,7.9,https://mavuno-files.s3-eu-west-1.amazonaws.com/survey-images/179157a1-1cb2-47d7-8d55-8504495d270a/q_box1_wet_weight_photo/JPEG_20221124_141632_6447542655247922411.jpg,8.25,https://mavuno-files.s3-eu-west-1.amazonaws.com/survey-images/179157a1-1cb2-47d7-8d55-8504495d270a/q_box2_wet_weight_photo/JPEG_20221124_142206_8261437265224366334.jpg,7.87,https://mavuno-files.s3-eu-west-1.amazonaws.com/survey-images/ffb43eb9-6d83-4349-873f-2b2dc6d83147/q_box1_dry_weight_photo/JPEG_20221124_142954_468083816373343389.jpg,8.25,https://mavuno-files.s3-eu-west-1.amazonaws.com/survey-images/ffb43eb9-6d83-4349-873f-2b2dc6d83147/q_box2_dry_weight_photo/JPEG_20221124_143036_484167386698159258.jpg,1.9675,2.0625,used box 1 and 30481,2.015,have average yields,2022.0_104_Client_AD,3,0.0593277511859031,-0.6746251782087266,,,,2.224294185638428,
e0962991-e872-4483-80c3-fd4af924ccf8,Rice,2022.0,Nigeria,,,,,https://mavuno-files.s3-eu-west-1.amazonaws.com/survey-images/ec25bddb-1897-4926-9a20-c6788bf623bc/q_field_photo/JPEG_20220719_100726_3532752543692912352.jpg,12.5919365,10.5400369,0.0,,0.0,,0.0,,0.0,,0.0,0.0,used box 1 and 30553,0.0,have average yields,2022.0_105_Client_BW,4,1.1682091016091007,0.8290910038280219,,,,,-0.09977589547634125
e142a48b-a795-45b4-8ec5-80ac635bdc66,Rice,2022.0,Nigeria,https://mavuno-files.s3-eu-west-1.amazonaws.com/survey-images/c94537b9-6e8b-4736-b2e8-71b3a83dc373/q_wet_harvest_photo/JPEG_20221207_163423_3615767188919142273.jpg,,,,https://mavuno-files.s3-eu-west-1.amazonaws.com/survey-images/63d6707f-95b4-4dac-bb84-c16e9de3e325/q_field_photo/JPEG_20221101_101102_8491759243936072526.jpg,8.5664825,8.4238265,7.66,https://mavuno-files.s3-eu-west-1.amazonaws.com/survey-images/c94537b9-6e8b-4736-b2e8-71b3a83dc373/q_box1_wet_weight_photo/JPEG_20221207_162727_6801994307963414958.jpg,6.78,https://mavuno-files.s3-eu-west-1.amazonaws.com/survey-images/c94537b9-6e8b-4736-b2e8-71b3a83dc373/q_box2_wet_weight_photo/JPEG_20221207_163102_4300264185083442026.jpg,5.105,https://mavuno-files.s3-eu-west-1.amazonaws.com/survey-images/dda9f583-7fe3-46d4-a07f-cb9c51e48d6f/q_box1_dry_weight_photo/JPEG_20221207_163738_4430781015317909743.jpg,4.53,https://mavuno-files.s3-eu-west-1.amazonaws.com/survey-images/dda9f583-7fe3-46d4-a07f-cb9c51e48d6f/q_box2_dry_weight_photo/JPEG_20221207_163916_1824426822185691096.jpg,1.27625,1.1325,used box 1 and 30647,1.204375,have average yields,2022.0_169_Client_AU,2,-1.0736040657738228,-0.4946898847408688,,,1.6667702198028564,,
e19d069a-0824-4f56-8cc0-df6e689226cc,Rice,2022.0,Nigeria,https://mavuno-files.s3-eu-west-1.amazonaws.com/survey-images/06d550e2-f66a-43df-a6f1-829026e686d2/q_wet_harvest_photo/JPEG_20221121_105029_7898668474796560996.jpg,,,,https://mavuno-files.s3-eu-west-1.amazonaws.com/survey-images/ac11d026-47f2-4dc3-8f1e-4a1a79426db2/q_field_photo/JPEG_20221116_090806_697211978676063742.jpg,10.0108434,11.1833353,1.615,https://mavuno-files.s3-eu-west-1.amazonaws.com/survey-images/06d550e2-f66a-43df-a6f1-829026e686d2/q_box1_wet_weight_photo/JPEG_20221121_104332_91160886771968335.jpg,1.915,https://mavuno-files.s3-eu-west-1.amazonaws.com/survey-images/06d550e2-f66a-43df-a6f1-829026e686d2/q_box2_wet_weight_photo/JPEG_20221121_104736_659269421831811928.jpg,1.525,https://mavuno-files.s3-eu-west-1.amazonaws.com/survey-images/e4233143-3b61-4651-b352-7901d7d96b8b/q_box1_dry_weight_photo/JPEG_20221201_113200_3343426880673949227.jpg,1.235,https://mavuno-files.s3-eu-west-1.amazonaws.com/survey-images/e4233143-3b61-4651-b352-7901d7d96b8b/q_box2_dry_weight_photo/JPEG_20221201_113457_180072530879561192.jpg,0.38125,0.30875,used box 1 and 30684,0.345,have average yields,2022.0_52_Client_S,3,-0.2692259051804951,1.2315019018970157,,,,0.3276732563972473,
e1c2bca4-6e73-4408-af95-95cd92227ae5,Rice,2022.0,Nigeria,https://mavuno-files.s3-eu-west-1.amazonaws.com/survey-images/ef6e85ec-866a-4175-8584-9f0a91039cae/q_wet_harvest_photo/JPEG_20221029_105139_4776629049110919269.jpg,,,,https://mavuno-files.s3-eu-west-1.amazonaws.com/survey-images/00ece581-a976-4686-9a11-cf4ac447c634/q_field_photo/JPEG_20221029_102604_1115434725997843186.jpg,10.1066833,12.6513504,0.48,https://mavuno-files.s3-eu-west-1.amazonaws.com/survey-images/ef6e85ec-866a-4175-8584-9f0a91039cae/q_box1_wet_weight_photo/JPEG_20221029_104239_5150433580925607536.jpg,1.0,https://mavuno-files.s3-eu-west-1.amazonaws.com/survey-images/ef6e85ec-866a-4175-8584-9f0a91039cae/q_box2_wet_weight_photo/JPEG_20221029_104741_6397056788584085536.jpg,0.46,https://mavuno-files.s3-eu-west-1.amazonaws.com/survey-images/ce2aff6c-a077-45b5-9957-32bea62525df/q_box1_dry_weight_photo/JPEG_20221029_105610_6761366807713574009.jpg,0.875,https://mavuno-files.s3-eu-west-1.amazonaws.com/survey-images/ce2aff6c-a077-45b5-9957-32bea62525df/q_box2_dry_weight_photo/JPEG_20221029_105831_7042189438902728659.jpg,0.115,0.21875,used box 1 and 30709,0.166875,have average yields,2022.0_28_Client_S,2,-0.2158517640822086,2.149808670217665,,,0.3961479067802429,,
e1ea61f0-99cc-4f5d-b745-3a7874327343,Rice,2022.0,Nigeria,,,,,https://mavuno-files.s3-eu-west-1.amazonaws.com/survey-images/19579f85-b88c-41ce-a6ef-ed924ae0361b/q_field_photo/JPEG_20220829_153908_2257979253202881749.jpg,6.4511422,8.5076645,0.0,,0.0,,0.0,,0.0,,0.0,0.0,used box 1 and 30731,0.0,have average yields,2022.0_98_Client_AY,0,-2.251656960685985,-0.4422455993636498,0.1312039047479629,,,,
e26dc51d-c5ce-4ae5-98de-9b8ae511ce06,Rice,2022.0,Nigeria,https://mavuno-files.s3-eu-west-1.amazonaws.com/survey-images/329a2d1d-8166-459e-89ab-c7b8db30daa9/q_wet_harvest_photo/JPEG_20221026_100159_7702701316515223942.jpg,,,,https://mavuno-files.s3-eu-west-1.amazonaws.com/survey-images/ce44ced0-a6c0-49da-81e2-0cb2de76d350/q_field_photo/JPEG_20221021_101552_6997403873489891129.jpg,11.67024082,10.22468403,17.91,https://mavuno-files.s3-eu-west-1.amazonaws.com/survey-images/329a2d1d-8166-459e-89ab-c7b8db30daa9/q_box1_wet_weight_photo/JPEG_20221026_095634_8177583502229682193.jpg,18.21,https://mavuno-files.s3-eu-west-1.amazonaws.com/survey-images/329a2d1d-8166-459e-89ab-c7b8db30daa9/q_box2_wet_weight_photo/JPEG_20221026_095926_1475210303598678947.jpg,14.09,https://mavuno-files.s3-eu-west-1.amazonaws.com/survey-images/d4fadaa3-8ceb-4a66-a15d-1aa37972d26c/q_box1_dry_weight_photo/JPEG_20221029_093646_938919669303607829.jpg,15.34,https://mavuno-files.s3-eu-west-1.amazonaws.com/survey-images/d4fadaa3-8ceb-4a66-a15d-1aa37972d26c/q_box2_dry_weight_photo/JPEG_20221029_093715_6253467264196680950.jpg,3.5225,3.835,used box 1 and 30797,3.67875,have average yields,2022.0_13_Client_K,2,0.6549081145045517,0.6318241808026036,,,2.4034080505371094,,
e26e0ef4-11d7-4f9f-8cb1-dff753c1583d,Rice,2022.0,Nigeria,https://mavuno-files.s3-eu-west-1.amazonaws.com/survey-images/c367e148-9613-4544-b42e-ab26789a360c/q_wet_harvest_photo/JPEG_20221029_092058_3799933892967994716.jpg,,,,https://mavuno-files.s3-eu-west-1.amazonaws.com/survey-images/36e058f3-7dfc-4985-9a5f-472270e5d10f/q_field_photo/JPEG_20221027_120302_1038756048309279581.jpg,9.2157057,12.5435231,0.0,https://mavuno-files.s3-eu-west-1.amazonaws.com/survey-images/c367e148-9613-4544-b42e-ab26789a360c/q_box1_wet_weight_photo/JPEG_20221029_091658_3325952311742439125.jpg,0.0,https://mavuno-files.s3-eu-west-1.amazonaws.com/survey-images/c367e148-9613-4544-b42e-ab26789a360c/q_box2_wet_weight_photo/JPEG_20221029_091856_5531539558765064452.jpg,0.0,https://mavuno-files.s3-eu-west-1.amazonaws.com/survey-images/a7d2e324-21b8-4afd-8159-7cf2ec795266/q_box1_dry_weight_photo/JPEG_20221029_120117_3847829331020273170.jpg,0.0,https://mavuno-files.s3-eu-west-1.amazonaws.com/survey-images/a7d2e324-21b8-4afd-8159-7cf2ec795266/q_box2_dry_weight_photo/JPEG_20221029_120227_8141200164549193777.jpg,0.0,0.0,used box 1 and 30798,0.0,have average yields,2022.0_28_Client_S,3,-0.7120455637190293,2.082358042904812,,,,0.7585976123809814,
e3224ea4-f021-436a-bb28-9230b75e416a,Rice,2022.0,Nigeria,https://mavuno-files.s3-eu-west-1.amazonaws.com/survey-images/bc43207a-379b-421e-b47c-b61f9ce37405/q_wet_harvest_photo/JPEG_20221119_103144_2514447209013137127.jpg,,,,https://mavuno-files.s3-eu-west-1.amazonaws.com/survey-images/0dc6afdd-778b-4969-81de-0df4b722fd6b/q_field_photo/JPEG_20221114_135423_5980138007076669196.jpg,10.0181233,11.1840295,1.16,https://mavuno-files.s3-eu-west-1.amazonaws.com/survey-images/bc43207a-379b-421e-b47c-b61f9ce37405/q_box1_wet_weight_photo/JPEG_20221119_102314_64407950011166732.jpg,1.25,https://mavuno-files.s3-eu-west-1.amazonaws.com/survey-images/bc43207a-379b-421e-b47c-b61f9ce37405/q_box2_wet_weight_photo/JPEG_20221119_102808_7948822546980171299.jpg,0.75,https://mavuno-files.s3-eu-west-1.amazonaws.com/survey-images/b6098d1f-325e-4b5e-a095-6f138e11df13/q_box1_dry_weight_photo/JPEG_20221129_130553_5033539597306854847.jpg,0.225,https://mavuno-files.s3-eu-west-1.amazonaws.com/survey-images/b6098d1f-325e-4b5e-a095-6f138e11df13/q_box2_dry_weight_photo/JPEG_20221129_130835_1663070315900559000.jpg,0.1875,0.05625,used box 1 and 30901,0.121875,have average yields,2022.0_52_Client_S,1,-0.2651716604475463,1.2319361539415403,,0.1056656464934349,,,
e326611f-1ea6-4463-99f4-0b196a129cf7,Rice,2022.0,Nigeria,https://mavuno-files.s3-eu-west-1.amazonaws.com/survey-images/5606e006-a9cd-4c51-b615-769ea5289e3b/q_wet_harvest_photo/JPEG_20221021_135935_6266510845960241660.jpg,,,,https://mavuno-files.s3-eu-west-1.amazonaws.com/survey-images/c75084db-a277-44f5-aa3c-04ef74251d9b/q_field_photo/JPEG_20221021_120913_803003276722767857.jpg,11.7848749,9.617109373,16.8,https://mavuno-files.s3-eu-west-1.amazonaws.com/survey-images/5606e006-a9cd-4c51-b615-769ea5289e3b/q_box1_wet_weight_photo/JPEG_20221021_135747_1312875802571783951.jpg,17.03,https://mavuno-files.s3-eu-west-1.amazonaws.com/survey-images/5606e006-a9cd-4c51-b615-769ea5289e3b/q_box2_wet_weight_photo/JPEG_20221021_135910_8161466071694916313.jpg,13.6,https://mavuno-files.s3-eu-west-1.amazonaws.com/survey-images/ee98c35e-cd4a-4b60-92b6-4040006fec3b/q_box1_dry_weight_photo/JPEG_20221103_101952_675396528577627813.jpg,14.86,https://mavuno-files.s3-eu-west-1.amazonaws.com/survey-images/ee98c35e-cd4a-4b60-92b6-4040006fec3b/q_box2_dry_weight_photo/JPEG_20221103_102046_4121159186197250876.jpg,3.4,3.715,used box 1 and 30906,3.5575,have average yields,2022.0_56_Client_K,3,0.7187489110891923,0.2517600249344536,,,,3.313136100769043,
e3a3dbff-5c3e-444c-835f-97b1ff5a5bfd,Rice,2022.0,Nigeria,,,,,https://mavuno-files.s3-eu-west-1.amazonaws.com/survey-images/f7e5ed41-4f7c-40f5-81e1-1957ec5a0f83/q_field_photo/JPEG_20221023_100233_2078570932542655936.jpg,11.37821248,9.529923834,0.0,,0.0,,0.0,https://mavuno-files.s3-eu-west-1.amazonaws.com/survey-images/2b343678-d289-4789-906b-434672e34ea1/q_box1_dry_weight_photo/JPEG_20221023_113334_838818726970555269.jpg,0.0,https://mavuno-files.s3-eu-west-1.amazonaws.com/survey-images/2b343678-d289-4789-906b-434672e34ea1/q_box2_dry_weight_photo/JPEG_20221023_113414_7351880258282932864.jpg,0.0,0.0,used box 1 and 30959,0.0,have average yields,2022.0_7_Client_K,4,0.4922747872174985,0.1972217095156381,,,,,0.42472946643829346
e48e84d8-5d44-47a5-8d07-c4227bb41383,Rice,2022.0,Nigeria,https://mavuno-files.s3-eu-west-1.amazonaws.com/survey-images/d1d6925f-6f58-459a-aca4-4020148908f0/q_wet_harvest_photo/JPEG_20221118_132234_3584470487873673803.jpg,,,,https://mavuno-files.s3-eu-west-1.amazonaws.com/survey-images/1fdcbd47-0f88-4989-93b2-e0515cd508eb/q_field_photo/JPEG_20221118_121727_7742343401260167666.jpg,9.9791369,10.9580434,2.02,https://mavuno-files.s3-eu-west-1.amazonaws.com/survey-images/d1d6925f-6f58-459a-aca4-4020148908f0/q_box1_wet_weight_photo/JPEG_20221118_131131_8316111187004651327.jpg,2.185,https://mavuno-files.s3-eu-west-1.amazonaws.com/survey-images/d1d6925f-6f58-459a-aca4-4020148908f0/q_box2_wet_weight_photo/JPEG_20221118_131520_507976146897033641.jpg,1.82,https://mavuno-files.s3-eu-west-1.amazonaws.com/survey-images/8a85a1ca-fb7f-4d99-a2db-efb7e212afeb/q_box1_dry_weight_photo/JPEG_20221205_125358_7464517740093514523.jpg,1.76,https://mavuno-files.s3-eu-west-1.amazonaws.com/survey-images/8a85a1ca-fb7f-4d99-a2db-efb7e212afeb/q_box2_dry_weight_photo/JPEG_20221205_125806_3415439915437716407.jpg,0.455,0.44,used box 1 and 31058,0.4475,have average yields,2022.0_52_Client_S,0,-0.2868835530362718,1.0905721004134894,0.4281878769397735,,,,
e5b6b98a-dffb-4bd5-a979-277772b24714,Rice,2022.0,Nigeria,https://mavuno-files.s3-eu-west-1.amazonaws.com/survey-images/eed0c63b-4657-40a4-b839-f6d09a3d72fe/q_wet_harvest_photo/JPEG_20221124_124654_8871436033444735272.jpg,,,,https://mavuno-files.s3-eu-west-1.amazonaws.com/survey-images/548f500e-9888-451d-b7fe-cb2f0cde9008/q_field_photo/JPEG_20221123_085011_7282977583081106695.jpg,10.5982825,8.137695,7.34,https://mavuno-files.s3-eu-west-1.amazonaws.com/survey-images/eed0c63b-4657-40a4-b839-f6d09a3d72fe/q_box1_wet_weight_photo/JPEG_20221124_124503_8047421835607952010.jpg,7.585,https://mavuno-files.s3-eu-west-1.amazonaws.com/survey-images/eed0c63b-4657-40a4-b839-f6d09a3d72fe/q_box2_wet_weight_photo/JPEG_20221124_124631_2309378828813612290.jpg,7.34,https://mavuno-files.s3-eu-west-1.amazonaws.com/survey-images/16d466c4-fabc-47e1-9e9a-ba180c4cdadb/q_box1_dry_weight_photo/JPEG_20221124_130700_5545236108490805697.jpg,7.585,https://mavuno-files.s3-eu-west-1.amazonaws.com/survey-images/16d466c4-fabc-47e1-9e9a-ba180c4cdadb/q_box2_dry_weight_photo/JPEG_20221124_130554_7519310932542500607.jpg,1.835,1.89625,used box 1 and 31214,1.865625,have average yields,2022.0_104_Client_AD,0,0.0579244508825904,-0.6736774803587474,1.6414889097213743,,,,
e61236c4-76ab-452f-bd92-101e1c81c94a,Rice,2022.0,Nigeria,,,,,https://mavuno-files.s3-eu-west-1.amazonaws.com/survey-images/5f017719-cc26-496e-9cfc-6b55f21a4a3d/q_field_photo/JPEG_20221115_145620_80208423.jpg,12.6296902,10.367164,0.0,,0.0,,0.0,,0.0,,0.0,0.0,used box 1 and 31259,0.0,have average yields,2022.0_105_Client_BN,1,1.189234491981821,0.7209515479537475,,0.246377557516098,,,
e640f3b5-68b4-4c2a-b870-8b416679cae6,Rice,2022.0,Nigeria,,,,,https://mavuno-files.s3-eu-west-1.amazonaws.com/survey-images/5686bb18-d259-45d0-bdad-b3fb7856801c/q_field_photo/JPEG_20221017_112017_7137799921656306633.jpg,7.8063633,8.698275,0.0,,0.0,,0.0,https://mavuno-files.s3-eu-west-1.amazonaws.com/survey-images/d88ff07b-2204-44c7-97b4-57e01b3a506e/q_box1_dry_weight_photo/JPEG_20221209_102454_7816265032224470804.jpg,0.0,https://mavuno-files.s3-eu-west-1.amazonaws.com/survey-images/d88ff07b-2204-44c7-97b4-57e01b3a506e/q_box2_dry_weight_photo/JPEG_20221209_102847_1849907485210948341.jpg,0.0,0.0,used box 1 and 31281,0.0,have average yields,2022.0_102_Client_AU,1,-1.496921592527469,-0.3230105095726911,,0.7098897695541382,,,
e67810fe-1fbd-415a-a7f4-37244040c076,Rice,2022.0,Nigeria,https://mavuno-files.s3-eu-west-1.amazonaws.com/survey-images/ba7f3043-1c6d-4c53-89e6-85c05f572e53/q_wet_harvest_photo/JPEG_20221026_081952_6260093963921422188.jpg,,,,https://mavuno-files.s3-eu-west-1.amazonaws.com/survey-images/ef5ec9f7-97e1-40f5-8d90-c74b2faff203/q_field_photo/JPEG_20221020_140931_1031586628240284887.jpg,12.26249447,10.34031004,18.21,https://mavuno-files.s3-eu-west-1.amazonaws.com/survey-images/ba7f3043-1c6d-4c53-89e6-85c05f572e53/q_box1_wet_weight_photo/JPEG_20221026_081430_3453210226725844189.jpg,17.41,https://mavuno-files.s3-eu-west-1.amazonaws.com/survey-images/ba7f3043-1c6d-4c53-89e6-85c05f572e53/q_box2_wet_weight_photo/JPEG_20221026_081701_5276986544595626745.jpg,15.87,https://mavuno-files.s3-eu-west-1.amazonaws.com/survey-images/665a1ff8-9c7e-4005-966b-96834fa0e2d1/q_box1_dry_weight_photo/JPEG_20221129_074536_8152925229353262800.jpg,15.1,https://mavuno-files.s3-eu-west-1.amazonaws.com/survey-images/665a1ff8-9c7e-4005-966b-96834fa0e2d1/q_box2_dry_weight_photo/JPEG_20221129_074557_8856384647928717221.jpg,3.9675,3.775,used box 1 and 31308,3.87125,have average yields,2022.0_13_Client_K,3,0.984739738714044,0.7041532376201465,,,,1.225302815437317,
e6b6b244-7fe1-4916-8db1-fdcac939054d,Rice,2022.0,Nigeria,https://mavuno-files.s3-eu-west-1.amazonaws.com/survey-images/6f651600-cf1b-4bcf-98d9-bcee8ae7a581/q_wet_harvest_photo/JPEG_20221129_080217_5220911751856902303.jpg,,,,https://mavuno-files.s3-eu-west-1.amazonaws.com/survey-images/d1746446-a6cc-4cb1-9a32-a3762f3db488/q_field_photo/JPEG_20221027_085206_7533514898098758591.jpg,7.5707882,9.3986642,3.205,https://mavuno-files.s3-eu-west-1.amazonaws.com/survey-images/6f651600-cf1b-4bcf-98d9-bcee8ae7a581/q_box1_wet_weight_photo/JPEG_20221129_075918_442005449823711463.jpg,2.01,https://mavuno-files.s3-eu-west-1.amazonaws.com/survey-images/6f651600-cf1b-4bcf-98d9-bcee8ae7a581/q_box2_wet_weight_photo/JPEG_20221129_080136_9010550516565460289.jpg,3.105,https://mavuno-files.s3-eu-west-1.amazonaws.com/survey-images/8ce6ec9e-6fb7-442c-ab99-f95eff56fa62/q_box1_dry_weight_photo/JPEG_20221129_080542_2544706852896102156.jpg,1.99,https://mavuno-files.s3-eu-west-1.amazonaws.com/survey-images/8ce6ec9e-6fb7-442c-ab99-f95eff56fa62/q_box2_dry_weight_photo/JPEG_20221129_080631_7421054734070381379.jpg,0.77625,0.4975,used box 1 and 31343,0.636875,have average yields,2022.0_5_Client_AU,4,-1.6281155798609597,0.1151131465250459,,,,,1.1944137811660767
e6d1f8e1-721b-4054-ba9b-9ff70c061f66,Rice,2022.0,Nigeria,https://mavuno-files.s3-eu-west-1.amazonaws.com/survey-images/2530412c-ff64-46ec-9192-4a54ab78e3ff/q_wet_harvest_photo/JPEG_20221109_090840_6189066979154442166.jpg,,,,https://mavuno-files.s3-eu-west-1.amazonaws.com/survey-images/82498b19-5e13-4581-9a8e-0705e8662b51/q_field_photo/JPEG_20221101_102128_2154756802128855048.jpg,10.342653,8.2378138,3.57,https://mavuno-files.s3-eu-west-1.amazonaws.com/survey-images/2530412c-ff64-46ec-9192-4a54ab78e3ff/q_box1_wet_weight_photo/JPEG_20221109_090025_4378385876901763736.jpg,3.87,https://mavuno-files.s3-eu-west-1.amazonaws.com/survey-images/2530412c-ff64-46ec-9192-4a54ab78e3ff/q_box2_wet_weight_photo/JPEG_20221109_090509_7205021381453775917.jpg,3.57,https://mavuno-files.s3-eu-west-1.amazonaws.com/survey-images/53970514-a08d-49f8-92da-ec154ef94546/q_box1_dry_weight_photo/JPEG_20221109_091449_5577065843337798440.jpg,3.87,https://mavuno-files.s3-eu-west-1.amazonaws.com/survey-images/53970514-a08d-49f8-92da-ec154ef94546/q_box2_dry_weight_photo/JPEG_20221109_091602_5095652150453906860.jpg,0.8925,0.9675,used box 1 and 31359,0.93,have average yields,2022.0_104_Client_AD,1,-0.0844380202999176,-0.6110488523043491,,1.7337684631347656,,,
e6ec0e34-2801-4e37-b13d-7ecb7b7bcf20,Rice,2022.0,Nigeria,https://mavuno-files.s3-eu-west-1.amazonaws.com/survey-images/33fe4fdc-87fc-440a-8f83-a31c053750a2/q_wet_harvest_photo/JPEG_20221110_112839_3670970337936437822.jpg,,,,https://mavuno-files.s3-eu-west-1.amazonaws.com/survey-images/bfadb0a0-85bb-431a-916f-8c52039a081c/q_field_photo/JPEG_20221110_104237_5739410881796822820.jpg,9.2332098,12.2135222,3.83,https://mavuno-files.s3-eu-west-1.amazonaws.com/survey-images/33fe4fdc-87fc-440a-8f83-a31c053750a2/q_box1_wet_weight_photo/JPEG_20221110_112405_1402906941241730067.jpg,2.855,https://mavuno-files.s3-eu-west-1.amazonaws.com/survey-images/33fe4fdc-87fc-440a-8f83-a31c053750a2/q_box2_wet_weight_photo/JPEG_20221110_112630_2433602555675769035.jpg,2.96,https://mavuno-files.s3-eu-west-1.amazonaws.com/survey-images/18df6bf5-77d0-46b5-a8e6-6fef05352ac4/q_box1_dry_weight_photo/JPEG_20221110_113957_6061239902646214437.jpg,2.6,https://mavuno-files.s3-eu-west-1.amazonaws.com/survey-images/18df6bf5-77d0-46b5-a8e6-6fef05352ac4/q_box2_dry_weight_photo/JPEG_20221110_114203_4477725001902077396.jpg,0.74,0.65,used box 1 and 31376,0.695,have average yields,2022.0_28_Client_S,3,-0.7022973659099903,1.875928245267236,,,,1.1944698095321655,
e80fdbe5-1d15-40ed-92dd-e883fa7b1a1a,Rice,2022.0,Nigeria,https://mavuno-files.s3-eu-west-1.amazonaws.com/survey-images/7d0c3e84-c3f7-44fe-8699-16d3a95fbf41/q_wet_harvest_photo/JPEG_20221119_134501_6673422152929716592.jpg,,,,https://mavuno-files.s3-eu-west-1.amazonaws.com/survey-images/914976e3-75eb-478a-b372-8aea424cd19f/q_field_photo/JPEG_20221105_145138_7458521986931619492.jpg,11.6345724,9.0279569,19.0,https://mavuno-files.s3-eu-west-1.amazonaws.com/survey-images/7d0c3e84-c3f7-44fe-8699-16d3a95fbf41/q_box1_wet_weight_photo/JPEG_20221119_134106_1366905210945462812.jpg,20.29,https://mavuno-files.s3-eu-west-1.amazonaws.com/survey-images/7d0c3e84-c3f7-44fe-8699-16d3a95fbf41/q_box2_wet_weight_photo/JPEG_20221119_134304_1153108185175548386.jpg,17.26,https://mavuno-files.s3-eu-west-1.amazonaws.com/survey-images/5a97bd5a-9726-46a9-91c7-0fcb38fc7bb8/q_box1_dry_weight_photo/JPEG_20221125_131031_5145824940281198219.jpg,19.26,https://mavuno-files.s3-eu-west-1.amazonaws.com/survey-images/5a97bd5a-9726-46a9-91c7-0fcb38fc7bb8/q_box2_dry_weight_photo/JPEG_20221125_131158_2459208410678348890.jpg,4.315,4.815,used box 1 and 31536,4.565,have average yields,2022.0_56_Client_P,4,0.6350440361631409,-0.1167802601952763,,,,,2.4316775798797607
e84a6517-3401-4c44-939a-0fe0f0449289,Rice,2022.0,Nigeria,https://mavuno-files.s3-eu-west-1.amazonaws.com/survey-images/bbe312e9-2886-4525-915a-7f030da11ef1/q_wet_harvest_photo/JPEG_20221027_133028_1992175336335526874.jpg,,,,https://mavuno-files.s3-eu-west-1.amazonaws.com/survey-images/dace928e-658d-4db9-b332-a7b8eb99b3ba/q_field_photo/JPEG_20221022_115254_5304677118456310152.jpg,10.6898524,11.4903291,6.83,https://mavuno-files.s3-eu-west-1.amazonaws.com/survey-images/bbe312e9-2886-4525-915a-7f030da11ef1/q_box1_wet_weight_photo/JPEG_20221027_131256_8124643074450806554.jpg,5.7,https://mavuno-files.s3-eu-west-1.amazonaws.com/survey-images/bbe312e9-2886-4525-915a-7f030da11ef1/q_box2_wet_weight_photo/JPEG_20221027_132420_7324334959467199505.jpg,5.265,https://mavuno-files.s3-eu-west-1.amazonaws.com/survey-images/f9425d1d-2d4a-417d-9c47-77d212c259eb/q_box1_dry_weight_photo/JPEG_20221027_133532_1829759429416089509.jpg,4.825,https://mavuno-files.s3-eu-west-1.amazonaws.com/survey-images/f9425d1d-2d4a-417d-9c47-77d212c259eb/q_box2_dry_weight_photo/JPEG_20221027_133812_623162970035331531.jpg,1.31625,1.20625,used box 1 and 31564,1.26125,have average yields,2022.0_200_Client_S,1,0.1089205888476341,1.4235397660664486,,1.891168236732483,,,
e8a40618-1403-4206-a8bf-3c7adc6d9482,Rice,2022.0,Nigeria,https://mavuno-files.s3-eu-west-1.amazonaws.com/survey-images/7267bb68-9439-43b1-818e-632b977909f8/q_wet_harvest_photo/JPEG_20221018_173446_4285732892031129772.jpg,,,,https://mavuno-files.s3-eu-west-1.amazonaws.com/survey-images/1def6c81-faf3-4da7-8f7c-86b52645ccee/q_field_photo/JPEG_20221018_141715_4780956993111581467.jpg,10.81997822,10.20368032,15.85,https://mavuno-files.s3-eu-west-1.amazonaws.com/survey-images/7267bb68-9439-43b1-818e-632b977909f8/q_box1_wet_weight_photo/JPEG_20221018_173230_7858462641956550860.jpg,14.8,https://mavuno-files.s3-eu-west-1.amazonaws.com/survey-images/7267bb68-9439-43b1-818e-632b977909f8/q_box2_wet_weight_photo/JPEG_20221018_173339_6469125966844929474.jpg,12.46,https://mavuno-files.s3-eu-west-1.amazonaws.com/survey-images/708993d2-65b7-47ef-a476-3f4c996b75c0/q_box1_dry_weight_photo/JPEG_20221104_134934_2747974339348745527.jpg,11.46,https://mavuno-files.s3-eu-west-1.amazonaws.com/survey-images/708993d2-65b7-47ef-a476-3f4c996b75c0/q_box2_dry_weight_photo/JPEG_20221104_135202_148986027432095555.jpg,3.115,2.865,used box 1 and 31603,2.99,have average yields,2022.0_179_Client_K,2,0.1813888810433715,0.618685454196287,,,2.2796618938446045,,
e8a6794d-6093-4918-a33b-6ff6520f2cb3,Rice,2022.0,Nigeria,https://mavuno-files.s3-eu-west-1.amazonaws.com/survey-images/73220177-5eed-4da0-8481-6a506187aeee/q_wet_harvest_photo/JPEG_20220907_132716_264456466.jpg,,,,https://mavuno-files.s3-eu-west-1.amazonaws.com/survey-images/77c389b1-c879-4e06-8797-8d15e8546eae/q_field_photo/JPEG_20220728_113729_1848045715.jpg,12.6393383,10.3059647,13.55,https://mavuno-files.s3-eu-west-1.amazonaws.com/survey-images/73220177-5eed-4da0-8481-6a506187aeee/q_box1_wet_weight_photo/JPEG_20220907_132454_855684912.jpg,12.72,https://mavuno-files.s3-eu-west-1.amazonaws.com/survey-images/73220177-5eed-4da0-8481-6a506187aeee/q_box2_wet_weight_photo/JPEG_20220907_132647_1971462836.jpg,13.25,https://mavuno-files.s3-eu-west-1.amazonaws.com/survey-images/a7e89632-c153-458e-8640-f5f79fa9199e/q_box1_dry_weight_photo/JPEG_20220908_115541_1088823400.jpg,12.58,https://mavuno-files.s3-eu-west-1.amazonaws.com/survey-images/a7e89632-c153-458e-8640-f5f79fa9199e/q_box2_dry_weight_photo/JPEG_20220908_115718_481890250.jpg,3.3125,3.145,used box 1 and 31604,3.22875,have average yields,2022.0_105_Client_BS,0,1.194607609553212,0.6826687459536277,3.3990657329559326,,,,
e8ccd0d5-1d9d-45b8-98b1-bfcc3bbf54ad,Rice,2022.0,Nigeria,https://mavuno-files.s3-eu-west-1.amazonaws.com/survey-images/1b500edd-75f9-4783-afc2-1922d78f6703/q_wet_harvest_photo/JPEG_20221022_145259_5833396436102776002.jpg,,,,https://mavuno-files.s3-eu-west-1.amazonaws.com/survey-images/c033e39d-55bc-48f3-97c8-8b6b8bb5d58b/q_field_photo/JPEG_20221022_124524_1155386418276202430.jpg,11.77750027,9.603836797,16.2,https://mavuno-files.s3-eu-west-1.amazonaws.com/survey-images/1b500edd-75f9-4783-afc2-1922d78f6703/q_box1_wet_weight_photo/JPEG_20221022_144927_4962704465870502131.jpg,15.27,https://mavuno-files.s3-eu-west-1.amazonaws.com/survey-images/1b500edd-75f9-4783-afc2-1922d78f6703/q_box2_wet_weight_photo/JPEG_20221022_145109_2046236179515019288.jpg,14.27,https://mavuno-files.s3-eu-west-1.amazonaws.com/survey-images/9f069d71-8949-4d0e-b7ac-258825316dc8/q_box1_dry_weight_photo/JPEG_20211201_090117_7944710466699407004.jpg,13.15,https://mavuno-files.s3-eu-west-1.amazonaws.com/survey-images/9f069d71-8949-4d0e-b7ac-258825316dc8/q_box2_dry_weight_photo/JPEG_20211201_090235_4046615842569104804.jpg,3.5675,3.2875,used box 1 and 31631,3.4275,have average yields,2022.0_56_Client_K,2,0.7146419103288866,0.2434574561299158,,,3.1884398460388184,,
e8dc175e-32df-460e-98ea-54b5b9ee94b6,Rice,2022.0,Nigeria,https://mavuno-files.s3-eu-west-1.amazonaws.com/survey-images/feba6e8d-03e8-4d36-821c-08a35b6a977f/q_wet_harvest_photo/JPEG_20221018_173422_7778077303066442697.jpg,,,,https://mavuno-files.s3-eu-west-1.amazonaws.com/survey-images/372242fe-c65a-42c2-8c8e-9dba6b07f29b/q_field_photo/JPEG_20221018_161606_8862218001455228548.jpg,11.39132974,9.54050079,14.96,https://mavuno-files.s3-eu-west-1.amazonaws.com/survey-images/feba6e8d-03e8-4d36-821c-08a35b6a977f/q_box1_wet_weight_photo/JPEG_20221018_173208_2244057223728896321.jpg,16.98,https://mavuno-files.s3-eu-west-1.amazonaws.com/survey-images/feba6e8d-03e8-4d36-821c-08a35b6a977f/q_box2_wet_weight_photo/JPEG_20221018_173322_1518209240335021090.jpg,12.33,https://mavuno-files.s3-eu-west-1.amazonaws.com/survey-images/2a90d5fc-5863-4948-bbf9-03c5e4a908f9/q_box1_dry_weight_photo/JPEG_20221030_094206_6150092442805713599.jpg,14.16,https://mavuno-files.s3-eu-west-1.amazonaws.com/survey-images/2a90d5fc-5863-4948-bbf9-03c5e4a908f9/q_box2_dry_weight_photo/JPEG_20221030_094257_3045034038173399433.jpg,3.0825,3.54,used box 1 and 31641,3.31125,have average yields,2022.0_7_Client_K,2,0.4995799125991286,0.2038380517338001,,,2.815180778503418,,
e90b48b0-f1b9-4f0a-9f29-d1214112199d,Rice,2022.0,Nigeria,https://mavuno-files.s3-eu-west-1.amazonaws.com/survey-images/051afac2-c763-4db5-8f2b-cffccdb4b8a4/q_wet_harvest_photo/JPEG_20221030_091111_4171438387140733982.jpg,,,,https://mavuno-files.s3-eu-west-1.amazonaws.com/survey-images/d112243a-3279-47b6-9144-08ff9bbe3bb4/q_field_photo/JPEG_20221014_130133_5217310375294015544.jpg,7.9340815,8.1664201,9.31,https://mavuno-files.s3-eu-west-1.amazonaws.com/survey-images/051afac2-c763-4db5-8f2b-cffccdb4b8a4/q_box1_wet_weight_photo/JPEG_20221030_085844_7841980182410962689.jpg,5.15,https://mavuno-files.s3-eu-west-1.amazonaws.com/survey-images/051afac2-c763-4db5-8f2b-cffccdb4b8a4/q_box2_wet_weight_photo/JPEG_20221030_090711_6867543271612177128.jpg,6.04,https://mavuno-files.s3-eu-west-1.amazonaws.com/survey-images/77e8600c-6561-4e7a-9fee-5014525c6212/q_box1_dry_weight_photo/JPEG_20221125_101851_7005195903449674154.jpg,3.13,https://mavuno-files.s3-eu-west-1.amazonaws.com/survey-images/77e8600c-6561-4e7a-9fee-5014525c6212/q_box2_dry_weight_photo/JPEG_20221125_102321_3220749583114774994.jpg,1.51,0.7825,used box 1 and 31660,1.14625,have average yields,2022.0_101_Client_AU,3,-1.4257941265386775,-0.6557086912429634,,,,1.173764705657959,
e969bf34-e1aa-455d-9ec2-951e37ee0afd,Rice,2022.0,Nigeria,https://mavuno-files.s3-eu-west-1.amazonaws.com/survey-images/da93453f-628b-41de-a5e9-252db99eafa4/q_wet_harvest_photo/JPEG_20221018_010055_2527123445767943540.jpg,,,,https://mavuno-files.s3-eu-west-1.amazonaws.com/survey-images/87a7bda4-0043-4f28-ae0c-9aa36b68d4ad/q_field_photo/JPEG_20221018_073845_3098694149981918998.jpg,12.55630193,10.57111211,15.52,https://mavuno-files.s3-eu-west-1.amazonaws.com/survey-images/da93453f-628b-41de-a5e9-252db99eafa4/q_box1_wet_weight_photo/JPEG_20221018_005558_4069421687290231364.jpg,16.2,https://mavuno-files.s3-eu-west-1.amazonaws.com/survey-images/da93453f-628b-41de-a5e9-252db99eafa4/q_box2_wet_weight_photo/JPEG_20221018_005836_1287924451160916699.jpg,13.34,https://mavuno-files.s3-eu-west-1.amazonaws.com/survey-images/fe4839cb-0df5-4bf2-990e-0080ce555001/q_box1_dry_weight_photo/JPEG_20221023_072115_1857490685542127668.jpg,13.9,https://mavuno-files.s3-eu-west-1.amazonaws.com/survey-images/fe4839cb-0df5-4bf2-990e-0080ce555001/q_box2_dry_weight_photo/JPEG_20221023_082014_3503070983120379444.jpg,3.335,3.475,used box 1 and 31714,3.405,have average yields,2022.0_105_Client_K,3,1.148363874650843,0.8485298881215042,,,,2.1172897815704346,
e9cb7894-7c7f-49bb-beea-55e86a051d41,Rice,2022.0,Nigeria,https://mavuno-files.s3-eu-west-1.amazonaws.com/survey-images/aa8c7c60-87e4-4c04-9239-90418f1e9d2d/q_wet_harvest_photo/JPEG_20221119_133806_5794554560346776983.jpg,,,,https://mavuno-files.s3-eu-west-1.amazonaws.com/survey-images/d89516a9-d600-4c54-8113-72432adc381a/q_field_photo/JPEG_20221115_134521_1530993462829853988.jpg,11.9813293,8.8793366,9.38,https://mavuno-files.s3-eu-west-1.amazonaws.com/survey-images/aa8c7c60-87e4-4c04-9239-90418f1e9d2d/q_box1_wet_weight_photo/JPEG_20221117_172721_2786670055796348676.jpg,11.14,,8.17,https://mavuno-files.s3-eu-west-1.amazonaws.com/survey-images/306cebcd-764a-441c-a63d-471d7a9ee1ac/q_box1_dry_weight_photo/JPEG_20221208_124952_3871090117995664415.jpg,9.59,https://mavuno-files.s3-eu-west-1.amazonaws.com/survey-images/306cebcd-764a-441c-a63d-471d7a9ee1ac/q_box2_dry_weight_photo/JPEG_20221208_125224_4608685686656626997.jpg,2.0425,2.3975,used box 1 and 31768,2.22,have average yields,2022.0_56_Client_P,4,0.8281562129016866,-0.2097486686263917,,,,,1.4748729467391968
ea0287b6-a7f1-49ac-88da-f8afeec05f4d,Rice,2022.0,Nigeria,https://mavuno-files.s3-eu-west-1.amazonaws.com/survey-images/c0ae3bbd-7244-4f93-98d2-e41d9dcf2366/q_wet_harvest_photo/JPEG_20221129_170716_3835847366140572615.jpg,,,,https://mavuno-files.s3-eu-west-1.amazonaws.com/survey-images/e7232b5c-2793-40b4-8e93-bbca346f4688/q_field_photo/JPEG_20221129_162345_4673189690074098549.jpg,10.5242963,5.4796747,7.545,https://mavuno-files.s3-eu-west-1.amazonaws.com/survey-images/c0ae3bbd-7244-4f93-98d2-e41d9dcf2366/q_box1_wet_weight_photo/JPEG_20221129_170324_6373803644532649183.jpg,8.12,https://mavuno-files.s3-eu-west-1.amazonaws.com/survey-images/c0ae3bbd-7244-4f93-98d2-e41d9dcf2366/q_box2_wet_weight_photo/JPEG_20221129_170600_4930546397837261884.jpg,5.87,https://mavuno-files.s3-eu-west-1.amazonaws.com/survey-images/58087c19-2b82-42e8-b2f6-f3b266cbc620/q_box1_dry_weight_photo/JPEG_20221207_180946_4891507677051568446.jpg,7.06,https://mavuno-files.s3-eu-west-1.amazonaws.com/survey-images/58087c19-2b82-42e8-b2f6-f3b266cbc620/q_box2_dry_weight_photo/JPEG_20221207_181043_756820577706952110.jpg,1.4675,1.765,used box 1 and 31799,1.61625,have average yields,2022.0_85_Client_P,0,0.0167208407147368,-2.3363838325098145,1.207080960273743,,,,
ea083084-6d51-462f-9a86-e4533815666d,Rice,2022.0,Nigeria,https://mavuno-files.s3-eu-west-1.amazonaws.com/survey-images/a1ccb0bb-e49c-4ae1-9e80-ba411b78cb65/q_wet_harvest_photo/JPEG_20221018_095736_9108270132294222178.jpg,,,,https://mavuno-files.s3-eu-west-1.amazonaws.com/survey-images/4b218185-9427-4b58-9502-fe5614d3f849/q_field_photo/JPEG_20221018_094311_7331962265058297140.jpg,12.3196731,9.9316784,0.0,,0.0,,0.0,,0.0,,0.0,0.0,used box 1 and 31802,0.0,have average yields,2022.0_53_Client_BY,0,1.016583055176464,0.4485365203520692,0.2591700553894043,,,,
ea0ee237-c524-40fc-9661-4c75e81800cf,Rice,2022.0,Nigeria,https://mavuno-files.s3-eu-west-1.amazonaws.com/survey-images/d75ccf84-10cd-44f5-980c-10f2e87e36bc/q_wet_harvest_photo/JPEG_20221109_080212_7631274192702881131.jpg,,,,https://mavuno-files.s3-eu-west-1.amazonaws.com/survey-images/8845dc95-eef2-4de0-b768-51ff1cea5853/q_field_photo/JPEG_20221101_082428_7977120300517440939.jpg,10.3484104,8.2494123,2.975,https://mavuno-files.s3-eu-west-1.amazonaws.com/survey-images/d75ccf84-10cd-44f5-980c-10f2e87e36bc/q_box1_wet_weight_photo/JPEG_20221109_075315_4599329227656530547.jpg,3.52,https://mavuno-files.s3-eu-west-1.amazonaws.com/survey-images/d75ccf84-10cd-44f5-980c-10f2e87e36bc/q_box2_wet_weight_photo/JPEG_20221109_075730_3709467948338147765.jpg,2.97,https://mavuno-files.s3-eu-west-1.amazonaws.com/survey-images/d79d37ff-2315-4efd-a5d5-bac12c357f21/q_box1_dry_weight_photo/JPEG_20221109_080625_1460035270662953258.jpg,3.51,https://mavuno-files.s3-eu-west-1.amazonaws.com/survey-images/d79d37ff-2315-4efd-a5d5-bac12c357f21/q_box2_dry_weight_photo/JPEG_20221109_081338_7684946894452360076.jpg,0.7425,0.8775,used box 1 and 31809,0.81,have average yields,2022.0_104_Client_AD,4,-0.0812316701267717,-0.6037934902495808,,,,,1.598312497138977
ea2dab56-7573-4ff0-8445-daf09ea5f00c,Rice,2022.0,Nigeria,https://mavuno-files.s3-eu-west-1.amazonaws.com/survey-images/70c796ea-0e88-43ed-97c9-8845f4bed8a4/q_wet_harvest_photo/JPEG_20221208_090244_213003545142363346.jpg,,,,https://mavuno-files.s3-eu-west-1.amazonaws.com/survey-images/446af465-7db0-49ba-a2d1-57d05374eb6b/q_field_photo/JPEG_20221104_092705_5956502738060085003.jpg,7.7253099,8.5770562,0.0,,0.0,,0.0,,0.0,,0.0,0.0,used box 1 and 31829,0.0,have average yields,2022.0_106_Client_AU,2,-1.5420609927991291,-0.3988380977819052,,,0.1140458956360817,,
ea30cd49-9768-47c3-b0c0-4a48f3c88d66,Rice,2022.0,Nigeria,https://mavuno-files.s3-eu-west-1.amazonaws.com/survey-images/7644e4b1-ec48-4bda-95e0-d46cfb58fddd/q_wet_harvest_photo/JPEG_20221017_103758_2500895543647387603.jpg,,,,https://mavuno-files.s3-eu-west-1.amazonaws.com/survey-images/3fecd6e0-87e6-4b81-9546-bfafd8eb92d1/q_field_photo/JPEG_20221017_093938_3860964839056756189.jpg,10.87855245,10.16888235,14.89,https://mavuno-files.s3-eu-west-1.amazonaws.com/survey-images/7644e4b1-ec48-4bda-95e0-d46cfb58fddd/q_box1_wet_weight_photo/JPEG_20221017_103156_2355532786617822284.jpg,15.02,https://mavuno-files.s3-eu-west-1.amazonaws.com/survey-images/7644e4b1-ec48-4bda-95e0-d46cfb58fddd/q_box2_wet_weight_photo/JPEG_20221017_103625_1253733503744225285.jpg,11.34,https://mavuno-files.s3-eu-west-1.amazonaws.com/survey-images/98c983a7-3908-45d0-925b-ed6b5adcb400/q_box1_dry_weight_photo/JPEG_20221103_092603_9132128734863148607.jpg,12.51,https://mavuno-files.s3-eu-west-1.amazonaws.com/survey-images/98c983a7-3908-45d0-925b-ed6b5adcb400/q_box2_dry_weight_photo/JPEG_20221103_092823_4284020792042784122.jpg,2.835,3.1275,used box 1 and 31830,2.98125,have average yields,2022.0_179_Client_K,1,0.2140094202628779,0.5969178229404378,,2.1693475246429443,,,
ea364e83-0a5d-46d2-b029-4821f0ab253d,Rice,2022.0,Nigeria,https://mavuno-files.s3-eu-west-1.amazonaws.com/survey-images/0a43924e-2d7c-4380-8156-990663ceb4be/q_wet_harvest_photo/JPEG_20221126_211054_2430054598482614864.jpg,,,,https://mavuno-files.s3-eu-west-1.amazonaws.com/survey-images/8cb6c9f1-c3fe-45c7-a885-13c31b649e04/q_field_photo/JPEG_20221119_150533_8167152074814776830.jpg,11.1341273,4.5753743,6.75,https://mavuno-files.s3-eu-west-1.amazonaws.com/survey-images/0a43924e-2d7c-4380-8156-990663ceb4be/q_box1_wet_weight_photo/JPEG_20221126_210601_8469162842721223468.jpg,7.66,https://mavuno-files.s3-eu-west-1.amazonaws.com/survey-images/0a43924e-2d7c-4380-8156-990663ceb4be/q_box2_wet_weight_photo/JPEG_20221126_210908_8017347652124955431.jpg,6.65,https://mavuno-files.s3-eu-west-1.amazonaws.com/survey-images/421d7675-f8af-447f-9c3c-2b5a60135953/q_box1_dry_weight_photo/JPEG_20221128_110806_8218257668309723873.jpg,6.805,https://mavuno-files.s3-eu-west-1.amazonaws.com/survey-images/421d7675-f8af-447f-9c3c-2b5a60135953/q_box2_dry_weight_photo/JPEG_20221128_110924_949468592402126816.jpg,1.6625,1.70125,used box 1 and 31834,1.681875,have average yields,2022.0_129_Client_P,0,0.3563414563467364,-2.9020627399781853,1.5210685729980469,,,,
eb05b969-cd8b-49e1-b46a-4e84b290bddc,Rice,2022.0,Nigeria,https://mavuno-files.s3-eu-west-1.amazonaws.com/survey-images/23a72b32-a307-4bda-8748-8e9f3274bec8/q_wet_harvest_photo/JPEG_20221210_082329_4887880200211515603.jpg,,,,https://mavuno-files.s3-eu-west-1.amazonaws.com/survey-images/1ea60bdc-a7d5-45dd-b684-304875e27766/q_field_photo/JPEG_20221201_085538_4068454556196765028.jpg,7.753582,8.5937239,7.295,https://mavuno-files.s3-eu-west-1.amazonaws.com/survey-images/23a72b32-a307-4bda-8748-8e9f3274bec8/q_box1_wet_weight_photo/JPEG_20221210_082028_9004370486009257920.jpg,6.825,https://mavuno-files.s3-eu-west-1.amazonaws.com/survey-images/23a72b32-a307-4bda-8748-8e9f3274bec8/q_box2_wet_weight_photo/JPEG_20221210_082229_735333103099963529.jpg,6.875,https://mavuno-files.s3-eu-west-1.amazonaws.com/survey-images/7c46af34-3f5e-48a8-9b51-497b5f8f302a/q_box1_dry_weight_photo/JPEG_20221210_083552_2322011441999154290.jpg,6.375,https://mavuno-files.s3-eu-west-1.amazonaws.com/survey-images/7c46af34-3f5e-48a8-9b51-497b5f8f302a/q_box2_dry_weight_photo/JPEG_20221210_083738_5855438028036277657.jpg,1.71875,1.59375,used box 1 and 31937,1.65625,have average yields,2022.0_106_Client_AU,0,-1.5263159945828868,-0.3884117324656772,2.5079455375671387,,,,
ebb3e65b-8e28-43eb-9ef3-519b27fad31c,Rice,2022.0,Nigeria,https://mavuno-files.s3-eu-west-1.amazonaws.com/survey-images/5f9db7e7-7984-4545-8fc6-8b2434150202/q_wet_harvest_photo/JPEG_20220719_155615_4621377566905201982.jpg,,,,https://mavuno-files.s3-eu-west-1.amazonaws.com/survey-images/ef095e5f-2a49-4e1b-84a7-77079615897f/q_field_photo/JPEG_20220716_110252_7907549807594443252.jpg,12.5935101,10.5359317,1.915,https://mavuno-files.s3-eu-west-1.amazonaws.com/survey-images/5f9db7e7-7984-4545-8fc6-8b2434150202/q_box1_wet_weight_photo/JPEG_20220719_155337_8538250349558100208.jpg,1.52,https://mavuno-files.s3-eu-west-1.amazonaws.com/survey-images/5f9db7e7-7984-4545-8fc6-8b2434150202/q_box2_wet_weight_photo/JPEG_20220719_155516_4076238969599637786.jpg,1.9,https://mavuno-files.s3-eu-west-1.amazonaws.com/survey-images/41c24f2d-db75-4974-9374-2f9c0e25079c/q_box1_dry_weight_photo/JPEG_20220814_091056_2738383196197593727.jpg,1.5,https://mavuno-files.s3-eu-west-1.amazonaws.com/survey-images/41c24f2d-db75-4974-9374-2f9c0e25079c/q_box2_dry_weight_photo/JPEG_20220814_091228_3967559936888333349.jpg,0.475,0.375,used box 1 and 32029,0.425,have average yields,2022.0_105_Client_BW,1,1.169085454239188,0.8265230241489916,,0.171891763806343,,,
ebf7c2c2-e5c1-4c1b-8793-d9c639ec0cac,Rice,2022.0,Nigeria,https://mavuno-files.s3-eu-west-1.amazonaws.com/survey-images/3e55c0cc-6bb4-4712-b442-ffbad856e7c1/q_wet_harvest_photo/JPEG_20220720_082417_6905960564548639227.jpg,,,,https://mavuno-files.s3-eu-west-1.amazonaws.com/survey-images/718a0c4a-167e-4e99-9000-8494270ba5f0/q_field_photo/JPEG_20220718_114211_2938287512332550808.jpg,12.5939739,10.5374328,4.995,https://mavuno-files.s3-eu-west-1.amazonaws.com/survey-images/3e55c0cc-6bb4-4712-b442-ffbad856e7c1/q_box1_wet_weight_photo/JPEG_20220720_082216_902599080601213422.jpg,4.525,https://mavuno-files.s3-eu-west-1.amazonaws.com/survey-images/3e55c0cc-6bb4-4712-b442-ffbad856e7c1/q_box2_wet_weight_photo/JPEG_20220720_082330_1644773235545948434.jpg,4.955,https://mavuno-files.s3-eu-west-1.amazonaws.com/survey-images/a8cd54d7-3765-4612-9df7-fba6b00ce225/q_box1_dry_weight_photo/JPEG_20220814_115821_343747599407704541.jpg,4.505,https://mavuno-files.s3-eu-west-1.amazonaws.com/survey-images/a8cd54d7-3765-4612-9df7-fba6b00ce225/q_box2_dry_weight_photo/JPEG_20220814_115948_9106505723973564966.jpg,1.23875,1.12625,used box 1 and 32064,1.1825,have average yields,2022.0_105_Client_BW,4,1.169343748818391,0.8274620269493885,,,,,0.9808114767074585
ec14604a-b0b6-49cf-a88d-bd98b69cefbd,Rice,2022.0,Nigeria,https://mavuno-files.s3-eu-west-1.amazonaws.com/survey-images/94841be4-ec55-4457-91c6-59e3b03c09de/q_wet_harvest_photo/JPEG_20221122_160824_5981426483549584659.jpg,,,,https://mavuno-files.s3-eu-west-1.amazonaws.com/survey-images/2e90c820-d873-4f9a-84e6-7a95a083b90b/q_field_photo/JPEG_20221103_174143_3881263899564223351.jpg,8.5796613,8.556517,8.4,https://mavuno-files.s3-eu-west-1.amazonaws.com/survey-images/94841be4-ec55-4457-91c6-59e3b03c09de/q_box1_wet_weight_photo/JPEG_20221122_160338_8959792931784995311.jpg,6.885,https://mavuno-files.s3-eu-west-1.amazonaws.com/survey-images/94841be4-ec55-4457-91c6-59e3b03c09de/q_box2_wet_weight_photo/JPEG_20221122_160622_2072022872125729709.jpg,5.88,https://mavuno-files.s3-eu-west-1.amazonaws.com/survey-images/5df9dec5-82a7-49fb-a94d-e21b0cb80780/q_box1_dry_weight_photo/JPEG_20221122_161329_5113192675778925172.jpg,4.49,https://mavuno-files.s3-eu-west-1.amazonaws.com/survey-images/5df9dec5-82a7-49fb-a94d-e21b0cb80780/q_box2_dry_weight_photo/JPEG_20221122_161514_4154856456809210937.jpg,1.47,1.1225,used box 1 and 32079,1.29625,have average yields,2022.0_169_Client_AU,1,-1.0662646681877848,-0.4116862533464436,,0.9899585247039796,,,
ec5c77b9-d7fc-441f-96fd-b8e51a895410,Rice,2022.0,Nigeria,,,,,https://mavuno-files.s3-eu-west-1.amazonaws.com/survey-images/3d0f680c-9662-44c8-a874-363a8d732065/q_field_photo/JPEG_20220829_145942_5580909241774945553.jpg,6.4510826,8.5076725,0.0,,0.0,,0.0,,0.0,,0.0,0.0,used box 1 and 32115,0.0,have average yields,2022.0_98_Client_AY,2,-2.2516901524861583,-0.4422405950185678,,,-0.0489068962633609,,
ec5fd111-de7d-46aa-b17b-0e6a26edd9a5,Rice,2022.0,Nigeria,,,,,https://mavuno-files.s3-eu-west-1.amazonaws.com/survey-images/06f87978-cb9d-405b-854a-dec5a018a224/q_field_photo/JPEG_20221023_104012_7027120305446485302.jpg,11.37604577,9.537465535,0.0,,0.0,,0.0,https://mavuno-files.s3-eu-west-1.amazonaws.com/survey-images/5e68f01c-d6f7-4240-a1e8-bcae6e1b9960/q_box1_dry_weight_photo/JPEG_20221023_122347_5181803199149895415.jpg,0.0,https://mavuno-files.s3-eu-west-1.amazonaws.com/survey-images/5e68f01c-d6f7-4240-a1e8-bcae6e1b9960/q_box2_dry_weight_photo/JPEG_20221023_122439_6511390922904587965.jpg,0.0,0.0,used box 1 and 32121,0.0,have average yields,2022.0_7_Client_K,1,0.4910681260538379,0.2019393688046682,,0.7030667662620544,,,
ec615ab0-2785-4e38-8bf5-d4507c1a1595,Rice,2022.0,Nigeria,https://mavuno-files.s3-eu-west-1.amazonaws.com/survey-images/7907b16a-e64e-40ab-9f8c-4b8d89e536bd/q_wet_harvest_photo/JPEG_20221127_123157_2278525352437161678.jpg,,,,https://mavuno-files.s3-eu-west-1.amazonaws.com/survey-images/325fb510-2a90-4a93-89bb-c9e4f819db1b/q_field_photo/JPEG_20221028_120535_8354092536708656155.jpg,7.7347137,9.3037354,0.57,https://mavuno-files.s3-eu-west-1.amazonaws.com/survey-images/7907b16a-e64e-40ab-9f8c-4b8d89e536bd/q_box1_wet_weight_photo/JPEG_20221127_122837_5260755932261202962.jpg,2.52,https://mavuno-files.s3-eu-west-1.amazonaws.com/survey-images/7907b16a-e64e-40ab-9f8c-4b8d89e536bd/q_box2_wet_weight_photo/JPEG_20221127_123111_1954508004144571621.jpg,0.535,https://mavuno-files.s3-eu-west-1.amazonaws.com/survey-images/3d5782c8-64a7-4f6d-b9ab-7e6253d4abc7/q_box1_dry_weight_photo/JPEG_20221127_123442_5296805146306873949.jpg,2.315,https://mavuno-files.s3-eu-west-1.amazonaws.com/survey-images/3d5782c8-64a7-4f6d-b9ab-7e6253d4abc7/q_box2_dry_weight_photo/JPEG_20221127_123530_4534889608875096449.jpg,0.13375,0.57875,used box 1 and 32123,0.35625,have average yields,2022.0_5_Client_AU,3,-1.5368239281938856,0.05573108734285,,,,0.9015243649482728,
ec9889f2-5207-49ca-a2ef-eeb0ff194abc,Rice,2022.0,Nigeria,,,,,https://mavuno-files.s3-eu-west-1.amazonaws.com/survey-images/c340cdc1-d6f3-4073-a47f-3a0ecc7f82c9/q_field_photo/JPEG_20220719_084048_4697500702372495142.jpg,12.5904084,10.5362753,0.0,,0.0,,0.0,,0.0,,0.0,0.0,used box 1 and 32153,0.0,have average yields,2022.0_105_Client_BW,0,1.1673580883566634,0.8267379607702798,0.1012863963842392,,,,
ec9d51dd-1c81-4444-84ba-ca3a31d0d55f,Rice,2022.0,Nigeria,https://mavuno-files.s3-eu-west-1.amazonaws.com/survey-images/30123bc6-6cb3-4f13-9147-6f5690708653/q_wet_harvest_photo/JPEG_20221021_082148_5168584719499355341.jpg,,,,https://mavuno-files.s3-eu-west-1.amazonaws.com/survey-images/d8fe7088-eeb8-4b4e-8f20-e9b746800c4a/q_field_photo/JPEG_20221021_070721_3520469145123797981.jpg,12.52838275,10.55398185,14.8,https://mavuno-files.s3-eu-west-1.amazonaws.com/survey-images/30123bc6-6cb3-4f13-9147-6f5690708653/q_box1_wet_weight_photo/JPEG_20221021_081832_3689201332547673988.jpg,15.54,https://mavuno-files.s3-eu-west-1.amazonaws.com/survey-images/30123bc6-6cb3-4f13-9147-6f5690708653/q_box2_wet_weight_photo/JPEG_20221021_082018_9186648601215123818.jpg,12.86,https://mavuno-files.s3-eu-west-1.amazonaws.com/survey-images/52a919bb-6623-4874-87e4-80d1aa1ad718/q_box1_dry_weight_photo/JPEG_20221024_105008_253943710752774752.jpg,13.47,https://mavuno-files.s3-eu-west-1.amazonaws.com/survey-images/52a919bb-6623-4874-87e4-80d1aa1ad718/q_box2_dry_weight_photo/JPEG_20221024_105227_4806087941787401917.jpg,3.215,3.3675,used box 1 and 32159,3.29125,have average yields,2022.0_105_Client_K,0,1.1328154208996557,0.8378141715726127,1.7611753940582275,,,,
ecb49692-9709-4bd4-b955-ec981d2d96e4,Rice,2022.0,Nigeria,https://mavuno-files.s3-eu-west-1.amazonaws.com/survey-images/09df9b1c-d128-4c6c-9afe-5687501f2c55/q_wet_harvest_photo/JPEG_20221211_154009_6803223209781980036.jpg,,,,https://mavuno-files.s3-eu-west-1.amazonaws.com/survey-images/49a4e828-5b60-4bb4-90e1-da3a4e3814ba/q_field_photo/JPEG_20221103_094551_1667982791682034737.jpg,9.74781,6.6800817,7.74,https://mavuno-files.s3-eu-west-1.amazonaws.com/survey-images/09df9b1c-d128-4c6c-9afe-5687501f2c55/q_box1_wet_weight_photo/JPEG_20221211_153748_8142432533419060809.jpg,7.845,https://mavuno-files.s3-eu-west-1.amazonaws.com/survey-images/09df9b1c-d128-4c6c-9afe-5687501f2c55/q_box2_wet_weight_photo/JPEG_20221211_153858_1434785955709248396.jpg,6.97,https://mavuno-files.s3-eu-west-1.amazonaws.com/survey-images/58759ecd-b768-478c-b7fd-4da597e16d3f/q_box1_dry_weight_photo/JPEG_20221213_170253_6956340446302510618.jpg,6.86,https://mavuno-files.s3-eu-west-1.amazonaws.com/survey-images/58759ecd-b768-478c-b7fd-4da597e16d3f/q_box2_dry_weight_photo/JPEG_20221213_170359_5831298718167981677.jpg,1.7425,1.715,used box 1 and 32173,1.72875,have average yields,2022.0_17_Client_P,0,-0.4157116778614157,-1.5854774740946418,1.5237292051315308,,,,
ed776d18-c572-4eaa-bf8c-cd29ef11a5ec,Rice,2022.0,Nigeria,,,,,https://mavuno-files.s3-eu-west-1.amazonaws.com/survey-images/2d89bfba-72d7-4928-863a-03dc8486cf1c/q_field_photo/JPEG_20220829_150551_5487769008989887626.jpg,6.4510372,8.5076465,0.0,,0.0,,0.0,,0.0,,0.0,0.0,used box 1 and 32285,0.0,have average yields,2022.0_98_Client_AY,1,-2.251715436172868,-0.4422568591400856,,0.0192459747195243,,,
ed7c3fd6-4cef-450f-9846-1a71dc74b8d2,Rice,2022.0,Nigeria,https://mavuno-files.s3-eu-west-1.amazonaws.com/survey-images/1c512db5-e5e9-45d8-b71a-d6355d9b065d/q_wet_harvest_photo/JPEG_20221026_160737_4838350499518550753.jpg,,,,https://mavuno-files.s3-eu-west-1.amazonaws.com/survey-images/e2557390-f91f-40a7-ad35-197382837503/q_field_photo/JPEG_20221026_154705_495976667152330263.jpg,10.8884268,11.520919,0.0,,0.0,,0.0,,0.0,,0.0,0.0,used box 1 and 32288,0.0,have average yields,2022.0_200_Client_S,3,0.2195085385857664,1.4426750680209386,,,,0.1326836943626403,
ede8d674-7a73-4362-b9ba-b69c45e64356,Rice,2022.0,Nigeria,https://mavuno-files.s3-eu-west-1.amazonaws.com/survey-images/d540049a-034e-4c24-85fc-076faa2560c6/q_wet_harvest_photo/JPEG_20221123_101256_7525410943436651601.jpg,,,,https://mavuno-files.s3-eu-west-1.amazonaws.com/survey-images/0830b9e7-eadb-405f-8fcf-2adc57ee52d4/q_field_photo/JPEG_20221011_094359_140238029396374520.jpg,8.148109,8.2452722,1.445,https://mavuno-files.s3-eu-west-1.amazonaws.com/survey-images/d540049a-034e-4c24-85fc-076faa2560c6/q_box1_wet_weight_photo/JPEG_20221123_100049_8693455920440455513.jpg,0.96,https://mavuno-files.s3-eu-west-1.amazonaws.com/survey-images/d540049a-034e-4c24-85fc-076faa2560c6/q_box2_wet_weight_photo/JPEG_20221123_100938_7147808426526624293.jpg,0.81,https://mavuno-files.s3-eu-west-1.amazonaws.com/survey-images/4a107f8f-93a6-47da-8e2a-226d1b65540c/q_box1_dry_weight_photo/JPEG_20221125_155850_4442705577343802733.jpg,0.36,https://mavuno-files.s3-eu-west-1.amazonaws.com/survey-images/4a107f8f-93a6-47da-8e2a-226d1b65540c/q_box2_dry_weight_photo/JPEG_20221125_160040_3771460197164970294.jpg,0.2025,0.09,used box 1 and 32337,0.14625,have average yields,2022.0_101_Client_AU,0,-1.3066002001686212,-0.6063833013840326,0.5748236179351807,,,,
edf5a87f-533c-43b9-b4a6-abcfe81bbf2f,Rice,2022.0,Nigeria,https://mavuno-files.s3-eu-west-1.amazonaws.com/survey-images/9029f68c-5053-4c78-9387-fb1b46bea126/q_wet_harvest_photo/JPEG_20221212_122608_2347523408619112288.jpg,,,,https://mavuno-files.s3-eu-west-1.amazonaws.com/survey-images/8bd52cf6-9afa-4ad5-a4b7-11ebe1af2927/q_field_photo/JPEG_20221124_105214_2451616331820267988.jpg,9.575324,6.784801,8.005,https://mavuno-files.s3-eu-west-1.amazonaws.com/survey-images/9029f68c-5053-4c78-9387-fb1b46bea126/q_box1_wet_weight_photo/JPEG_20221212_122337_267047368355997874.jpg,8.43,https://mavuno-files.s3-eu-west-1.amazonaws.com/survey-images/9029f68c-5053-4c78-9387-fb1b46bea126/q_box2_wet_weight_photo/JPEG_20221212_122512_5196521101012521982.jpg,7.83,https://mavuno-files.s3-eu-west-1.amazonaws.com/survey-images/e9078696-3c54-44a2-8a96-261cd8eacbfb/q_box1_dry_weight_photo/JPEG_20221212_124643_6278271994351181686.jpg,7.95,https://mavuno-files.s3-eu-west-1.amazonaws.com/survey-images/e9078696-3c54-44a2-8a96-261cd8eacbfb/q_box2_dry_weight_photo/JPEG_20221212_124743_705332725851819366.jpg,1.9575,1.9875,used box 1 and 32348,1.9725,have average yields,2022.0_17_Client_P,0,-0.5117707524376521,-1.5199710348462985,1.107796311378479,,,,
ee497aac-8cd3-49c1-977f-0dfc7856153c,Rice,2022.0,Nigeria,https://mavuno-files.s3-eu-west-1.amazonaws.com/survey-images/da1ef02f-fb92-4243-9ca2-8c196e1140d0/q_wet_harvest_photo/JPEG_20221117_105725_2555564164836482699.jpg,,,,https://mavuno-files.s3-eu-west-1.amazonaws.com/survey-images/75e3865e-9f4f-435e-b6e3-1d35318e8be4/q_field_photo/JPEG_20221105_125117_2018423337042403894.jpg,8.3642644,9.2456926,3.5,https://mavuno-files.s3-eu-west-1.amazonaws.com/survey-images/da1ef02f-fb92-4243-9ca2-8c196e1140d0/q_box1_wet_weight_photo/JPEG_20221117_105242_7549439938448866426.jpg,3.17,https://mavuno-files.s3-eu-west-1.amazonaws.com/survey-images/da1ef02f-fb92-4243-9ca2-8c196e1140d0/q_box2_wet_weight_photo/JPEG_20221117_105504_3393201591066447319.jpg,3.41,https://mavuno-files.s3-eu-west-1.amazonaws.com/survey-images/065284ba-5bf0-4937-bf70-b2eca80a09a6/q_box1_dry_weight_photo/JPEG_20221117_113806_6908187966888391836.jpg,2.85,https://mavuno-files.s3-eu-west-1.amazonaws.com/survey-images/065284ba-5bf0-4937-bf70-b2eca80a09a6/q_box2_dry_weight_photo/JPEG_20221117_113936_6521595495327925223.jpg,0.8525,0.7125,used box 1 and 32390,0.7825,have average yields,2022.0_173_Client_AU,2,-1.1862212262886755,0.0194228122493019,,,1.2581027746200562,,
ee5585e2-f41b-45c4-b966-42ad6c8dabf1,Rice,2022.0,Nigeria,https://mavuno-files.s3-eu-west-1.amazonaws.com/survey-images/bbee6dae-7710-4bcb-b927-b4500a471d45/q_wet_harvest_photo/JPEG_20221103_090842_5647259870046509420.jpg,,,,https://mavuno-files.s3-eu-west-1.amazonaws.com/survey-images/959e6558-3804-4718-8345-7f473d5e1f79/q_field_photo/JPEG_20221103_081405_5997491701984655628.jpg,9.2399044,12.4459638,3.385,https://mavuno-files.s3-eu-west-1.amazonaws.com/survey-images/bbee6dae-7710-4bcb-b927-b4500a471d45/q_box1_wet_weight_photo/JPEG_20221103_085750_1780001401286433501.jpg,2.095,https://mavuno-files.s3-eu-west-1.amazonaws.com/survey-images/bbee6dae-7710-4bcb-b927-b4500a471d45/q_box2_wet_weight_photo/JPEG_20221103_090557_1631338870083581069.jpg,2.17,https://mavuno-files.s3-eu-west-1.amazonaws.com/survey-images/00a1071d-d6ea-481f-8e26-3927fd734f69/q_box1_dry_weight_photo/JPEG_20221108_095219_4129970578298203355.jpg,1.615,https://mavuno-files.s3-eu-west-1.amazonaws.com/survey-images/00a1071d-d6ea-481f-8e26-3927fd734f69/q_box2_dry_weight_photo/JPEG_20221108_095556_5591709779697999707.jpg,0.5425,0.40375,used box 1 and 32399,0.473125,have average yields,2022.0_28_Client_S,2,-0.6985690802482079,2.021330492505211,,,1.9958481788635247,,
ee8591fa-0105-4682-8eb9-1d2ff743b604,Rice,2022.0,Nigeria,https://mavuno-files.s3-eu-west-1.amazonaws.com/survey-images/6bf9c727-88f9-4821-988f-1657e87f78ea/q_wet_harvest_photo/JPEG_20221213_093749_7011226807597909132.jpg,,,,https://mavuno-files.s3-eu-west-1.amazonaws.com/survey-images/0427228d-69a1-4960-886f-b4eca2b2c312/q_field_photo/JPEG_20221031_110910_8606975553478319880.jpg,7.7915591,8.6807711,4.635,https://mavuno-files.s3-eu-west-1.amazonaws.com/survey-images/6bf9c727-88f9-4821-988f-1657e87f78ea/q_box1_wet_weight_photo/JPEG_20221213_093448_6508580970806262771.jpg,7.17,https://mavuno-files.s3-eu-west-1.amazonaws.com/survey-images/6bf9c727-88f9-4821-988f-1657e87f78ea/q_box2_wet_weight_photo/JPEG_20221213_093703_6225092194795156184.jpg,4.025,https://mavuno-files.s3-eu-west-1.amazonaws.com/survey-images/07bba594-7426-4ca3-941a-28b6bf1d00ca/q_box1_dry_weight_photo/JPEG_20221213_094107_1209961502247563469.jpg,5.83,https://mavuno-files.s3-eu-west-1.amazonaws.com/survey-images/07bba594-7426-4ca3-941a-28b6bf1d00ca/q_box2_dry_weight_photo/JPEG_20221213_094226_2768107691418162233.jpg,1.00625,1.4575,used box 1 and 32423,1.231875,have average yields,2022.0_106_Client_AU,0,-1.5051661906504563,-0.3339599540586565,1.0593786239624023,,,,
ef1e8b59-41d7-4abc-83ec-4fc9a01403bf,Rice,2022.0,Nigeria,https://mavuno-files.s3-eu-west-1.amazonaws.com/survey-images/1b40a176-737d-4776-9758-93f38e76f6ee/q_wet_harvest_photo/JPEG_20221022_140814_7577414853263449040.jpg,,,,https://mavuno-files.s3-eu-west-1.amazonaws.com/survey-images/193c9401-ef97-4932-b10a-93c8409cf98a/q_field_photo/JPEG_20221022_134114_3732142949136730802.jpg,11.86299029,9.969794042,13.63,https://mavuno-files.s3-eu-west-1.amazonaws.com/survey-images/1b40a176-737d-4776-9758-93f38e76f6ee/q_box1_wet_weight_photo/JPEG_20221022_140557_5023137808039414285.jpg,14.23,https://mavuno-files.s3-eu-west-1.amazonaws.com/survey-images/1b40a176-737d-4776-9758-93f38e76f6ee/q_box2_wet_weight_photo/JPEG_20221022_140718_2416907148026970295.jpg,11.68,https://mavuno-files.s3-eu-west-1.amazonaws.com/survey-images/518b2596-319b-4eca-983d-61051ecb005c/q_box1_dry_weight_photo/JPEG_20221115_121120_9090179999989330583.jpg,12.49,https://mavuno-files.s3-eu-west-1.amazonaws.com/survey-images/518b2596-319b-4eca-983d-61051ecb005c/q_box2_dry_weight_photo/JPEG_20221115_121231_3735725196346711665.jpg,2.92,3.1225,used box 1 and 32506,3.02125,have average yields,2022.0_113_Client_K,4,0.7622521059778319,0.4723794985526938,,,,,2.998706102371216
ef53d3bb-28f7-4de7-b9ca-80ee3323257d,Rice,2022.0,Nigeria,https://mavuno-files.s3-eu-west-1.amazonaws.com/survey-images/9dbe6e55-dfbb-434a-b97d-a46c3bdd0bbe/q_wet_harvest_photo/JPEG_20221117_102427_5623028758888779972.jpg,,,,https://mavuno-files.s3-eu-west-1.amazonaws.com/survey-images/096c808d-b18d-46ea-aabc-d2dcc6ce74d7/q_field_photo/JPEG_20221117_090202_1373845687562597867.jpg,9.9729336,10.9627852,0.82,https://mavuno-files.s3-eu-west-1.amazonaws.com/survey-images/9dbe6e55-dfbb-434a-b97d-a46c3bdd0bbe/q_box1_wet_weight_photo/JPEG_20221117_101121_3702841090167856511.jpg,0.81,https://mavuno-files.s3-eu-west-1.amazonaws.com/survey-images/9dbe6e55-dfbb-434a-b97d-a46c3bdd0bbe/q_box2_wet_weight_photo/JPEG_20221117_102114_5378374272189199388.jpg,0.235,https://mavuno-files.s3-eu-west-1.amazonaws.com/survey-images/dec83313-0e3a-41d0-be49-8e058781d7e9/q_box1_dry_weight_photo/JPEG_20221202_145123_9154974471370704792.jpg,0.28,https://mavuno-files.s3-eu-west-1.amazonaws.com/survey-images/dec83313-0e3a-41d0-be49-8e058781d7e9/q_box2_dry_weight_photo/JPEG_20221202_145327_6680867933842173679.jpg,0.05875,0.07,used box 1 and 32534,0.064375,have average yields,2022.0_52_Client_S,0,-0.2903382291103814,1.0935383008524522,0.0224892236292362,,,,
ef774de8-5117-4cab-8866-c20da55fa83c,Rice,2022.0,Nigeria,https://mavuno-files.s3-eu-west-1.amazonaws.com/survey-images/8c6948c6-3b91-471e-9629-2cc60b1b9b3f/q_wet_harvest_photo/JPEG_20221028_142637_5953916861490607179.jpg,,,,https://mavuno-files.s3-eu-west-1.amazonaws.com/survey-images/70dc622a-8e02-4674-a1a8-c4f732d87637/q_field_photo/JPEG_20221028_131118_1973386371770444758.jpg,11.92330498,7.902057655,14.64,https://mavuno-files.s3-eu-west-1.amazonaws.com/survey-images/8c6948c6-3b91-471e-9629-2cc60b1b9b3f/q_box1_wet_weight_photo/JPEG_20221028_142345_3542227000167529222.jpg,15.3,https://mavuno-files.s3-eu-west-1.amazonaws.com/survey-images/8c6948c6-3b91-471e-9629-2cc60b1b9b3f/q_box2_wet_weight_photo/JPEG_20221028_142529_2614896200147645974.jpg,11.26,https://mavuno-files.s3-eu-west-1.amazonaws.com/survey-images/6ebca334-4e8d-4536-a5a8-c5cbe798a6e2/q_box1_dry_weight_photo/JPEG_20221122_174225_9070488334983914926.jpg,12.32,https://mavuno-files.s3-eu-west-1.amazonaws.com/survey-images/6ebca334-4e8d-4536-a5a8-c5cbe798a6e2/q_box2_dry_weight_photo/JPEG_20221122_174314_8349636017152665540.jpg,2.815,3.08,used box 1 and 32555,2.9475,have average yields,2022.0_74_Client_K,3,0.7958419237297216,-0.8210788039436402,,,,2.7559049129486084,
efa4c0c7-ffd2-4493-8901-0d773764ded6,Rice,2022.0,Nigeria,https://mavuno-files.s3-eu-west-1.amazonaws.com/survey-images/99d44e92-0a13-49a0-bda6-3dd1796c4044/q_wet_harvest_photo/JPEG_20221027_120235_1062645166319036205.jpg,,,,https://mavuno-files.s3-eu-west-1.amazonaws.com/survey-images/1bed9427-2bd7-4609-999c-2180d9a9b9ac/q_field_photo/JPEG_20221027_113457_3177159304669377311.jpg,11.51905524,9.431373104,14.0,https://mavuno-files.s3-eu-west-1.amazonaws.com/survey-images/99d44e92-0a13-49a0-bda6-3dd1796c4044/q_box1_wet_weight_photo/JPEG_20221027_115958_829909542576188036.jpg,13.8,https://mavuno-files.s3-eu-west-1.amazonaws.com/survey-images/99d44e92-0a13-49a0-bda6-3dd1796c4044/q_box2_wet_weight_photo/JPEG_20221027_120129_7509241011202503119.jpg,11.61,https://mavuno-files.s3-eu-west-1.amazonaws.com/survey-images/424541c2-01e7-4141-bf7c-72fe8f5e1cb6/q_box1_dry_weight_photo/JPEG_20221102_110929_2857632014792480040.jpg,10.71,https://mavuno-files.s3-eu-west-1.amazonaws.com/survey-images/424541c2-01e7-4141-bf7c-72fe8f5e1cb6/q_box2_dry_weight_photo/JPEG_20221102_111048_7478960179909769032.jpg,2.9025,2.6775,used box 1 and 32577,2.79,have average yields,2022.0_7_Client_K,4,0.5707114440265325,0.1355739768854081,,,,,2.5617763996124268
eff51cd3-52ae-42f3-90fd-4b975fc58ee0,Rice,2022.0,Nigeria,https://mavuno-files.s3-eu-west-1.amazonaws.com/survey-images/08e4147b-ed62-43db-9ea3-9be98ce75ee2/q_wet_harvest_photo/JPEG_20221210_103303_5348682971314647107.jpg,,,,https://mavuno-files.s3-eu-west-1.amazonaws.com/survey-images/713e8d92-fc37-402b-a1a4-d11b5d98f036/q_field_photo/JPEG_20221117_105642_8154437374062410039.jpg,11.9743523,8.8683164,8.03,https://mavuno-files.s3-eu-west-1.amazonaws.com/survey-images/08e4147b-ed62-43db-9ea3-9be98ce75ee2/q_box1_wet_weight_photo/JPEG_20221210_102425_8557824348512660723.jpg,8.365,https://mavuno-files.s3-eu-west-1.amazonaws.com/survey-images/08e4147b-ed62-43db-9ea3-9be98ce75ee2/q_box2_wet_weight_photo/JPEG_20221210_103106_9043576699165533866.jpg,7.33,https://mavuno-files.s3-eu-west-1.amazonaws.com/survey-images/5e36c49e-d17c-41ac-bc8f-48c279d98cf8/q_box1_dry_weight_photo/JPEG_20221210_173906_2233395641562926539.jpg,6.075,https://mavuno-files.s3-eu-west-1.amazonaws.com/survey-images/5e36c49e-d17c-41ac-bc8f-48c279d98cf8/q_box2_dry_weight_photo/JPEG_20221210_174115_255432821437188229.jpg,1.8325,1.51875,used box 1 and 32619,1.675625,have average yields,2022.0_56_Client_P,3,0.824270656025659,-0.2166422790860171,,,,1.94317638874054,
f00dbfcb-b445-4c77-8a0b-4b46da96695b,Rice,2022.0,Nigeria,https://mavuno-files.s3-eu-west-1.amazonaws.com/survey-images/48ee78cd-2127-4061-8996-6455654fa3f5/q_wet_harvest_photo/JPEG_20221221_080057_6440768799665211249.jpg,,,,https://mavuno-files.s3-eu-west-1.amazonaws.com/survey-images/92ef9d98-7624-479d-abf3-a75ed2c55699/q_field_photo/JPEG_20221221_074409_3910510006494094635.jpg,10.0382031,11.1959542,2.435,https://mavuno-files.s3-eu-west-1.amazonaws.com/survey-images/48ee78cd-2127-4061-8996-6455654fa3f5/q_box1_wet_weight_photo/JPEG_20221221_075702_233039454755559622.jpg,2.155,https://mavuno-files.s3-eu-west-1.amazonaws.com/survey-images/48ee78cd-2127-4061-8996-6455654fa3f5/q_box2_wet_weight_photo/JPEG_20221221_075859_182183594981181081.jpg,1.86,https://mavuno-files.s3-eu-west-1.amazonaws.com/survey-images/3e8496c1-02b5-4a0e-8a86-87bde47979a0/q_box1_dry_weight_photo/JPEG_20221221_080336_7933960610501586384.jpg,1.83,https://mavuno-files.s3-eu-west-1.amazonaws.com/survey-images/3e8496c1-02b5-4a0e-8a86-87bde47979a0/q_box2_dry_weight_photo/JPEG_20221221_080458_4406787484685304383.jpg,0.465,0.4575,used box 1 and 32632,0.46125,have average yields,2022.0_200_Client_S,2,-0.2539890310997961,1.2393955681670432,,,1.5830111503601074,,
f01b5ecf-f367-467d-99ff-5b4e77f14dc8,Rice,2022.0,Nigeria,https://mavuno-files.s3-eu-west-1.amazonaws.com/survey-images/1be23912-a5d6-49cb-9963-0136787c2635/q_wet_harvest_photo/JPEG_20221129_100234_9081289302111821002.jpg,,,,https://mavuno-files.s3-eu-west-1.amazonaws.com/survey-images/86d86f7c-c40b-4847-bb8c-5ddfdb82a57f/q_field_photo/JPEG_20221027_115322_2046113803895114690.jpg,7.5772051,9.4154814,6.67,https://mavuno-files.s3-eu-west-1.amazonaws.com/survey-images/1be23912-a5d6-49cb-9963-0136787c2635/q_box1_wet_weight_photo/JPEG_20221129_095814_1401479230600203422.jpg,8.44,https://mavuno-files.s3-eu-west-1.amazonaws.com/survey-images/1be23912-a5d6-49cb-9963-0136787c2635/q_box2_wet_weight_photo/JPEG_20221129_100137_1154443738162780430.jpg,6.505,https://mavuno-files.s3-eu-west-1.amazonaws.com/survey-images/46346770-dfa4-48d6-82f1-8cfadb22dad1/q_box1_dry_weight_photo/JPEG_20221129_100630_2814415293305523215.jpg,8.32,https://mavuno-files.s3-eu-west-1.amazonaws.com/survey-images/46346770-dfa4-48d6-82f1-8cfadb22dad1/q_box2_dry_weight_photo/JPEG_20221129_100819_3865611897020185888.jpg,1.62625,2.08,used box 1 and 32640,1.853125,have average yields,2022.0_5_Client_AU,1,-1.6245419479392489,0.1256330305399996,,1.5678240060806274,,,
f052c1ce-164c-4aa3-9868-87eb13234da3,Rice,2022.0,Nigeria,https://mavuno-files.s3-eu-west-1.amazonaws.com/survey-images/3db5bfd3-c1ed-4abe-9df3-7f7901974864/q_wet_harvest_photo/JPEG_20221028_081815_5866714587494665372.jpg,,,,https://mavuno-files.s3-eu-west-1.amazonaws.com/survey-images/1ccc2377-e612-43a7-a5af-4a0b3d614220/q_field_photo/JPEG_20221027_152646_5000217851882005078.jpg,10.0838627,12.6672585,1.355,https://mavuno-files.s3-eu-west-1.amazonaws.com/survey-images/3db5bfd3-c1ed-4abe-9df3-7f7901974864/q_box1_wet_weight_photo/JPEG_20221028_080706_2415045603232219944.jpg,1.46,https://mavuno-files.s3-eu-west-1.amazonaws.com/survey-images/3db5bfd3-c1ed-4abe-9df3-7f7901974864/q_box2_wet_weight_photo/JPEG_20221028_081601_5701988337851813302.jpg,1.155,https://mavuno-files.s3-eu-west-1.amazonaws.com/survey-images/48571dbe-f332-405a-ad2d-b1868d0be0b5/q_box1_dry_weight_photo/JPEG_20221028_082919_942529888630798722.jpg,1.205,https://mavuno-files.s3-eu-west-1.amazonaws.com/survey-images/48571dbe-f332-405a-ad2d-b1868d0be0b5/q_box2_dry_weight_photo/JPEG_20221028_083553_5967230442093613973.jpg,0.28875,0.30125,used box 1 and 32668,0.295,have average yields,2022.0_28_Client_S,2,-0.2285607707104253,2.15975987296832,,,1.6016525030136108,,
f05de9df-4d41-4be2-b989-65c7896ce31f,Rice,2022.0,Nigeria,https://mavuno-files.s3-eu-west-1.amazonaws.com/survey-images/893fd612-55b2-4115-8526-d16d7f127f2f/q_wet_harvest_photo/JPEG_20221017_152937_2017580063.jpg,,,,https://mavuno-files.s3-eu-west-1.amazonaws.com/survey-images/aea931c7-4197-4f79-a9af-b12c6b1b04fd/q_field_photo/JPEG_20221017_141308_3581467134580375070.jpg,11.86644992,9.970534332,16.14,https://mavuno-files.s3-eu-west-1.amazonaws.com/survey-images/893fd612-55b2-4115-8526-d16d7f127f2f/q_box1_wet_weight_photo/JPEG_20221017_152657_1869514986.jpg,15.22,https://mavuno-files.s3-eu-west-1.amazonaws.com/survey-images/893fd612-55b2-4115-8526-d16d7f127f2f/q_box2_wet_weight_photo/JPEG_20221017_152839_222839819.jpg,13.27,https://mavuno-files.s3-eu-west-1.amazonaws.com/survey-images/5a3da1ae-7a6e-49e0-9cee-4ae5b4556ba4/q_box1_dry_weight_photo/JPEG_20221203_104357_317169452.jpg,12.41,https://mavuno-files.s3-eu-west-1.amazonaws.com/survey-images/5a3da1ae-7a6e-49e0-9cee-4ae5b4556ba4/q_box2_dry_weight_photo/JPEG_20221203_104449_765613010.jpg,3.3175,3.1025,used box 1 and 32672,3.21,have average yields,2022.0_113_Client_K,3,0.7641788064414996,0.4728425818803242,,,,2.1749234199523926,
f0db5fb6-cac0-486b-9f06-11cf00e60060,Rice,2022.0,Nigeria,,,,,https://mavuno-files.s3-eu-west-1.amazonaws.com/survey-images/b1ed58a9-28b4-4480-9529-925c676a81db/q_field_photo/JPEG_20221015_112306_5373457259291285398.jpg,7.7216,8.1272,5.785,https://mavuno-files.s3-eu-west-1.amazonaws.com/survey-images/7a6ed4ae-2408-4733-a9bc-e89fbe0d6cc1/q_box1_wet_weight_photo/JPEG_20221119_120138_540964440562255287.jpg,8.025,https://mavuno-files.s3-eu-west-1.amazonaws.com/survey-images/7a6ed4ae-2408-4733-a9bc-e89fbe0d6cc1/q_box2_wet_weight_photo/JPEG_20221119_120319_7066171182475912068.jpg,4.585,https://mavuno-files.s3-eu-west-1.amazonaws.com/survey-images/c64197db-9d4f-4ce6-a51d-516dad93db5a/q_box1_dry_weight_photo/JPEG_20221203_155518_4635608972075873478.jpg,5.835,https://mavuno-files.s3-eu-west-1.amazonaws.com/survey-images/c64197db-9d4f-4ce6-a51d-516dad93db5a/q_box2_dry_weight_photo/JPEG_20221203_155729_5875121426639517259.jpg,1.14625,1.45875,used box 1 and 32734,1.3025,have average yields,2022.0_135_Client_AU,0,-1.5441270709780563,-0.6802425555637135,-0.1265594810247421,,,,
f0dd06d1-e864-4640-8bd9-e66863f19744,Rice,2022.0,Nigeria,https://mavuno-files.s3-eu-west-1.amazonaws.com/survey-images/460e1de5-49c2-4acc-b53d-ca426b91216e/q_wet_harvest_photo/JPEG_20221024_080701_2369870670647075201.jpg,,,,https://mavuno-files.s3-eu-west-1.amazonaws.com/survey-images/6304834c-32a1-4646-afa3-264a2a5b3f93/q_field_photo/JPEG_20221119_091253_2516356768274576992.jpg,11.10588606,9.294784963,19.15,https://mavuno-files.s3-eu-west-1.amazonaws.com/survey-images/460e1de5-49c2-4acc-b53d-ca426b91216e/q_box1_wet_weight_photo/JPEG_20221024_080129_8454231210353387596.jpg,18.46,https://mavuno-files.s3-eu-west-1.amazonaws.com/survey-images/460e1de5-49c2-4acc-b53d-ca426b91216e/q_box2_wet_weight_photo/JPEG_20221024_080343_6731376389280709010.jpg,15.72,https://mavuno-files.s3-eu-west-1.amazonaws.com/survey-images/c5004bba-e40d-4b67-904b-d594c04735dc/q_box1_dry_weight_photo/JPEG_20221107_150429_5003669176234336174.jpg,13.78,https://mavuno-files.s3-eu-west-1.amazonaws.com/survey-images/c5004bba-e40d-4b67-904b-d594c04735dc/q_box2_dry_weight_photo/JPEG_20221107_150603_6831520954095463436.jpg,3.93,3.445,used box 1 and 32737,3.6875,have average yields,2022.0_197_Client_K,1,0.3406136443545435,0.0501322029195709,,2.8919107913970947,,,
f0fb5d5e-9bce-4ded-a382-81856ba4cbb8,Rice,2022.0,Nigeria,https://mavuno-files.s3-eu-west-1.amazonaws.com/survey-images/8daf0369-540b-466c-8293-9228317fd7f3/q_wet_harvest_photo/JPEG_20221029_114831_4173943666981679711.jpg,,,,https://mavuno-files.s3-eu-west-1.amazonaws.com/survey-images/46004ea9-bdaf-4cf7-82c2-f42153005b66/q_field_photo/JPEG_20221028_124659_6677984233626876682.jpg,9.1705917,12.4934778,2.71,https://mavuno-files.s3-eu-west-1.amazonaws.com/survey-images/8daf0369-540b-466c-8293-9228317fd7f3/q_box1_wet_weight_photo/JPEG_20221029_114413_192393250840920190.jpg,2.675,https://mavuno-files.s3-eu-west-1.amazonaws.com/survey-images/8daf0369-540b-466c-8293-9228317fd7f3/q_box2_wet_weight_photo/JPEG_20221029_114631_4266463327407134556.jpg,2.025,https://mavuno-files.s3-eu-west-1.amazonaws.com/survey-images/998af3e6-53d9-40f1-b2bf-15d4f588acfd/q_box1_dry_weight_photo/JPEG_20221029_115159_7523934772378756429.jpg,1.97,https://mavuno-files.s3-eu-west-1.amazonaws.com/survey-images/998af3e6-53d9-40f1-b2bf-15d4f588acfd/q_box2_dry_weight_photo/JPEG_20221029_115402_5462514236445530074.jpg,0.50625,0.4925,used box 1 and 32752,0.499375,have average yields,2022.0_28_Client_S,3,-0.7371699743403687,2.0510525490358207,,,,0.7708690166473389,
f1264e7b-f299-4660-b9cd-c35b47d49783,Rice,2022.0,Nigeria,,,,,https://mavuno-files.s3-eu-west-1.amazonaws.com/survey-images/5d625b52-12c7-4ff1-96fb-dfb0cb36e219/q_field_photo/JPEG_20221024_131254_8835907377759926030.jpg,11.75604253,9.628975801,0.0,,0.0,,0.0,,0.0,,0.0,0.0,used box 1 and 32775,0.0,have average yields,2022.0_56_Client_K,2,0.7026918932440358,0.2591829875103761,,,-0.1882726699113845,,
f14d05ff-2244-4474-9d10-b61192bd4f33,Rice,2022.0,Nigeria,https://mavuno-files.s3-eu-west-1.amazonaws.com/survey-images/ce178b91-6b3a-45de-a424-79215fe7d72f/q_wet_harvest_photo/JPEG_20221129_165111_6170020428421175262.jpg,,,,https://mavuno-files.s3-eu-west-1.amazonaws.com/survey-images/dd21a2fb-7732-40bc-917b-6e05df4d8880/q_field_photo/JPEG_20221129_160918_3448544036006697374.jpg,10.5227886,5.4796649,8.08,https://mavuno-files.s3-eu-west-1.amazonaws.com/survey-images/ce178b91-6b3a-45de-a424-79215fe7d72f/q_box1_wet_weight_photo/JPEG_20221129_164820_6894188228435072928.jpg,8.46,https://mavuno-files.s3-eu-west-1.amazonaws.com/survey-images/ce178b91-6b3a-45de-a424-79215fe7d72f/q_box2_wet_weight_photo/JPEG_20221129_165008_6413187679970452450.jpg,6.875,https://mavuno-files.s3-eu-west-1.amazonaws.com/survey-images/1404d151-b28e-4edf-a3c9-9e751829cb80/q_box1_dry_weight_photo/JPEG_20221207_180404_2964013817823571115.jpg,7.18,https://mavuno-files.s3-eu-west-1.amazonaws.com/survey-images/1404d151-b28e-4edf-a3c9-9e751829cb80/q_box2_dry_weight_photo/JPEG_20221207_180450_4619776611300893217.jpg,1.71875,1.795,used box 1 and 32794,1.756875,have average yields,2022.0_85_Client_P,2,0.0158811884140368,-2.3363899628325404,,,0.9960078597068788,,
f1d91ae8-1bd2-4efa-8d48-e8ec73bac9a8,Rice,2022.0,Nigeria,https://mavuno-files.s3-eu-west-1.amazonaws.com/survey-images/28b80fcf-5fbe-4285-aa87-f270412ed6ea/q_wet_harvest_photo/JPEG_20221017_085015_616100822.jpg,,,,https://mavuno-files.s3-eu-west-1.amazonaws.com/survey-images/bf5fe6fe-1bed-4606-807f-5bcf4517c995/q_field_photo/JPEG_20221017_113435_6919148629622990054.jpg,11.86703494,9.970288575,15.3,https://mavuno-files.s3-eu-west-1.amazonaws.com/survey-images/28b80fcf-5fbe-4285-aa87-f270412ed6ea/q_box1_wet_weight_photo/JPEG_20221017_084606_280060495.jpg,14.28,https://mavuno-files.s3-eu-west-1.amazonaws.com/survey-images/28b80fcf-5fbe-4285-aa87-f270412ed6ea/q_box2_wet_weight_photo/JPEG_20221017_084903_109810965.jpg,12.07,https://mavuno-files.s3-eu-west-1.amazonaws.com/survey-images/874b695b-0cc5-4684-955f-29f75967c083/q_box1_dry_weight_photo/JPEG_20221203_083806_32822864.jpg,11.33,https://mavuno-files.s3-eu-west-1.amazonaws.com/survey-images/874b695b-0cc5-4684-955f-29f75967c083/q_box2_dry_weight_photo/JPEG_20221203_083848_890216866.jpg,3.0175,2.8325,used box 1 and 32860,2.925,have average yields,2022.0_113_Client_K,1,0.7645046095780352,0.4726888502760224,,2.865743637084961,,,
f1dea86f-1a08-4e5b-8050-d6778405c294,Rice,2022.0,Nigeria,https://mavuno-files.s3-eu-west-1.amazonaws.com/survey-images/c6121a70-32b3-4137-89eb-9764ed26a3e8/q_wet_harvest_photo/JPEG_20221129_151926_4372938112311940499.jpg,,,,https://mavuno-files.s3-eu-west-1.amazonaws.com/survey-images/faf7c78a-82a9-40fd-90bc-6b910aa88ceb/q_field_photo/JPEG_20221129_141643_95248990730993741.jpg,10.526198,5.4784317,8.19,https://mavuno-files.s3-eu-west-1.amazonaws.com/survey-images/c6121a70-32b3-4137-89eb-9764ed26a3e8/q_box1_wet_weight_photo/JPEG_20221129_151549_1222964118887529370.jpg,7.435,https://mavuno-files.s3-eu-west-1.amazonaws.com/survey-images/c6121a70-32b3-4137-89eb-9764ed26a3e8/q_box2_wet_weight_photo/JPEG_20221129_151814_6041366328874998281.jpg,6.815,https://mavuno-files.s3-eu-west-1.amazonaws.com/survey-images/12c58e9f-b100-48d2-a408-5e5bf95a1d70/q_box1_dry_weight_photo/JPEG_20221207_175554_3079375206573825720.jpg,5.855,https://mavuno-files.s3-eu-west-1.amazonaws.com/survey-images/12c58e9f-b100-48d2-a408-5e5bf95a1d70/q_box2_dry_weight_photo/JPEG_20221207_175642_4656428165081633513.jpg,1.70375,1.46375,used box 1 and 32863,1.58375,have average yields,2022.0_85_Client_P,3,0.0177799153185988,-2.337161382626992,,,,2.629072904586792,
f2307763-7944-42c7-8d18-7ca1ec1e4b35,Rice,2022.0,Nigeria,https://mavuno-files.s3-eu-west-1.amazonaws.com/survey-images/9ad4244d-d642-49e1-9082-407497db1fb0/q_wet_harvest_photo/JPEG_20221119_124759_3305399258189600242.jpg,,,,https://mavuno-files.s3-eu-west-1.amazonaws.com/survey-images/f23c8aca-5c1f-41b0-967d-02577a2ff0d3/q_field_photo/JPEG_20221105_124020_1235817698869540961.jpg,11.6349081,9.0285366,13.29,https://mavuno-files.s3-eu-west-1.amazonaws.com/survey-images/9ad4244d-d642-49e1-9082-407497db1fb0/q_box1_wet_weight_photo/JPEG_20221119_124424_4216577220042712389.jpg,11.72,https://mavuno-files.s3-eu-west-1.amazonaws.com/survey-images/9ad4244d-d642-49e1-9082-407497db1fb0/q_box2_wet_weight_photo/JPEG_20221119_124608_5682003091226592805.jpg,12.04,https://mavuno-files.s3-eu-west-1.amazonaws.com/survey-images/21fc55e7-3518-48ef-b630-a730245160f1/q_box1_dry_weight_photo/JPEG_20221125_123351_6680612103898932882.jpg,10.82,https://mavuno-files.s3-eu-west-1.amazonaws.com/survey-images/21fc55e7-3518-48ef-b630-a730245160f1/q_box2_dry_weight_photo/JPEG_20221125_123522_4378532568168030727.jpg,3.01,2.705,used box 1 and 32912,2.8575,have average yields,2022.0_56_Client_P,3,0.6352309906483474,-0.1164176328397426,,,,3.5626182556152344,
f271e271-f684-4bb2-9a04-cc67bbc54565,Rice,2022.0,Nigeria,https://mavuno-files.s3-eu-west-1.amazonaws.com/survey-images/62e17265-525c-453b-bfa2-99e3c4f9b489/q_wet_harvest_photo/JPEG_20221020_141257_2860248634878367152.jpg,,,,https://mavuno-files.s3-eu-west-1.amazonaws.com/survey-images/2c18e42c-3495-4daa-8dcd-5b918ec64795/q_field_photo/JPEG_20221020_125558_2136906039657670002.jpg,11.49910398,9.493913166,14.31,https://mavuno-files.s3-eu-west-1.amazonaws.com/survey-images/62e17265-525c-453b-bfa2-99e3c4f9b489/q_box1_wet_weight_photo/JPEG_20221020_141122_445279212848198620.jpg,14.54,https://mavuno-files.s3-eu-west-1.amazonaws.com/survey-images/62e17265-525c-453b-bfa2-99e3c4f9b489/q_box2_wet_weight_photo/JPEG_20221020_141222_7944571352685085036.jpg,11.84,https://mavuno-files.s3-eu-west-1.amazonaws.com/survey-images/7e1ea509-3ddd-48ac-87be-36ed6abf4164/q_box1_dry_weight_photo/JPEG_20221203_135203_3088345495781022667.jpg,12.01,https://mavuno-files.s3-eu-west-1.amazonaws.com/survey-images/7e1ea509-3ddd-48ac-87be-36ed6abf4164/q_box2_dry_weight_photo/JPEG_20221203_135312_8622491344678875606.jpg,2.96,3.0025,used box 1 and 32947,2.98125,have average yields,2022.0_7_Client_K,4,0.5596003998129153,0.1746954833506979,,,,,2.8628625869750977
f2c08014-5a88-40f8-8038-05a59cb232d9,Rice,2022.0,Nigeria,https://mavuno-files.s3-eu-west-1.amazonaws.com/survey-images/5b487601-00e8-4211-be12-89e2b0c1a981/q_wet_harvest_photo/JPEG_20221110_115453_9197966151484852978.jpg,,,,https://mavuno-files.s3-eu-west-1.amazonaws.com/survey-images/9ee5b4ee-50af-4d43-9dc5-40f5f69a42de/q_field_photo/JPEG_20221110_100047_1421522062230177565.jpg,10.0122494,11.2113701,2.448,https://mavuno-files.s3-eu-west-1.amazonaws.com/survey-images/5b487601-00e8-4211-be12-89e2b0c1a981/q_box1_wet_weight_photo/JPEG_20221110_114629_4840044310132972556.jpg,2.125,https://mavuno-files.s3-eu-west-1.amazonaws.com/survey-images/5b487601-00e8-4211-be12-89e2b0c1a981/q_box2_wet_weight_photo/JPEG_20221110_115116_8098731925148279105.jpg,2.06,https://mavuno-files.s3-eu-west-1.amazonaws.com/survey-images/dd12739a-eaf7-40d5-9ffc-f24afb560e18/q_box1_dry_weight_photo/JPEG_20221115_143600_57706409903812194.jpg,2.075,https://mavuno-files.s3-eu-west-1.amazonaws.com/survey-images/dd12739a-eaf7-40d5-9ffc-f24afb560e18/q_box2_dry_weight_photo/JPEG_20221115_143904_8060406082857159444.jpg,0.515,0.51875,used box 1 and 32992,0.516875,have average yields,2022.0_52_Client_S,2,-0.2684428905656619,1.2490388785865034,,,0.6428353786468506,,
f32205c4-4bc7-42df-a4ee-06600881ab5f,Rice,2022.0,Nigeria,https://mavuno-files.s3-eu-west-1.amazonaws.com/survey-images/b80e42c6-fd7d-441b-b224-e1afdb3a4ecc/q_wet_harvest_photo/JPEG_20221129_132322_3775677330974007560.jpg,,,,https://mavuno-files.s3-eu-west-1.amazonaws.com/survey-images/4a318884-2d3f-4777-9ea1-1e73bd15894e/q_field_photo/JPEG_20221129_120129_5304540894190495329.jpg,10.5259404,5.4764615,8.365,https://mavuno-files.s3-eu-west-1.amazonaws.com/survey-images/b80e42c6-fd7d-441b-b224-e1afdb3a4ecc/q_box1_wet_weight_photo/JPEG_20221129_130857_1131897007185529270.jpg,7.75,https://mavuno-files.s3-eu-west-1.amazonaws.com/survey-images/b80e42c6-fd7d-441b-b224-e1afdb3a4ecc/q_box2_wet_weight_photo/JPEG_20221129_132211_4017142894445424845.jpg,7.13,https://mavuno-files.s3-eu-west-1.amazonaws.com/survey-images/4097df6d-037a-4bb1-afbe-0400c64aaf20/q_box1_dry_weight_photo/JPEG_20221207_174624_684624603456073013.jpg,6.03,https://mavuno-files.s3-eu-west-1.amazonaws.com/survey-images/4097df6d-037a-4bb1-afbe-0400c64aaf20/q_box2_dry_weight_photo/JPEG_20221207_174704_8608658263551975555.jpg,1.7825,1.5075,used box 1 and 33037,1.645,have average yields,2022.0_85_Client_P,1,0.0176364554574452,-2.3383938277121583,,1.5208356380462646,,,
f329f973-c376-4be4-808f-8542a53d2313,Rice,2022.0,Nigeria,https://mavuno-files.s3-eu-west-1.amazonaws.com/survey-images/d4d13e93-cb2a-4fa0-8d90-62e317e26f77/q_wet_harvest_photo/JPEG_20220907_131328_2098949296.jpg,,,,https://mavuno-files.s3-eu-west-1.amazonaws.com/survey-images/0b292871-9d28-45a9-8739-2535f51bcd9d/q_field_photo/JPEG_20220728_103959_222572697.jpg,12.6379047,10.3061035,12.35,https://mavuno-files.s3-eu-west-1.amazonaws.com/survey-images/d4d13e93-cb2a-4fa0-8d90-62e317e26f77/q_box1_wet_weight_photo/JPEG_20220907_131130_1253888002.jpg,12.01,https://mavuno-files.s3-eu-west-1.amazonaws.com/survey-images/d4d13e93-cb2a-4fa0-8d90-62e317e26f77/q_box2_wet_weight_photo/JPEG_20220907_131255_900928041.jpg,12.24,https://mavuno-files.s3-eu-west-1.amazonaws.com/survey-images/341ae25b-3f23-4e7b-bd61-24ed4c7b8a1b/q_box1_dry_weight_photo/JPEG_20220908_113853_1576491812.jpg,11.77,https://mavuno-files.s3-eu-west-1.amazonaws.com/survey-images/341ae25b-3f23-4e7b-bd61-24ed4c7b8a1b/q_box2_dry_weight_photo/JPEG_20220908_114009_1375964240.jpg,3.06,2.9425,used box 1 and 33045,3.00125,have average yields,2022.0_105_Client_BS,3,1.193809224238969,0.6827555713408073,,,,3.2984707355499268,
f3f73353-9819-43ca-89f5-2758fe83552e,Rice,2022.0,Nigeria,https://mavuno-files.s3-eu-west-1.amazonaws.com/survey-images/d12f0676-1ed9-4416-9118-4310e05626b1/q_wet_harvest_photo/JPEG_20220720_072727_6696837756123653594.jpg,,,,https://mavuno-files.s3-eu-west-1.amazonaws.com/survey-images/b662869e-bebf-417a-8a41-96c418312826/q_field_photo/JPEG_20220718_085623_6464666782252227793.jpg,12.5930249,10.5372294,2.035,https://mavuno-files.s3-eu-west-1.amazonaws.com/survey-images/d12f0676-1ed9-4416-9118-4310e05626b1/q_box1_wet_weight_photo/JPEG_20220719_171554_7657803487147785145.jpg,2.055,https://mavuno-files.s3-eu-west-1.amazonaws.com/survey-images/d12f0676-1ed9-4416-9118-4310e05626b1/q_box2_wet_weight_photo/JPEG_20220719_171710_845425181580716103.jpg,2.0,https://mavuno-files.s3-eu-west-1.amazonaws.com/survey-images/ba48ff37-785c-4740-b9f8-57bbc040cf86/q_box1_dry_weight_photo/JPEG_20220814_105958_3986353792030706770.jpg,2.05,https://mavuno-files.s3-eu-west-1.amazonaws.com/survey-images/ba48ff37-785c-4740-b9f8-57bbc040cf86/q_box2_dry_weight_photo/JPEG_20220814_110121_1391327553118648357.jpg,0.5,0.5125,used box 1 and 33144,0.50625,have average yields,2022.0_105_Client_BW,0,1.1688152417988484,0.8273347914756686,2.5136938095092773,,,,
f3fdd3fc-c9db-46d8-bc43-3226538eea8c,Rice,2022.0,Nigeria,https://mavuno-files.s3-eu-west-1.amazonaws.com/survey-images/ba24eac1-924a-417a-b59d-4a86516c294d/q_wet_harvest_photo/JPEG_20221119_133848_5572810969502780216.jpg,,,,https://mavuno-files.s3-eu-west-1.amazonaws.com/survey-images/6d8b5e8d-76bc-4d0f-b6cf-6c6bea4e0389/q_field_photo/JPEG_20221017_121948_1100079823363665045.jpg,7.6899748,8.1930764,0.135,https://mavuno-files.s3-eu-west-1.amazonaws.com/survey-images/ba24eac1-924a-417a-b59d-4a86516c294d/q_box1_wet_weight_photo/JPEG_20221119_133532_427734322840946610.jpg,2.15,https://mavuno-files.s3-eu-west-1.amazonaws.com/survey-images/ba24eac1-924a-417a-b59d-4a86516c294d/q_box2_wet_weight_photo/JPEG_20221119_133729_6768377332185770793.jpg,0.105,https://mavuno-files.s3-eu-west-1.amazonaws.com/survey-images/3e0171b6-2431-4af4-941e-3070433d8d06/q_box1_dry_weight_photo/JPEG_20221203_160650_6714984269571954165.jpg,0.425,https://mavuno-files.s3-eu-west-1.amazonaws.com/survey-images/3e0171b6-2431-4af4-941e-3070433d8d06/q_box2_dry_weight_photo/JPEG_20221203_160907_4795805481889990957.jpg,0.02625,0.10625,used box 1 and 33152,0.06625,have average yields,2022.0_135_Client_AU,1,-1.561739442099703,-0.6390340257654854,,0.3447288274765014,,,
f41eca34-3907-479d-857f-c0f09a163df2,Rice,2022.0,Nigeria,https://mavuno-files.s3-eu-west-1.amazonaws.com/survey-images/b03c218d-a9c1-469f-ba09-02150c92a22e/q_wet_harvest_photo/JPEG_20221123_175256_6687327376783811965.jpg,,,,https://mavuno-files.s3-eu-west-1.amazonaws.com/survey-images/93866bf5-0934-4457-8603-7db247d0cce7/q_field_photo/JPEG_20221122_152432_3569426183235958493.jpg,10.5991858,8.1385039,8.225,https://mavuno-files.s3-eu-west-1.amazonaws.com/survey-images/b03c218d-a9c1-469f-ba09-02150c92a22e/q_box1_wet_weight_photo/JPEG_20221123_174935_1940997733994561089.jpg,7.36,https://mavuno-files.s3-eu-west-1.amazonaws.com/survey-images/b03c218d-a9c1-469f-ba09-02150c92a22e/q_box2_wet_weight_photo/JPEG_20221123_175157_1499662283634090797.jpg,8.225,https://mavuno-files.s3-eu-west-1.amazonaws.com/survey-images/6c63909d-f6bf-4cc1-acbf-c70b2c2be689/q_box1_dry_weight_photo/JPEG_20221123_180015_7992341648402424247.jpg,7.335,https://mavuno-files.s3-eu-west-1.amazonaws.com/survey-images/6c63909d-f6bf-4cc1-acbf-c70b2c2be689/q_box2_dry_weight_photo/JPEG_20221123_180851_8285904114837263277.jpg,2.05625,1.83375,used box 1 and 33165,1.945,have average yields,2022.0_104_Client_AD,4,0.0584275071426046,-0.6731714785166044,,,,,1.8669987916946411
f4382f78-3bfd-49d3-99af-2ee6b5134d9e,Rice,2022.0,Nigeria,https://mavuno-files.s3-eu-west-1.amazonaws.com/survey-images/0e9600ba-9bfd-4e7d-8b1c-b59c66330aed/q_wet_harvest_photo/JPEG_20221026_122358_7670108488078434549.jpg,,,,https://mavuno-files.s3-eu-west-1.amazonaws.com/survey-images/599cee3d-19bf-4259-8288-d20f315f0c23/q_field_photo/JPEG_20221026_091757_7468615942725794001.jpg,12.23093165,9.562888183,17.51,https://mavuno-files.s3-eu-west-1.amazonaws.com/survey-images/0e9600ba-9bfd-4e7d-8b1c-b59c66330aed/q_box1_wet_weight_photo/JPEG_20221026_121937_2446339286598037518.jpg,15.55,https://mavuno-files.s3-eu-west-1.amazonaws.com/survey-images/0e9600ba-9bfd-4e7d-8b1c-b59c66330aed/q_box2_wet_weight_photo/JPEG_20221026_122220_6716935400200088573.jpg,15.14,https://mavuno-files.s3-eu-west-1.amazonaws.com/survey-images/6e78d9f0-eb30-4732-a6f3-502e84057ed0/q_box1_dry_weight_photo/JPEG_20221101_115347_9197716739898141589.jpg,13.6,https://mavuno-files.s3-eu-west-1.amazonaws.com/survey-images/6e78d9f0-eb30-4732-a6f3-502e84057ed0/q_box2_dry_weight_photo/JPEG_20221101_115510_7355414666663848109.jpg,3.785,3.4,used box 1 and 33175,3.5925,have average yields,2022.0_7_Client_K,0,0.9671621076006996,0.2178423317421971,3.135481357574463,,,,
f4589c27-75e1-41c9-aec5-b09baf5cec7b,Rice,2022.0,Nigeria,https://mavuno-files.s3-eu-west-1.amazonaws.com/survey-images/c3b3d89e-e89b-4a56-a257-47e7fd0eeeed/q_wet_harvest_photo/JPEG_20221018_104821_1107715007.jpg,,,,https://mavuno-files.s3-eu-west-1.amazonaws.com/survey-images/7b270500-bc73-41e5-9fbf-5e5eddf475bf/q_field_photo/JPEG_20221018_093326_7107199826852374128.jpg,11.87402492,9.958461374,14.4,https://mavuno-files.s3-eu-west-1.amazonaws.com/survey-images/c3b3d89e-e89b-4a56-a257-47e7fd0eeeed/q_box1_wet_weight_photo/JPEG_20221018_104542_917970850.jpg,13.65,https://mavuno-files.s3-eu-west-1.amazonaws.com/survey-images/c3b3d89e-e89b-4a56-a257-47e7fd0eeeed/q_box2_wet_weight_photo/JPEG_20221018_104707_1728052869.jpg,11.46,https://mavuno-files.s3-eu-west-1.amazonaws.com/survey-images/a5d75d4c-904d-4fd0-a4a6-71bfe75b9656/q_box1_dry_weight_photo/JPEG_20221204_111948_817308511.jpg,10.82,https://mavuno-files.s3-eu-west-1.amazonaws.com/survey-images/a5d75d4c-904d-4fd0-a4a6-71bfe75b9656/q_box2_dry_weight_photo/JPEG_20221204_112033_164203023.jpg,2.865,2.705,used box 1 and 33200,2.785,have average yields,2022.0_113_Client_K,0,0.7683973951380599,0.4652904258806685,3.212187051773072,,,,
f45b4437-e96d-4d15-b4d9-aa8233f991f3,Rice,2022.0,Nigeria,https://mavuno-files.s3-eu-west-1.amazonaws.com/survey-images/9291be5b-065f-4747-bfe0-af85069a3509/q_wet_harvest_photo/JPEG_20221020_130632_7240970142670988843.jpg,,,,https://mavuno-files.s3-eu-west-1.amazonaws.com/survey-images/ab965dc4-87a7-45a9-a7bb-cedfda37a0aa/q_field_photo/JPEG_20221020_071530_2523175055723600973.jpg,12.08955661,9.627956897,16.34,https://mavuno-files.s3-eu-west-1.amazonaws.com/survey-images/9291be5b-065f-4747-bfe0-af85069a3509/q_box1_wet_weight_photo/JPEG_20221020_130345_7370267935731438677.jpg,16.01,https://mavuno-files.s3-eu-west-1.amazonaws.com/survey-images/9291be5b-065f-4747-bfe0-af85069a3509/q_box2_wet_weight_photo/JPEG_20221020_130501_5137658536795809616.jpg,13.77,https://mavuno-files.s3-eu-west-1.amazonaws.com/survey-images/03c78bc0-f0a0-4b65-8c5f-3ab7074b4b2b/q_box1_dry_weight_photo/JPEG_20221207_123444_4045065342168466614.jpg,13.34,https://mavuno-files.s3-eu-west-1.amazonaws.com/survey-images/03c78bc0-f0a0-4b65-8c5f-3ab7074b4b2b/q_box2_dry_weight_photo/JPEG_20221207_123540_1977992655491687262.jpg,3.4425,3.335,used box 1 and 33203,3.38875,have average yields,2022.0_56_Client_K,1,0.8884290190568268,0.258545619107648,,2.812431812286377,,,
f4b28d2f-34cc-4c2e-a194-4a920d26fa4e,Rice,2022.0,Nigeria,https://mavuno-files.s3-eu-west-1.amazonaws.com/survey-images/5bf50f73-1d72-4796-ba41-efc209ff5e1a/q_wet_harvest_photo/JPEG_20220907_152749_1355181980.jpg,,,,https://mavuno-files.s3-eu-west-1.amazonaws.com/survey-images/4565feed-f976-4685-9e75-d998b968e3b9/q_field_photo/JPEG_20220815_095349_6101689504419218737.jpg,12.6383762,10.3040445,13.87,https://mavuno-files.s3-eu-west-1.amazonaws.com/survey-images/5bf50f73-1d72-4796-ba41-efc209ff5e1a/q_box1_wet_weight_photo/JPEG_20220907_152458_1316518563.jpg,19.22,https://mavuno-files.s3-eu-west-1.amazonaws.com/survey-images/5bf50f73-1d72-4796-ba41-efc209ff5e1a/q_box2_wet_weight_photo/JPEG_20220907_152704_1405771939.jpg,13.46,https://mavuno-files.s3-eu-west-1.amazonaws.com/survey-images/d5f6ddc0-3222-43c6-80c7-be9bcea43626/q_box1_dry_weight_photo/JPEG_20220908_124904_1698606812.jpg,19.15,https://mavuno-files.s3-eu-west-1.amazonaws.com/survey-images/d5f6ddc0-3222-43c6-80c7-be9bcea43626/q_box2_dry_weight_photo/JPEG_20220908_125251_479864106.jpg,3.365,4.7875,used box 1 and 33253,4.07625,have average yields,2022.0_105_Client_BS,1,1.1940718070205436,0.6814675780252256,,2.7071292400360107,,,
f4b900d3-fe97-4100-bf5e-c706bee38e8f,Rice,2022.0,Nigeria,https://mavuno-files.s3-eu-west-1.amazonaws.com/survey-images/ac711d36-3283-4fef-84ce-b87a1b3b31a0/q_wet_harvest_photo/JPEG_20221208_174129_6335497558796964635.jpg,,,,https://mavuno-files.s3-eu-west-1.amazonaws.com/survey-images/90af6fa1-dabc-4f3d-a408-2d5c7fb16164/q_field_photo/JPEG_20221208_130905_4836974123754794327.jpg,9.7539282,6.7940003,6.295,https://mavuno-files.s3-eu-west-1.amazonaws.com/survey-images/ac711d36-3283-4fef-84ce-b87a1b3b31a0/q_box1_wet_weight_photo/JPEG_20221208_173942_3259407778801871726.jpg,6.61,https://mavuno-files.s3-eu-west-1.amazonaws.com/survey-images/ac711d36-3283-4fef-84ce-b87a1b3b31a0/q_box2_wet_weight_photo/JPEG_20221208_174059_6534052297984884260.jpg,5.69,https://mavuno-files.s3-eu-west-1.amazonaws.com/survey-images/9e693072-fbe8-482f-8e15-d4e548b5ebf3/q_box1_dry_weight_photo/JPEG_20221209_162422_6033342633697845387.jpg,5.75,https://mavuno-files.s3-eu-west-1.amazonaws.com/survey-images/9e693072-fbe8-482f-8e15-d4e548b5ebf3/q_box2_dry_weight_photo/JPEG_20221209_162514_2158091245462350625.jpg,1.4225,1.4375,used box 1 and 33258,1.43,have average yields,2022.0_17_Client_P,4,-0.4123043947771511,-1.5142164758817398,,,,,1.0761691331863403
f507500e-a3dc-4275-b244-5cd84ca0bb62,Rice,2022.0,Nigeria,,,,,https://mavuno-files.s3-eu-west-1.amazonaws.com/survey-images/acb63c0e-533d-4d9a-9711-e5a8f8f91504/q_field_photo/JPEG_20221116_085834_1363053974.jpg,12.6273158,10.3618251,0.0,,0.0,,0.0,,0.0,,0.0,0.0,used box 1 and 33291,0.0,have average yields,2022.0_105_Client_BN,0,1.1879121663051058,0.7176118357086984,-0.380437821149826,,,,
f598439d-5c38-4ade-8da5-b64137120894,Rice,2022.0,Nigeria,https://mavuno-files.s3-eu-west-1.amazonaws.com/survey-images/a311aeed-e212-4251-934c-abf60c444140/q_wet_harvest_photo/JPEG_20221028_181901_1394456493972050874.jpg,,,,https://mavuno-files.s3-eu-west-1.amazonaws.com/survey-images/97999a8c-eb22-43e9-9104-cdd376099f16/q_field_photo/JPEG_20221028_175945_5087979209931658579.jpg,9.7787463,11.1371588,1.655,https://mavuno-files.s3-eu-west-1.amazonaws.com/survey-images/a311aeed-e212-4251-934c-abf60c444140/q_box1_wet_weight_photo/JPEG_20221028_181134_4133482056126375499.jpg,2.795,https://mavuno-files.s3-eu-west-1.amazonaws.com/survey-images/a311aeed-e212-4251-934c-abf60c444140/q_box2_wet_weight_photo/JPEG_20221028_181506_4569344022284458771.jpg,1.235,https://mavuno-files.s3-eu-west-1.amazonaws.com/survey-images/fa1911e7-9f4a-4e48-b348-839d78e11dec/q_box1_dry_weight_photo/JPEG_20221030_150711_2083788068517969888.jpg,1.095,https://mavuno-files.s3-eu-west-1.amazonaws.com/survey-images/fa1911e7-9f4a-4e48-b348-839d78e11dec/q_box2_dry_weight_photo/JPEG_20221030_151110_4466874006893637742.jpg,0.30875,0.27375,used box 1 and 33366,0.29125,have average yields,2022.0_52_Client_S,4,-0.3984829616246609,1.20261650930987,,,,,1.146450161933899
f5ace8ae-e849-48d3-bbed-169b836fb7cf,Rice,2022.0,Nigeria,https://mavuno-files.s3-eu-west-1.amazonaws.com/survey-images/cb9bdca0-333d-43cb-abde-083ee6eca220/q_wet_harvest_photo/JPEG_20220907_161442_646261734.jpg,,,,https://mavuno-files.s3-eu-west-1.amazonaws.com/survey-images/6e2f5084-9e06-4328-a043-3a8ca2751b8b/q_field_photo/JPEG_20220815_110145_3643968954456902376.jpg,12.6385131,10.3047557,16.69,https://mavuno-files.s3-eu-west-1.amazonaws.com/survey-images/cb9bdca0-333d-43cb-abde-083ee6eca220/q_box1_wet_weight_photo/JPEG_20220907_161210_742651470.jpg,18.3,https://mavuno-files.s3-eu-west-1.amazonaws.com/survey-images/cb9bdca0-333d-43cb-abde-083ee6eca220/q_box2_wet_weight_photo/JPEG_20220907_161355_736657211.jpg,16.53,https://mavuno-files.s3-eu-west-1.amazonaws.com/survey-images/20f0eac3-7f52-4a53-96ff-9fb1bc3a2770/q_box1_dry_weight_photo/JPEG_20220908_135301_1109377336.jpg,18.12,https://mavuno-files.s3-eu-west-1.amazonaws.com/survey-images/20f0eac3-7f52-4a53-96ff-9fb1bc3a2770/q_box2_dry_weight_photo/JPEG_20220908_135506_1781167118.jpg,4.1325,4.53,used box 1 and 33382,4.33125,have average yields,2022.0_105_Client_BS,3,1.1941480479172517,0.6819124643030502,,,,0.6976514458656311,
f6286daf-9a2a-4dde-9459-d24dd9ccec52,Rice,2022.0,Nigeria,,,,,https://mavuno-files.s3-eu-west-1.amazonaws.com/survey-images/4d5ef8ad-9814-4872-abed-0e82db4ea7e0/q_field_photo/JPEG_20221027_141441_7130330212456675986.jpg,7.744145,8.57601,0.0,,0.0,,0.0,,0.0,,0.0,0.0,used box 1 and 33454,0.0,have average yields,2022.0_106_Client_AU,1,-1.5315715485801733,-0.3994925410100549,,0.5057578682899475,,,
f67b1400-a6d2-44f5-8a9a-24c53d5ce351,Rice,2022.0,Nigeria,,,,,https://mavuno-files.s3-eu-west-1.amazonaws.com/survey-images/cd6d125f-3fe6-4702-9c27-983b0bfe98e5/q_field_photo/JPEG_20221019_111048_1440927175.jpg,12.6407643,10.3110393,13.45,,11.52,,13.38,,11.37,,3.345,2.8425,used box 1 and 33497,3.09375,have average yields,2022.0_105_Client_BS,0,1.1954017623560236,0.6858431271480164,3.9158530235290527,,,,
f721f748-610f-4ced-bf71-1953373aa656,Rice,2022.0,Nigeria,https://mavuno-files.s3-eu-west-1.amazonaws.com/survey-images/8d5346aa-273c-450c-a569-55826ae3be97/q_wet_harvest_photo/JPEG_20221208_123442_7558975204948424320.jpg,,,,https://mavuno-files.s3-eu-west-1.amazonaws.com/survey-images/81541dd8-9c21-4b46-ab8c-e3188bab7c07/q_field_photo/JPEG_20221021_102447_1956875592989654962.jpg,7.9613203,8.6283559,0.38,https://mavuno-files.s3-eu-west-1.amazonaws.com/survey-images/8d5346aa-273c-450c-a569-55826ae3be97/q_box1_wet_weight_photo/JPEG_20221208_123114_6838909068046734788.jpg,0.295,https://mavuno-files.s3-eu-west-1.amazonaws.com/survey-images/8d5346aa-273c-450c-a569-55826ae3be97/q_box2_wet_weight_photo/JPEG_20221208_123252_149040378000918172.jpg,0.24,https://mavuno-files.s3-eu-west-1.amazonaws.com/survey-images/44a38b30-e4d5-442f-b83c-12930e61d819/q_box1_dry_weight_photo/JPEG_20221208_124112_321994205807129860.jpg,0.14,https://mavuno-files.s3-eu-west-1.amazonaws.com/survey-images/44a38b30-e4d5-442f-b83c-12930e61d819/q_box2_dry_weight_photo/JPEG_20221208_124250_7994127197207579206.jpg,0.06,0.035,used box 1 and 33578,0.0475,have average yields,2022.0_102_Client_AU,4,-1.4106245828043038,-0.3667479226039932,,,,,0.7366358637809753
f77a8d62-9732-4587-8c30-2c22e78c8e30,Rice,2022.0,Nigeria,https://mavuno-files.s3-eu-west-1.amazonaws.com/survey-images/f3ccd4ce-44d8-4348-a933-28dd30f22243/q_wet_harvest_photo/JPEG_20221124_080311_1101596754812216726.jpg,,,,https://mavuno-files.s3-eu-west-1.amazonaws.com/survey-images/615c3001-6c21-41e0-aa41-3b32fc1aa192/q_field_photo/JPEG_20221013_151357_8797675559797106109.jpg,8.0394359,8.1120049,2.475,https://mavuno-files.s3-eu-west-1.amazonaws.com/survey-images/f3ccd4ce-44d8-4348-a933-28dd30f22243/q_box1_wet_weight_photo/JPEG_20221124_075657_7939705722814669109.jpg,1.665,https://mavuno-files.s3-eu-west-1.amazonaws.com/survey-images/f3ccd4ce-44d8-4348-a933-28dd30f22243/q_box2_wet_weight_photo/JPEG_20221124_080005_7585561583456239383.jpg,1.575,https://mavuno-files.s3-eu-west-1.amazonaws.com/survey-images/f46b7e6b-49e5-48f0-83fc-ece8c01c5f46/q_box1_dry_weight_photo/JPEG_20221125_070050_2610443109120094637.jpg,1.005,https://mavuno-files.s3-eu-west-1.amazonaws.com/survey-images/f46b7e6b-49e5-48f0-83fc-ece8c01c5f46/q_box2_dry_weight_photo/JPEG_20221125_070137_5319168739434668919.jpg,0.39375,0.25125,used box 1 and 33624,0.3225,have average yields,2022.0_101_Client_AU,0,-1.36712127096469,-0.689747746058899,1.723246693611145,,,,
f7e20a69-d3d5-4b42-9ac2-39715880fac3,Rice,2022.0,Nigeria,https://mavuno-files.s3-eu-west-1.amazonaws.com/survey-images/1b445d31-638d-42f1-a618-1ee2d2898fee/q_wet_harvest_photo/JPEG_20221029_092731_7550616877717923944.jpg,,,,https://mavuno-files.s3-eu-west-1.amazonaws.com/survey-images/f39a050a-52ce-4e6e-8792-296df0af1f29/q_field_photo/JPEG_20221029_083655_6084066664992038336.jpg,10.1012353,12.6469246,1.29,https://mavuno-files.s3-eu-west-1.amazonaws.com/survey-images/1b445d31-638d-42f1-a618-1ee2d2898fee/q_box1_wet_weight_photo/JPEG_20221029_091737_4007661832615802828.jpg,0.665,https://mavuno-files.s3-eu-west-1.amazonaws.com/survey-images/1b445d31-638d-42f1-a618-1ee2d2898fee/q_box2_wet_weight_photo/JPEG_20221029_092415_6952235059874498824.jpg,0.82,https://mavuno-files.s3-eu-west-1.amazonaws.com/survey-images/4d488afc-580f-4dc2-a071-1e754c602ffb/q_box1_dry_weight_photo/JPEG_20221029_093338_5178805397590941649.jpg,0.54,https://mavuno-files.s3-eu-west-1.amazonaws.com/survey-images/4d488afc-580f-4dc2-a071-1e754c602ffb/q_box2_dry_weight_photo/JPEG_20221029_094630_1672172600068802126.jpg,0.205,0.135,used box 1 and 33680,0.17,have average yields,2022.0_28_Client_S,1,-0.2188858064873388,2.147040141409458,,1.8918371200561523,,,
f868b168-08f7-4618-8781-501507feb39c,Rice,2022.0,Nigeria,https://mavuno-files.s3-eu-west-1.amazonaws.com/survey-images/312664b8-83a2-4c58-a588-fb2b513314d2/q_wet_harvest_photo/JPEG_20221120_113301_7255697281213491787.jpg,,,,https://mavuno-files.s3-eu-west-1.amazonaws.com/survey-images/59759799-0ae7-454b-b98b-1a6848258133/q_field_photo/JPEG_20221113_092233_1100701741991566135.jpg,9.8337618,6.7070753,7.12,https://mavuno-files.s3-eu-west-1.amazonaws.com/survey-images/312664b8-83a2-4c58-a588-fb2b513314d2/q_box1_wet_weight_photo/JPEG_20221120_112850_3651539851128088596.jpg,6.96,https://mavuno-files.s3-eu-west-1.amazonaws.com/survey-images/312664b8-83a2-4c58-a588-fb2b513314d2/q_box2_wet_weight_photo/JPEG_20221120_113106_7229672836408917501.jpg,5.78,https://mavuno-files.s3-eu-west-1.amazonaws.com/survey-images/f32b93f6-7f56-493c-9ffd-65c02c9e2269/q_box1_dry_weight_photo/JPEG_20221120_113817_4963347123715807250.jpg,5.375,https://mavuno-files.s3-eu-west-1.amazonaws.com/survey-images/f32b93f6-7f56-493c-9ffd-65c02c9e2269/q_box2_dry_weight_photo/JPEG_20221120_113924_6725954156257009758.jpg,1.445,1.34375,used box 1 and 33756,1.394375,have average yields,2022.0_17_Client_P,2,-0.3678443125902527,-1.568591812917628,,,1.834206223487854,,
f87b11a2-2c54-4444-bed3-a0ae4066ec98,Rice,2022.0,Nigeria,https://mavuno-files.s3-eu-west-1.amazonaws.com/survey-images/f93e7f2c-90c4-4101-b66d-2ba70bdc6305/q_wet_harvest_photo/JPEG_20220906_150537_1508021261.jpg,,,,https://mavuno-files.s3-eu-west-1.amazonaws.com/survey-images/a635b0e1-2a2a-4f8f-93a1-6b5e23a1268f/q_field_photo/JPEG_20220719_144701_1070293094.jpg,12.6382661,10.3038229,19.4,https://mavuno-files.s3-eu-west-1.amazonaws.com/survey-images/f93e7f2c-90c4-4101-b66d-2ba70bdc6305/q_box1_wet_weight_photo/JPEG_20220906_140616_1815189783.jpg,16.87,https://mavuno-files.s3-eu-west-1.amazonaws.com/survey-images/f93e7f2c-90c4-4101-b66d-2ba70bdc6305/q_box2_wet_weight_photo/JPEG_20220906_150237_1820410546.jpg,17.85,https://mavuno-files.s3-eu-west-1.amazonaws.com/survey-images/3fa740e6-5173-4128-8cfe-ad2faf31e3e3/q_box1_dry_weight_photo/JPEG_20220907_092707_453821109.jpg,16.36,https://mavuno-files.s3-eu-west-1.amazonaws.com/survey-images/3fa740e6-5173-4128-8cfe-ad2faf31e3e3/q_box2_dry_weight_photo/JPEG_20220907_092833_419095824.jpg,4.4625,4.09,used box 1 and 33768,4.27625,have average yields,2022.0_105_Client_BS,0,1.194010491295726,0.6813289576664434,3.376220226287842,,,,
f8a0e612-2169-42c9-80f3-2d8fea2388c6,Rice,2022.0,Nigeria,https://mavuno-files.s3-eu-west-1.amazonaws.com/survey-images/ce835ad9-f0df-48e0-8207-aa367e3b7feb/q_wet_harvest_photo/JPEG_20220719_170746_3990047350577241282.jpg,,,,https://mavuno-files.s3-eu-west-1.amazonaws.com/survey-images/391e6847-05d6-45e5-b405-da8a9befc319/q_field_photo/JPEG_20220716_142320_8582481120092188716.jpg,12.5931787,10.5380904,2.015,https://mavuno-files.s3-eu-west-1.amazonaws.com/survey-images/ce835ad9-f0df-48e0-8207-aa367e3b7feb/q_box1_wet_weight_photo/JPEG_20220719_170512_3656807107954745187.jpg,1.935,https://mavuno-files.s3-eu-west-1.amazonaws.com/survey-images/ce835ad9-f0df-48e0-8207-aa367e3b7feb/q_box2_wet_weight_photo/JPEG_20220719_170654_149718285390265107.jpg,2.005,https://mavuno-files.s3-eu-west-1.amazonaws.com/survey-images/145a353a-5709-4064-8857-fd0c64bc4061/q_box1_dry_weight_photo/JPEG_20220814_104358_2526396556106572549.jpg,1.91,https://mavuno-files.s3-eu-west-1.amazonaws.com/survey-images/145a353a-5709-4064-8857-fd0c64bc4061/q_box2_dry_weight_photo/JPEG_20220814_104533_6849678778363962604.jpg,0.50125,0.4775,used box 1 and 33786,0.489375,have average yields,2022.0_105_Client_BW,3,1.168900894464397,0.8278733841151614,,,,1.719241976737976,
f8ae0fe2-7a99-4d37-bfbd-dd07bead8f56,Rice,2022.0,Nigeria,https://mavuno-files.s3-eu-west-1.amazonaws.com/survey-images/4e699cd7-5690-4d73-b0e2-70b1d9926462/q_wet_harvest_photo/JPEG_20221019_174906_5682119197335646563.jpg,,,,https://mavuno-files.s3-eu-west-1.amazonaws.com/survey-images/064405c3-9017-4821-87fe-5fd2bafc3623/q_field_photo/JPEG_20221019_162339_8605578717210283397.jpg,11.50742496,8.943227157,16.63,https://mavuno-files.s3-eu-west-1.amazonaws.com/survey-images/4e699cd7-5690-4d73-b0e2-70b1d9926462/q_box1_wet_weight_photo/JPEG_20221019_174608_1562064368529459715.jpg,14.84,https://mavuno-files.s3-eu-west-1.amazonaws.com/survey-images/4e699cd7-5690-4d73-b0e2-70b1d9926462/q_box2_wet_weight_photo/JPEG_20221019_174757_7952124029356303925.jpg,13.32,https://mavuno-files.s3-eu-west-1.amazonaws.com/survey-images/2f98ef48-15bd-477f-9230-9b91374e39e0/q_box1_dry_weight_photo/JPEG_20221110_112711_57270020846349877.jpg,11.86,https://mavuno-files.s3-eu-west-1.amazonaws.com/survey-images/2f98ef48-15bd-477f-9230-9b91374e39e0/q_box2_dry_weight_photo/JPEG_20221110_112808_1003025038983737870.jpg,3.33,2.965,used box 1 and 33793,3.1475,have average yields,2022.0_201_Client_K,1,0.5642344317828574,-0.1697823692845956,,3.4105165004730225,,,
f8b325a2-4c26-4c55-bfd7-e85d53a455b5,Rice,2022.0,Nigeria,https://mavuno-files.s3-eu-west-1.amazonaws.com/survey-images/e5d06913-d35d-41cf-9fa5-9788877b4aac/q_wet_harvest_photo/JPEG_20221017_082111_178732348189124176.jpg,,,,https://mavuno-files.s3-eu-west-1.amazonaws.com/survey-images/2ebc49c0-f93c-4dea-83af-52476a95f287/q_field_photo/JPEG_20221017_071246_5463935610798027595.jpg,11.70081859,8.548042215,15.53,https://mavuno-files.s3-eu-west-1.amazonaws.com/survey-images/e5d06913-d35d-41cf-9fa5-9788877b4aac/q_box1_wet_weight_photo/JPEG_20221017_080454_2700198612985566864.jpg,14.08,https://mavuno-files.s3-eu-west-1.amazonaws.com/survey-images/e5d06913-d35d-41cf-9fa5-9788877b4aac/q_box2_wet_weight_photo/JPEG_20221017_082051_391676825817577316.jpg,12.42,https://mavuno-files.s3-eu-west-1.amazonaws.com/survey-images/3a77f18f-73d2-4d02-9c12-8909bf1e936a/q_box1_dry_weight_photo/JPEG_20221122_101044_44809580737159676.jpg,11.59,https://mavuno-files.s3-eu-west-1.amazonaws.com/survey-images/3a77f18f-73d2-4d02-9c12-8909bf1e936a/q_box2_dry_weight_photo/JPEG_20221122_101154_6548026225418589415.jpg,3.105,2.8975,used box 1 and 33797,3.00125,have average yields,2022.0_74_Client_K,1,0.671937162014524,-0.41698759692633,,2.168205976486206,,,
f8d7ef5c-d052-4b79-91e7-b9e89fd89721,Rice,2022.0,Nigeria,https://mavuno-files.s3-eu-west-1.amazonaws.com/survey-images/d5c41d72-411b-46ba-8d43-0e12b2dcdbdc/q_wet_harvest_photo/JPEG_20221024_111608_4829763645369981253.jpg,,,,https://mavuno-files.s3-eu-west-1.amazonaws.com/survey-images/9d62a974-ceac-41a2-8533-58576a975100/q_field_photo/JPEG_20221019_112748_4974913059675164923.jpg,12.28462735,10.36021672,16.68,https://mavuno-files.s3-eu-west-1.amazonaws.com/survey-images/d5c41d72-411b-46ba-8d43-0e12b2dcdbdc/q_box1_wet_weight_photo/JPEG_20221024_110620_2395047675677951000.jpg,19.88,https://mavuno-files.s3-eu-west-1.amazonaws.com/survey-images/d5c41d72-411b-46ba-8d43-0e12b2dcdbdc/q_box2_wet_weight_photo/JPEG_20221024_111050_6712191103902242244.jpg,14.31,https://mavuno-files.s3-eu-west-1.amazonaws.com/survey-images/29ad4de0-807d-4f8f-94a1-883564c43b24/q_box1_dry_weight_photo/JPEG_20221130_112227_1444275785371089443.jpg,16.06,https://mavuno-files.s3-eu-west-1.amazonaws.com/survey-images/29ad4de0-807d-4f8f-94a1-883564c43b24/q_box2_dry_weight_photo/JPEG_20221130_112321_7535940164447733136.jpg,3.5775,4.015,used box 1 and 33820,3.79625,have average yields,2022.0_13_Client_K,3,0.9970657476104576,0.7166057246407455,,,,2.464167356491089,
f94d2da3-7c7d-4cb4-a970-24dace25372a,Rice,2022.0,Nigeria,https://mavuno-files.s3-eu-west-1.amazonaws.com/survey-images/9745c0fe-dbfa-4ee7-b2e0-7c2945560d00/q_wet_harvest_photo/JPEG_20221206_092026_1046277171804277137.jpg,,,,https://mavuno-files.s3-eu-west-1.amazonaws.com/survey-images/1c7a898c-e94c-4d11-814a-303e48e924b3/q_field_photo/JPEG_20221104_111334_2986992296387948264.jpg,7.7982296,8.5575591,0.14,https://mavuno-files.s3-eu-west-1.amazonaws.com/survey-images/9745c0fe-dbfa-4ee7-b2e0-7c2945560d00/q_box1_wet_weight_photo/JPEG_20221206_085141_458772860130013097.jpg,7.565,https://mavuno-files.s3-eu-west-1.amazonaws.com/survey-images/9745c0fe-dbfa-4ee7-b2e0-7c2945560d00/q_box2_wet_weight_photo/JPEG_20221206_091826_897574854578012194.jpg,0.11,https://mavuno-files.s3-eu-west-1.amazonaws.com/survey-images/230db198-8ce8-4f2f-bbd3-5b46c95a851e/q_box1_dry_weight_photo/JPEG_20221206_094534_6474232289308528288.jpg,5.905,https://mavuno-files.s3-eu-west-1.amazonaws.com/survey-images/230db198-8ce8-4f2f-bbd3-5b46c95a851e/q_box2_dry_weight_photo/JPEG_20221206_094703_5134946551742233458.jpg,0.0275,1.47625,used box 1 and 33892,0.751875,have average yields,2022.0_106_Client_AU,1,-1.5014513265051876,-0.4110343748451476,,1.4422025680541992,,,
f973d59b-28f4-48c4-b3f7-c008e3db1e83,Rice,2022.0,Nigeria,,,,,https://mavuno-files.s3-eu-west-1.amazonaws.com/survey-images/1bee7337-4e9a-4571-8498-b1026312d0ee/q_field_photo/JPEG_20221014_082240_2379650644070505731.jpg,7.9700597,7.8196497,0.0,,0.0,,0.0,,0.0,,0.0,0.0,used box 1 and 33911,0.0,have average yields,2022.0_135_Client_AU,4,-1.40575752880368,-0.87262853448794,,,,,-0.0767531618475914
f97b0aec-7d2d-41b3-a989-f8e99e655bd5,Rice,2022.0,Nigeria,https://mavuno-files.s3-eu-west-1.amazonaws.com/survey-images/2d38fb75-1de7-48e4-afd8-cd7bdb701138/q_wet_harvest_photo/JPEG_20221119_104904_4168604510811673531.jpg,,,,https://mavuno-files.s3-eu-west-1.amazonaws.com/survey-images/e2475c12-d54e-490b-a52f-50db8c270e00/q_field_photo/JPEG_20221015_155501_1389776225684689683.jpg,7.7428983,8.13295,0.0,,0.0,,0.0,,0.0,,0.0,0.0,used box 1 and 33918,0.0,have average yields,2022.0_135_Client_AU,0,-1.532265847527764,-0.6766456825357434,0.0209422539919614,,,,
f98133ec-0210-4c2a-b294-1a63dd4168e2,Rice,2022.0,Nigeria,https://mavuno-files.s3-eu-west-1.amazonaws.com/survey-images/fb0c158b-f5cb-4536-81eb-7d952c10beea/q_wet_harvest_photo/JPEG_20221120_181107_8235675475020848497.jpg,,,,https://mavuno-files.s3-eu-west-1.amazonaws.com/survey-images/71e017d1-ba2e-49f3-8ae4-2ddb2137a483/q_field_photo/JPEG_20221103_173239_7350503302409531133.jpg,8.5796673,8.5564684,8.19,https://mavuno-files.s3-eu-west-1.amazonaws.com/survey-images/fb0c158b-f5cb-4536-81eb-7d952c10beea/q_box1_wet_weight_photo/JPEG_20221120_180616_2575431536630443271.jpg,6.15,https://mavuno-files.s3-eu-west-1.amazonaws.com/survey-images/fb0c158b-f5cb-4536-81eb-7d952c10beea/q_box2_wet_weight_photo/JPEG_20221120_180920_4913648042224997985.jpg,4.18,https://mavuno-files.s3-eu-west-1.amazonaws.com/survey-images/0bec3071-912b-46d3-9087-17509edac8ad/q_box1_dry_weight_photo/JPEG_20221120_181446_2459836622209573436.jpg,2.325,https://mavuno-files.s3-eu-west-1.amazonaws.com/survey-images/0bec3071-912b-46d3-9087-17509edac8ad/q_box2_dry_weight_photo/JPEG_20221120_181646_6703891293220890840.jpg,1.045,0.58125,used box 1 and 33923,0.813125,have average yields,2022.0_169_Client_AU,3,-1.0662613267313912,-0.4117166547428189,,,,1.1955944299697876,
f9da8bd1-9907-4468-8388-c5b49b0f08d3,Rice,2022.0,Nigeria,https://mavuno-files.s3-eu-west-1.amazonaws.com/survey-images/57157bdb-6bf3-40e7-896a-b4207391f77e/q_wet_harvest_photo/JPEG_20220907_125936_520635617.jpg,,,,https://mavuno-files.s3-eu-west-1.amazonaws.com/survey-images/02c779e8-3bc5-4587-9cdc-3fbdc88f4ba2/q_field_photo/JPEG_20220728_094208_1965416717.jpg,12.6384246,10.3053267,11.74,https://mavuno-files.s3-eu-west-1.amazonaws.com/survey-images/57157bdb-6bf3-40e7-896a-b4207391f77e/q_box1_wet_weight_photo/JPEG_20220907_125631_101031442.jpg,17.24,https://mavuno-files.s3-eu-west-1.amazonaws.com/survey-images/57157bdb-6bf3-40e7-896a-b4207391f77e/q_box2_wet_weight_photo/JPEG_20220907_125852_361107098.jpg,11.58,https://mavuno-files.s3-eu-west-1.amazonaws.com/survey-images/0fb0fc59-913f-4da2-b820-34599a89be40/q_box1_dry_weight_photo/JPEG_20220908_111826_1068827471.jpg,17.04,https://mavuno-files.s3-eu-west-1.amazonaws.com/survey-images/0fb0fc59-913f-4da2-b820-34599a89be40/q_box2_dry_weight_photo/JPEG_20220908_112019_1362392400.jpg,2.895,4.26,used box 1 and 33964,3.5775,have average yields,2022.0_105_Client_BS,1,1.19409876143545,0.6822696494333065,,2.966564416885376,,,
fa10a989-e25f-441f-8552-7cc9fd9d4add,Rice,2022.0,Nigeria,https://mavuno-files.s3-eu-west-1.amazonaws.com/survey-images/92db2ca8-b439-439b-936a-6cc8eef2e33d/q_wet_harvest_photo/JPEG_20221029_100107_4068412396139230900.jpg,,,,https://mavuno-files.s3-eu-west-1.amazonaws.com/survey-images/12832f82-0ea3-47a6-a87e-c419e2459c64/q_field_photo/JPEG_20221029_093612_1756211867396564481.jpg,9.7787312,11.137316,2.36,https://mavuno-files.s3-eu-west-1.amazonaws.com/survey-images/92db2ca8-b439-439b-936a-6cc8eef2e33d/q_box1_wet_weight_photo/JPEG_20221029_095255_1718187535015515420.jpg,2.635,https://mavuno-files.s3-eu-west-1.amazonaws.com/survey-images/92db2ca8-b439-439b-936a-6cc8eef2e33d/q_box2_wet_weight_photo/JPEG_20221029_095929_7554651067127251101.jpg,1.735,https://mavuno-files.s3-eu-west-1.amazonaws.com/survey-images/bc51601b-c7bd-4c69-a579-e22f42952f01/q_box1_dry_weight_photo/JPEG_20221030_155726_8060492989955801234.jpg,1.67,https://mavuno-files.s3-eu-west-1.amazonaws.com/survey-images/bc51601b-c7bd-4c69-a579-e22f42952f01/q_box2_dry_weight_photo/JPEG_20221030_155922_6850858810121096837.jpg,0.43375,0.4175,used box 1 and 33993,0.425625,have average yields,2022.0_52_Client_S,0,-0.3984913709565844,1.2027148446907392,2.706017017364502,,,,
fa8f78c9-3688-456b-ba39-cc3c5c8b2da6,Rice,2022.0,Nigeria,https://mavuno-files.s3-eu-west-1.amazonaws.com/survey-images/482abeef-e2b4-4d9e-ba4e-6add1469bb4d/q_wet_harvest_photo/JPEG_20220830_123237_4581611336528947517.jpg,,,,https://mavuno-files.s3-eu-west-1.amazonaws.com/survey-images/ddbeea26-5fc7-4da7-9349-463ff676f74c/q_field_photo/JPEG_20220829_131212_6322785873853706859.jpg,6.4485894,8.5143197,1.31,https://mavuno-files.s3-eu-west-1.amazonaws.com/survey-images/482abeef-e2b4-4d9e-ba4e-6add1469bb4d/q_box1_wet_weight_photo/JPEG_20220830_122948_3233871396732771377.jpg,1.355,https://mavuno-files.s3-eu-west-1.amazonaws.com/survey-images/482abeef-e2b4-4d9e-ba4e-6add1469bb4d/q_box2_wet_weight_photo/JPEG_20220830_123145_454553623638931581.jpg,1.14,https://mavuno-files.s3-eu-west-1.amazonaws.com/survey-images/eff77172-4174-4ab6-a61c-33d39abe71ec/q_box1_dry_weight_photo/JPEG_20220921_162038_8767819886581778670.jpg,1.335,https://mavuno-files.s3-eu-west-1.amazonaws.com/survey-images/eff77172-4174-4ab6-a61c-33d39abe71ec/q_box2_dry_weight_photo/JPEG_20220921_162223_2869832132824512066.jpg,0.285,0.33375,used box 1 and 34054,0.309375,have average yields,2022.0_98_Client_AY,4,-2.253078638999461,-0.4380824846896067,,,,,0.8264253735542297
fba5fb66-f1ab-47a7-aeb8-f7b45f2953ad,Rice,2022.0,Nigeria,https://mavuno-files.s3-eu-west-1.amazonaws.com/survey-images/f9240bf7-6bdf-40ca-9f25-edfc50eb7546/q_wet_harvest_photo/JPEG_20221020_102940_4198455875343866341.jpg,,,,https://mavuno-files.s3-eu-west-1.amazonaws.com/survey-images/e75dd4ff-cffc-45e3-9682-4df3f7a2d56b/q_field_photo/JPEG_20221020_092953_7593484656039579540.jpg,10.89590117,10.27200423,15.66,https://mavuno-files.s3-eu-west-1.amazonaws.com/survey-images/f9240bf7-6bdf-40ca-9f25-edfc50eb7546/q_box1_wet_weight_photo/JPEG_20221020_102619_3819994997731731934.jpg,14.78,https://mavuno-files.s3-eu-west-1.amazonaws.com/survey-images/f9240bf7-6bdf-40ca-9f25-edfc50eb7546/q_box2_wet_weight_photo/JPEG_20221020_102834_7466495489805383122.jpg,12.34,https://mavuno-files.s3-eu-west-1.amazonaws.com/survey-images/7b6ad4d5-3187-49d7-8996-3570080c88ce/q_box1_dry_weight_photo/JPEG_20221106_133017_2996546909432398150.jpg,11.43,https://mavuno-files.s3-eu-west-1.amazonaws.com/survey-images/7b6ad4d5-3187-49d7-8996-3570080c88ce/q_box2_dry_weight_photo/JPEG_20221106_133144_145809776133518393.jpg,3.085,2.8575,used box 1 and 34211,2.97125,have average yields,2022.0_179_Client_K,0,0.2236710854895177,0.6614250070735912,3.1235921382904053,,,,
fba9fdca-3387-4072-92f0-53d09bc6c583,Rice,2022.0,Nigeria,https://mavuno-files.s3-eu-west-1.amazonaws.com/survey-images/d9f6e9b4-c62b-4325-8748-7a7ce4474b42/q_wet_harvest_photo/JPEG_20221027_182255_4636012538489734234.jpg,,,,https://mavuno-files.s3-eu-west-1.amazonaws.com/survey-images/bfc6ec1a-f8b2-4b10-bdfa-282a4b70d5b4/q_field_photo/JPEG_20221027_180043_1700951888088980522.jpg,11.51605121,9.431428425,13.89,https://mavuno-files.s3-eu-west-1.amazonaws.com/survey-images/d9f6e9b4-c62b-4325-8748-7a7ce4474b42/q_box1_wet_weight_photo/JPEG_20221027_181913_3445130236576146590.jpg,15.05,https://mavuno-files.s3-eu-west-1.amazonaws.com/survey-images/d9f6e9b4-c62b-4325-8748-7a7ce4474b42/q_box2_wet_weight_photo/JPEG_20221027_182157_2853800465008933748.jpg,11.13,https://mavuno-files.s3-eu-west-1.amazonaws.com/survey-images/70b3f4d1-b9c0-4620-b6ec-d8ccbd5a69b8/q_box1_dry_weight_photo/JPEG_20221102_170645_3983241034266301559.jpg,13.3,https://mavuno-files.s3-eu-west-1.amazonaws.com/survey-images/70b3f4d1-b9c0-4620-b6ec-d8ccbd5a69b8/q_box2_dry_weight_photo/JPEG_20221102_170743_7960355456086894519.jpg,2.7825,3.325,used box 1 and 34213,3.05375,have average yields,2022.0_7_Client_K,2,0.5690384714849974,0.1356085825571957,,,2.664750576019287,,
fbc62c2b-d858-41f2-828d-d5c0b5b73d9b,Rice,2022.0,Nigeria,,,,,https://mavuno-files.s3-eu-west-1.amazonaws.com/survey-images/3e80662b-fe12-4e93-8ccf-c4ed29b32030/q_field_photo/JPEG_20220719_094036_4953283363683765178.jpg,12.5910565,10.5390129,0.0,,0.0,,0.0,,0.0,,0.0,0.0,used box 1 and 34223,0.0,have average yields,2022.0_105_Client_BW,0,1.167719021338082,0.8284504476574749,-0.0176981482654809,,,,
fc67f5a4-ae96-4325-b75c-bfa445d23636,Rice,2022.0,Nigeria,https://mavuno-files.s3-eu-west-1.amazonaws.com/survey-images/95b1dca9-40b9-4488-9e08-de500f7a0727/q_wet_harvest_photo/JPEG_20221120_130108_6439983361684078223.jpg,,,,https://mavuno-files.s3-eu-west-1.amazonaws.com/survey-images/f2ed34c1-396f-48dd-9ca0-ab4373237169/q_field_photo/JPEG_20221104_080807_2359766404459651328.jpg,9.8681081,6.7241973,9.86,https://mavuno-files.s3-eu-west-1.amazonaws.com/survey-images/95b1dca9-40b9-4488-9e08-de500f7a0727/q_box1_wet_weight_photo/JPEG_20221120_125839_6580405383455078968.jpg,9.38,https://mavuno-files.s3-eu-west-1.amazonaws.com/survey-images/95b1dca9-40b9-4488-9e08-de500f7a0727/q_box2_wet_weight_photo/JPEG_20221120_130016_3774499758973841285.jpg,8.21,https://mavuno-files.s3-eu-west-1.amazonaws.com/survey-images/27672fd2-5197-4c44-ac11-5aff8d562153/q_box1_dry_weight_photo/JPEG_20221120_130639_7559669695622505159.jpg,8.02,https://mavuno-files.s3-eu-west-1.amazonaws.com/survey-images/27672fd2-5197-4c44-ac11-5aff8d562153/q_box2_dry_weight_photo/JPEG_20221120_130811_3533174540547922329.jpg,2.0525,2.005,used box 1 and 34293,2.02875,have average yields,2022.0_17_Client_P,1,-0.3487165353032967,-1.557881263355034,,1.082418441772461,,,
fc7028a6-91bd-4ffd-8f7d-52e1b91f16fc,Rice,2022.0,Nigeria,https://mavuno-files.s3-eu-west-1.amazonaws.com/survey-images/d624a85e-8641-4ea8-b54a-e68bd244f3be/q_wet_harvest_photo/JPEG_20221029_114928_8339134147678949276.jpg,,,,https://mavuno-files.s3-eu-west-1.amazonaws.com/survey-images/d6a9870f-9d2d-43da-9456-416e0a7d8eda/q_field_photo/JPEG_20221029_105423_3643945797278960942.jpg,9.7795472,11.1368265,5.155,https://mavuno-files.s3-eu-west-1.amazonaws.com/survey-images/d624a85e-8641-4ea8-b54a-e68bd244f3be/q_box1_wet_weight_photo/JPEG_20221029_114314_7116184660713631610.jpg,5.96,https://mavuno-files.s3-eu-west-1.amazonaws.com/survey-images/d624a85e-8641-4ea8-b54a-e68bd244f3be/q_box2_wet_weight_photo/JPEG_20221029_114706_8167521100423719404.jpg,4.59,https://mavuno-files.s3-eu-west-1.amazonaws.com/survey-images/d03fe4ab-900c-409d-a8f0-8e7c303ab2a8/q_box1_dry_weight_photo/JPEG_20221030_161822_2942878329949965337.jpg,4.225,https://mavuno-files.s3-eu-west-1.amazonaws.com/survey-images/d03fe4ab-900c-409d-a8f0-8e7c303ab2a8/q_box2_dry_weight_photo/JPEG_20221030_162148_3510638790664393183.jpg,1.1475,1.05625,used box 1 and 34297,1.101875,have average yields,2022.0_52_Client_S,0,-0.3980369328870933,1.2024086413260098,0.9859684109687804,,,,
fc930999-5cf5-4307-92d3-0e52520b2409,Rice,2022.0,Nigeria,https://mavuno-files.s3-eu-west-1.amazonaws.com/survey-images/db5c5151-3aa7-4d20-83cc-7e61c0a72966/q_wet_harvest_photo/JPEG_20221129_123231_6433081739935203645.jpg,,,,https://mavuno-files.s3-eu-west-1.amazonaws.com/survey-images/243e36fd-0d08-41de-aed0-42f21b7e43eb/q_field_photo/JPEG_20221129_110533_1096682471858881709.jpg,10.5239862,5.4752183,7.79,https://mavuno-files.s3-eu-west-1.amazonaws.com/survey-images/db5c5151-3aa7-4d20-83cc-7e61c0a72966/q_box1_wet_weight_photo/JPEG_20221129_122515_1732976913546814167.jpg,8.6,https://mavuno-files.s3-eu-west-1.amazonaws.com/survey-images/db5c5151-3aa7-4d20-83cc-7e61c0a72966/q_box2_wet_weight_photo/JPEG_20221129_123023_5545302069173802776.jpg,6.01,https://mavuno-files.s3-eu-west-1.amazonaws.com/survey-images/bc658ce6-e8bc-495f-865a-f4e38aee66ab/q_box1_dry_weight_photo/JPEG_20221207_173833_7560879854696122464.jpg,7.14,https://mavuno-files.s3-eu-west-1.amazonaws.com/survey-images/bc658ce6-e8bc-495f-865a-f4e38aee66ab/q_box2_dry_weight_photo/JPEG_20221207_173914_2215950982610786457.jpg,1.5025,1.785,used box 1 and 34318,1.64375,have average yields,2022.0_85_Client_P,0,0.0165481431101422,-2.3391715029379623,1.3260955810546875,,,,
fca4963e-19f2-4675-a191-0d6fc1d70e0e,Rice,2022.0,Nigeria,https://mavuno-files.s3-eu-west-1.amazonaws.com/survey-images/ec22c260-91b3-4b77-9064-a7be63269bec/q_wet_harvest_photo/JPEG_20221201_092013_7256858436888906036.jpg,,,,https://mavuno-files.s3-eu-west-1.amazonaws.com/survey-images/2d1b1794-7708-48ff-8397-9596048b492b/q_field_photo/JPEG_20221014_135240_8765708108907865436.jpg,7.5495628,8.203454,6.885,https://mavuno-files.s3-eu-west-1.amazonaws.com/survey-images/ec22c260-91b3-4b77-9064-a7be63269bec/q_box1_wet_weight_photo/JPEG_20221201_091539_7689101395538993238.jpg,8.815,https://mavuno-files.s3-eu-west-1.amazonaws.com/survey-images/ec22c260-91b3-4b77-9064-a7be63269bec/q_box2_wet_weight_photo/JPEG_20221201_091720_2357152506470357717.jpg,6.645,https://mavuno-files.s3-eu-west-1.amazonaws.com/survey-images/aa4f8970-acfa-4a50-9afa-995f95ce147d/q_box1_dry_weight_photo/JPEG_20221201_092503_300805155287492816.jpg,8.59,https://mavuno-files.s3-eu-west-1.amazonaws.com/survey-images/aa4f8970-acfa-4a50-9afa-995f95ce147d/q_box2_dry_weight_photo/JPEG_20221201_092629_7451846159084198989.jpg,1.66125,2.1475,used box 1 and 34330,1.904375,have average yields,2022.0_135_Client_AU,3,-1.6399362046160728,-0.6325423893246038,,,,0.3554620444774627,
fcddd00f-6d91-4f92-b536-7a0f1bdf2dc2,Rice,2022.0,Nigeria,https://mavuno-files.s3-eu-west-1.amazonaws.com/survey-images/17a24fba-4621-4731-8839-f08610a2d208/q_wet_harvest_photo/JPEG_20221031_124938_8874481649173256295.jpg,,,,https://mavuno-files.s3-eu-west-1.amazonaws.com/survey-images/d740b863-cd5d-4a9c-9515-2b12ab6cad7a/q_field_photo/JPEG_20221031_122845_2240431439345716017.jpg,9.2270117,12.5074583,0.0,,0.0,,0.0,,0.0,,0.0,0.0,used box 1 and 34366,0.0,have average yields,2022.0_28_Client_S,0,-0.7057491460552244,2.059797954838871,0.1715433597564697,,,,
fe9b08a1-dc99-436b-8237-95c1d322e987,Rice,2022.0,Nigeria,https://mavuno-files.s3-eu-west-1.amazonaws.com/survey-images/ef462ab2-400b-407a-84b7-6dceabe77f58/q_wet_harvest_photo/JPEG_20221021_175100_2881721566159279834.jpg,,,,https://mavuno-files.s3-eu-west-1.amazonaws.com/survey-images/dfdd859c-88db-4664-ad46-677e75f5756d/q_field_photo/JPEG_20221021_163438_7355678719536159996.jpg,11.700116,8.108049631,13.44,https://mavuno-files.s3-eu-west-1.amazonaws.com/survey-images/ef462ab2-400b-407a-84b7-6dceabe77f58/q_box1_wet_weight_photo/JPEG_20221021_174914_6292511650264915926.jpg,14.18,https://mavuno-files.s3-eu-west-1.amazonaws.com/survey-images/ef462ab2-400b-407a-84b7-6dceabe77f58/q_box2_wet_weight_photo/JPEG_20221021_175007_4470635603357226809.jpg,11.18,https://mavuno-files.s3-eu-west-1.amazonaws.com/survey-images/a254cd56-dedc-466d-9dad-be978421110f/q_box1_dry_weight_photo/JPEG_20221127_135404_7879602291764078810.jpg,12.21,https://mavuno-files.s3-eu-west-1.amazonaws.com/survey-images/a254cd56-dedc-466d-9dad-be978421110f/q_box2_dry_weight_photo/JPEG_20221127_135551_1129264064715526935.jpg,2.795,3.0525,used box 1 and 34591,2.92375,have average yields,2022.0_74_Client_K,4,0.67154588303996,-0.6922219374301113,,,,,2.921193838119507
ff65347a-01e1-421b-a893-ffdb3e664b49,Rice,2022.0,Nigeria,https://mavuno-files.s3-eu-west-1.amazonaws.com/survey-images/f501cbf8-1644-4110-91eb-e73e47921704/q_wet_harvest_photo/JPEG_20221124_155737_8908549009013212158.jpg,,,,https://mavuno-files.s3-eu-west-1.amazonaws.com/survey-images/fd0afe52-4952-459c-b50b-87d3e2fc92a1/q_field_photo/JPEG_20221123_110104_5893139690155695597.jpg,10.5970333,8.1406258,9.72,https://mavuno-files.s3-eu-west-1.amazonaws.com/survey-images/f501cbf8-1644-4110-91eb-e73e47921704/q_box1_wet_weight_photo/JPEG_20221124_155513_865658767551833280.jpg,8.59,https://mavuno-files.s3-eu-west-1.amazonaws.com/survey-images/f501cbf8-1644-4110-91eb-e73e47921704/q_box2_wet_weight_photo/JPEG_20221124_155713_3069319791197105364.jpg,9.71,https://mavuno-files.s3-eu-west-1.amazonaws.com/survey-images/85b723f9-7779-4d37-bca4-2b7576259e7f/q_box1_dry_weight_photo/JPEG_20221124_160633_7980462466557844671.jpg,8.59,https://mavuno-files.s3-eu-west-1.amazonaws.com/survey-images/85b723f9-7779-4d37-bca4-2b7576259e7f/q_box2_dry_weight_photo/JPEG_20221124_160519_5559049800413605959.jpg,2.4275,2.1475,used box 1 and 34678,2.2875,have average yields,2022.0_104_Client_AD,2,0.057228759661502,-0.6718441385378127,,,1.9780232906341555,,
ff6e29a0-1f00-46fc-ab72-9289f6d52a28,Rice,2022.0,Nigeria,https://mavuno-files.s3-eu-west-1.amazonaws.com/survey-images/9adfa281-38f5-44ce-82dd-b27fbc0aa469/q_wet_harvest_photo/JPEG_20221031_124739_132916127668777549.jpg,,,,https://mavuno-files.s3-eu-west-1.amazonaws.com/survey-images/44dc8b83-81a1-4970-a698-8293a9f72c87/q_field_photo/JPEG_20221031_123337_6146564610203168223.jpg,7.77243,8.9047517,0.0,,0.0,,0.0,,0.0,,0.0,0.0,used box 1 and 34685,0.0,have average yields,2022.0_102_Client_AU,1,-1.5158193662326849,-0.1938504272884476,,-0.2014902681112289,,,
ff79ceb5-d01a-4810-94f8-72b84bae566e,Rice,2022.0,Nigeria,https://mavuno-files.s3-eu-west-1.amazonaws.com/survey-images/1d256325-f677-430c-abe1-679953e8f3ea/q_wet_harvest_photo/JPEG_20221017_175501_8104157362092840894.jpg,,,,https://mavuno-files.s3-eu-west-1.amazonaws.com/survey-images/8c27c138-c4a0-4708-980d-7c67e6847ca5/q_field_photo/JPEG_20221017_171249_5595367308826079402.jpg,11.71064076,8.139346316,14.55,https://mavuno-files.s3-eu-west-1.amazonaws.com/survey-images/1d256325-f677-430c-abe1-679953e8f3ea/q_box1_wet_weight_photo/JPEG_20221017_175334_4662768171053125703.jpg,13.61,https://mavuno-files.s3-eu-west-1.amazonaws.com/survey-images/1d256325-f677-430c-abe1-679953e8f3ea/q_box2_wet_weight_photo/JPEG_20221017_175429_2100528951605823242.jpg,12.12,https://mavuno-files.s3-eu-west-1.amazonaws.com/survey-images/d001aa9b-834a-406d-ade4-342c380a3153/q_box1_dry_weight_photo/JPEG_20221123_080949_2137925548745150622.jpg,11.2,https://mavuno-files.s3-eu-west-1.amazonaws.com/survey-images/d001aa9b-834a-406d-ade4-342c380a3153/q_box2_dry_weight_photo/JPEG_20221123_081033_2054439322756369551.jpg,3.03,2.8,used box 1 and 34691,2.915,have average yields,2022.0_74_Client_K,0,0.6774072208049791,-0.6726445109707386,2.4930152893066406,,,,
ffc1b4d7-5ef7-4ed7-881c-af783f9caf93,Rice,2022.0,Nigeria,https://mavuno-files.s3-eu-west-1.amazonaws.com/survey-images/9dbc767a-cf6c-4885-a7c3-33485baee878/q_wet_harvest_photo/JPEG_20221020_081856_821397831415680187.jpg,,,,https://mavuno-files.s3-eu-west-1.amazonaws.com/survey-images/e0c6380e-3cc7-4c66-8ab0-501094828f98/q_field_photo/JPEG_20221020_074457_3551826082622523608.jpg,11.77276307,9.706285447,14.25,https://mavuno-files.s3-eu-west-1.amazonaws.com/survey-images/9dbc767a-cf6c-4885-a7c3-33485baee878/q_box1_wet_weight_photo/JPEG_20221020_081412_3723599382413105970.jpg,13.7,https://mavuno-files.s3-eu-west-1.amazonaws.com/survey-images/9dbc767a-cf6c-4885-a7c3-33485baee878/q_box2_wet_weight_photo/JPEG_20221020_081719_8456841423648729602.jpg,12.6,https://mavuno-files.s3-eu-west-1.amazonaws.com/survey-images/a34de3ba-c029-4fec-85e5-45ab61376c2e/q_box1_dry_weight_photo/JPEG_20221128_074336_4468757508938841504.jpg,10.92,https://mavuno-files.s3-eu-west-1.amazonaws.com/survey-images/a34de3ba-c029-4fec-85e5-45ab61376c2e/q_box2_dry_weight_photo/JPEG_20221128_074543_2309611966089817315.jpg,3.15,2.73,used box 1 and 34733,2.94,have average yields,2022.0_113_Client_K,2,0.7120037191244836,0.3075435058580926,,,1.7497754096984863,,
ffc5dbbe-bd7a-41bb-95ed-e1d8099c4f5a,Rice,2022.0,Nigeria,https://mavuno-files.s3-eu-west-1.amazonaws.com/survey-images/65829bec-ca3b-4ee3-940d-e8cce6ae266c/q_wet_harvest_photo/JPEG_20221028_114427_8570330273116294356.jpg,,,,https://mavuno-files.s3-eu-west-1.amazonaws.com/survey-images/9591f1c0-d842-4d66-bf07-4391f812d0f1/q_field_photo/JPEG_20221028_111143_7570273184130339528.jpg,10.0819055,12.6696516,1.685,https://mavuno-files.s3-eu-west-1.amazonaws.com/survey-images/65829bec-ca3b-4ee3-940d-e8cce6ae266c/q_box1_wet_weight_photo/JPEG_20221028_113406_7830008154920966359.jpg,1.53,https://mavuno-files.s3-eu-west-1.amazonaws.com/survey-images/65829bec-ca3b-4ee3-940d-e8cce6ae266c/q_box2_wet_weight_photo/JPEG_20221028_114019_8445156070804796980.jpg,1.525,https://mavuno-files.s3-eu-west-1.amazonaws.com/survey-images/e66afd0a-cbf8-4939-8dd2-22c32b17e1c4/q_box1_dry_weight_photo/JPEG_20221028_115019_1441339594225916308.jpg,1.505,https://mavuno-files.s3-eu-west-1.amazonaws.com/survey-images/e66afd0a-cbf8-4939-8dd2-22c32b17e1c4/q_box2_dry_weight_photo/JPEG_20221028_115554_843141665679770215.jpg,0.38125,0.37625,used box 1 and 34736,0.37875,have average yields,2022.0_28_Client_S,0,-0.2296507537859246,2.161256860245404,1.2961403131484983,,,,
ffe65812-9a3e-4743-b938-bc1b4ed86cad,Rice,2022.0,Nigeria,,,,,https://mavuno-files.s3-eu-west-1.amazonaws.com/survey-images/d09d5f11-4ddd-48bf-89d5-9883f07ad1bf/q_field_photo/JPEG_20221021_100619_3336273871691442229.jpg,11.0863966,9.584553391,17.31,,17.18,,12.34,https://mavuno-files.s3-eu-west-1.amazonaws.com/survey-images/9ca923a9-fae7-4b5f-b0f0-3ec09054f92b/q_box1_dry_weight_photo/JPEG_20221206_143031_1531137599058374502.jpg,12.55,https://mavuno-files.s3-eu-west-1.amazonaws.com/survey-images/9ca923a9-fae7-4b5f-b0f0-3ec09054f92b/q_box2_dry_weight_photo/JPEG_20221206_143118_8377003932802284885.jpg,3.085,3.1375,used box 1 and 34754,3.11125,have average yields,2022.0_197_Client_K,2,0.3297597809013328,0.2313948538814276,,,3.111475706100464,,
